{
    "scene_1": {
        "avg_simulation_duration": 58.58108000000127,
        "std_simulation_duration": 2.8537163968412376,
        "avg_success_rate": 0.13,
        "std_success_rate": 0.33630343441600474,
        "avg_dead_agents": 32.89,
        "std_dead_agents": 8.250933280544691,
        "avg_coverage_percentage": 75.97657142857143,
        "std_coverage_percentage": 4.690726204601012,
        "avg_total_trajectory_length": 2246.45,
        "std_total_trajectory_length": 218.75951979285384,
        "avg_total_energy_cost": 2885.96680584467,
        "std_total_energy_cost": 335.18461016925676,
        "small_cost_avg_of_exp_avg": 51.71069896218205,
        "small_cost_std_of_exp_avg": 6.643075518357061,
        "small_cost_min": 0.0,
        "small_cost_max": 207.1863012445744,
        "small_cost_variance": 1573.3063606525109,
        "large_cost_avg_of_exp_avg": 339.0962976568363,
        "large_cost_std_of_exp_avg": 59.557281995088374,
        "large_cost_min": 35.3009569094381,
        "large_cost_max": 593.8752864377543,
        "large_cost_variance": 12691.48635438119
    },
    "scene_2": {
        "avg_simulation_duration": 47.98697000000038,
        "std_simulation_duration": 5.166192866037894,
        "avg_success_rate": 0.95,
        "std_success_rate": 0.2179449471770337,
        "avg_dead_agents": 27.83,
        "std_dead_agents": 8.789829349879325,
        "avg_coverage_percentage": 62.37242857142857,
        "std_coverage_percentage": 11.682375397082879,
        "avg_total_trajectory_length": 1655.32,
        "std_total_trajectory_length": 268.59042723075595,
        "avg_total_energy_cost": 2106.897593948807,
        "std_total_energy_cost": 364.0616236874153,
        "small_cost_avg_of_exp_avg": 47.0907717399166,
        "small_cost_std_of_exp_avg": 5.473618816719797,
        "small_cost_min": 0.0,
        "small_cost_max": 212.9862939284476,
        "small_cost_variance": 1154.8569411680385,
        "large_cost_avg_of_exp_avg": 243.94425641664787,
        "large_cost_std_of_exp_avg": 58.59934977277286,
        "large_cost_min": 7.223228251739003,
        "large_cost_max": 526.1505662872348,
        "large_cost_variance": 9369.51011892179
    },
    "scene_3": {
        "avg_simulation_duration": 54.676110000001174,
        "std_simulation_duration": 6.258597687813532,
        "avg_success_rate": 0.12,
        "std_success_rate": 0.32496153618543844,
        "avg_dead_agents": 40.07,
        "std_dead_agents": 9.316925458540494,
        "avg_coverage_percentage": 70.15599999999999,
        "std_coverage_percentage": 21.41606555836062,
        "avg_total_trajectory_length": 1980.5,
        "std_total_trajectory_length": 339.05399275041725,
        "avg_total_energy_cost": 2519.76967681607,
        "std_total_energy_cost": 432.5217187094088,
        "small_cost_avg_of_exp_avg": 43.281636781684035,
        "small_cost_std_of_exp_avg": 7.822292934867682,
        "small_cost_min": 0.0,
        "small_cost_max": 201.43972183226794,
        "small_cost_variance": 1091.7212552233616,
        "large_cost_avg_of_exp_avg": 284.4471842932885,
        "large_cost_std_of_exp_avg": 68.11255887018855,
        "large_cost_min": 17.70335279510701,
        "large_cost_max": 640.026296010083,
        "large_cost_variance": 12966.931974567688
    },
    "scene_4": {
        "avg_simulation_duration": 55.08214000000106,
        "std_simulation_duration": 11.37951026716031,
        "avg_success_rate": 0.36,
        "std_success_rate": 0.48,
        "avg_dead_agents": 39.01,
        "std_dead_agents": 9.235253109687898,
        "avg_coverage_percentage": 70.26557142857143,
        "std_coverage_percentage": 26.241840799589884,
        "avg_total_trajectory_length": 2018.24,
        "std_total_trajectory_length": 595.6054586720979,
        "avg_total_energy_cost": 2456.3609530968693,
        "std_total_energy_cost": 742.1531160657134,
        "small_cost_avg_of_exp_avg": 55.39641406365033,
        "small_cost_std_of_exp_avg": 13.411141310763792,
        "small_cost_min": 0.0,
        "small_cost_max": 168.2058602009054,
        "small_cost_variance": 1301.1930567920779,
        "large_cost_avg_of_exp_avg": 231.84254083277003,
        "large_cost_std_of_exp_avg": 95.04198534482538,
        "large_cost_min": 3.3033335764479315,
        "large_cost_max": 733.549025516472,
        "large_cost_variance": 33091.95700676007
    },
    "scene_5": {
        "avg_simulation_duration": 52.71250000000106,
        "std_simulation_duration": 6.067277950613594,
        "avg_success_rate": 0.61,
        "std_success_rate": 0.4877499359302879,
        "avg_dead_agents": 33.8,
        "std_dead_agents": 8.917398723843183,
        "avg_coverage_percentage": 80.33785714285713,
        "std_coverage_percentage": 16.143955762236878,
        "avg_total_trajectory_length": 1824.43,
        "std_total_trajectory_length": 300.81859167943725,
        "avg_total_energy_cost": 2264.819873611423,
        "std_total_energy_cost": 390.4505081372525,
        "small_cost_avg_of_exp_avg": 42.72070376090034,
        "small_cost_std_of_exp_avg": 6.008967885679884,
        "small_cost_min": 0.0,
        "small_cost_max": 207.44558282723114,
        "small_cost_variance": 1036.7745846423327,
        "large_cost_avg_of_exp_avg": 253.88866129111256,
        "large_cost_std_of_exp_avg": 64.39018029637032,
        "large_cost_min": 14.892281166231399,
        "large_cost_max": 514.6608704858592,
        "large_cost_variance": 10375.263264270377
    },
    "scene_6": {
        "avg_simulation_duration": 47.35993000000096,
        "std_simulation_duration": 8.930289086312108,
        "avg_success_rate": 0.06,
        "std_success_rate": 0.23748684174075835,
        "avg_dead_agents": 37.02,
        "std_dead_agents": 6.642258651994816,
        "avg_coverage_percentage": 68.75342857142857,
        "std_coverage_percentage": 12.717599667630777,
        "avg_total_trajectory_length": 1932.23,
        "std_total_trajectory_length": 334.13095800898185,
        "avg_total_energy_cost": 2499.671714018502,
        "std_total_energy_cost": 444.3991434109735,
        "small_cost_avg_of_exp_avg": 39.21091297597411,
        "small_cost_std_of_exp_avg": 7.8713410608157455,
        "small_cost_min": 0.0,
        "small_cost_max": 245.46681253083955,
        "small_cost_variance": 1017.2346980319114,
        "large_cost_avg_of_exp_avg": 287.5824428494193,
        "large_cost_std_of_exp_avg": 70.67292357235864,
        "large_cost_min": 43.33140887263132,
        "large_cost_max": 614.570280017072,
        "large_cost_variance": 11646.12563728763
    }
}