{
    "scene_1": {
        "avg_simulation_duration": 14.571539999999672,
        "std_simulation_duration": 0.009610848037503221,
        "avg_success_rate": 0.0,
        "std_success_rate": 0.0,
        "avg_dead_agents": 33.0,
        "std_dead_agents": 0.0,
        "avg_coverage_percentage": 0.0,
        "std_coverage_percentage": 0.0,
        "avg_total_trajectory_length": 472.0,
        "std_total_trajectory_length": 0.0,
        "avg_total_energy_cost": 828.4391211479327,
        "std_total_energy_cost": 2.2737367544323206e-13,
        "small_cost_avg_of_exp_avg": 66.37343451790342,
        "small_cost_std_of_exp_avg": 2.842170943040401e-14,
        "small_cost_min": 42.416748622873826,
        "small_cost_max": 101.52944699508184,
        "small_cost_variance": 645.0976427540871,
        "large_cost_avg_of_exp_avg": 209.77293919807417,
        "large_cost_std_of_exp_avg": 5.684341886080802e-14,
        "large_cost_min": 89.51978874676286,
        "large_cost_max": 340.0538433562806,
        "large_cost_variance": 10511.496675383876
    },
    "scene_2": {
        "avg_simulation_duration": 24.61448999999993,
        "std_simulation_duration": 0.007233940834702571,
        "avg_success_rate": 0.0,
        "std_success_rate": 0.0,
        "avg_dead_agents": 50.0,
        "std_dead_agents": 0.0,
        "avg_coverage_percentage": 0.0,
        "std_coverage_percentage": 0.0,
        "avg_total_trajectory_length": 859.0,
        "std_total_trajectory_length": 0.0,
        "avg_total_energy_cost": 1119.2576403395085,
        "std_total_energy_cost": 2.2737367544323206e-13,
        "small_cost_avg_of_exp_avg": 37.96526944417086,
        "small_cost_std_of_exp_avg": 7.105427357601002e-15,
        "small_cost_min": 4.417751433523682,
        "small_cost_max": 70.42994474234341,
        "small_cost_variance": 422.46703597027624,
        "large_cost_avg_of_exp_avg": 119.98408381869696,
        "large_cost_std_of_exp_avg": 1.4210854715202004e-14,
        "large_cost_min": 10.492357116539743,
        "large_cost_max": 218.6000048548643,
        "large_cost_variance": 7277.273748971952
    },
    "scene_3": {
        "avg_simulation_duration": 38.62125000000031,
        "std_simulation_duration": 0.010776247027607728,
        "avg_success_rate": 0.0,
        "std_success_rate": 0.0,
        "avg_dead_agents": 43.0,
        "std_dead_agents": 0.0,
        "avg_coverage_percentage": 0.0,
        "std_coverage_percentage": 0.0,
        "avg_total_trajectory_length": 962.0,
        "std_total_trajectory_length": 0.0,
        "avg_total_energy_cost": 1360.30890017064,
        "std_total_energy_cost": 2.2737367544323206e-13,
        "small_cost_avg_of_exp_avg": 52.74388993669484,
        "small_cost_std_of_exp_avg": 0.0,
        "small_cost_min": 11.04275221259785,
        "small_cost_max": 125.71179977090992,
        "small_cost_variance": 1670.430262062873,
        "large_cost_avg_of_exp_avg": 224.87944366453578,
        "large_cost_std_of_exp_avg": 2.842170943040401e-14,
        "large_cost_min": 39.54134854791142,
        "large_cost_max": 370.90383028217565,
        "large_cost_variance": 19072.966221486662
    },
    "scene_4": {
        "avg_simulation_duration": 7.133379999999973,
        "std_simulation_duration": 0.005596034310115371,
        "avg_success_rate": 0.0,
        "std_success_rate": 0.0,
        "avg_dead_agents": 34.0,
        "std_dead_agents": 0.0,
        "avg_coverage_percentage": 0.0,
        "std_coverage_percentage": 0.0,
        "avg_total_trajectory_length": 136.0,
        "std_total_trajectory_length": 0.0,
        "avg_total_energy_cost": 216.1204351049296,
        "std_total_energy_cost": 5.684341886080802e-14,
        "small_cost_avg_of_exp_avg": 10.754327063865423,
        "small_cost_std_of_exp_avg": 1.7763568394002505e-15,
        "small_cost_min": 1.779453329712504,
        "small_cost_max": 33.67894826632417,
        "small_cost_variance": 177.84608575874037,
        "large_cost_avg_of_exp_avg": 57.70104228315598,
        "large_cost_std_of_exp_avg": 1.4210854715202004e-14,
        "large_cost_min": 56.529469407902155,
        "large_cost_max": 59.21576090891739,
        "large_cost_variance": 1.2615681744501637
    },
    "scene_5": {
        "avg_simulation_duration": 7.256999999999972,
        "std_simulation_duration": 0.005477225575052264,
        "avg_success_rate": 0.0,
        "std_success_rate": 0.0,
        "avg_dead_agents": 36.0,
        "std_dead_agents": 0.0,
        "avg_coverage_percentage": 0.0,
        "std_coverage_percentage": 0.0,
        "avg_total_trajectory_length": 210.0,
        "std_total_trajectory_length": 0.0,
        "avg_total_energy_cost": 330.0930264826103,
        "std_total_energy_cost": 5.684341886080802e-14,
        "small_cost_avg_of_exp_avg": 19.962826769934118,
        "small_cost_std_of_exp_avg": 7.105427357601002e-15,
        "small_cost_min": 6.805972520441741,
        "small_cost_max": 32.84760308078437,
        "small_cost_variance": 105.01479083840961,
        "large_cost_avg_of_exp_avg": 70.10535528766853,
        "large_cost_std_of_exp_avg": 0.0,
        "large_cost_min": 15.611945040883482,
        "large_cost_max": 114.66576891004578,
        "large_cost_variance": 1684.6088814874195
    },
    "scene_6": {
        "avg_simulation_duration": 17.713139999999683,
        "std_simulation_duration": 0.008533486977781411,
        "avg_success_rate": 1.0,
        "std_success_rate": 0.0,
        "avg_dead_agents": 36.0,
        "std_dead_agents": 0.0,
        "avg_coverage_percentage": 44.30000000000001,
        "std_coverage_percentage": 1.4210854715202004e-14,
        "avg_total_trajectory_length": 1230.0,
        "std_total_trajectory_length": 0.0,
        "avg_total_energy_cost": 1440.2858378451683,
        "std_total_energy_cost": 0.0,
        "small_cost_avg_of_exp_avg": 47.36937250985199,
        "small_cost_std_of_exp_avg": 7.105427357601002e-15,
        "small_cost_min": 7.199785226080453,
        "small_cost_max": 100.01096840812346,
        "small_cost_variance": 953.8018608418367,
        "large_cost_avg_of_exp_avg": 85.35050836628943,
        "large_cost_std_of_exp_avg": 0.0,
        "large_cost_min": 29.713278951145675,
        "large_cost_max": 182.76710282030788,
        "large_cost_variance": 4777.00317168786
    }
}