{
    "global_avg_simulation_duration": 18.31846666666659,
    "global_std_simulation_duration": 10.906507264269262,
    "global_avg_success_rate": 0.16666666666666666,
    "global_std_success_rate": 0.372677996249965,
    "global_avg_dead_agents": 38.666666666666664,
    "global_std_dead_agents": 5.9907335852038095,
    "global_avg_coverage_percentage": 7.383333333333334,
    "global_std_coverage_percentage": 16.509635233873446,
    "global_avg_total_trajectory_length": 644.8333333333334,
    "global_std_total_trajectory_length": 401.4027141025442,
    "global_avg_total_energy_cost": 882.4174935151315,
    "global_std_total_energy_cost": 473.9230410310603
}