{
    "global_avg_simulation_duration": 24.997551999999857,
    "global_std_simulation_duration": 4.8007019161051225,
    "global_avg_success_rate": 1.0,
    "global_std_success_rate": 0.0,
    "global_avg_dead_agents": 15.4,
    "global_std_dead_agents": 2.0591260281974,
    "global_avg_coverage_percentage": 80.01428571428572,
    "global_std_coverage_percentage": 13.047695863520838,
    "global_avg_total_trajectory_length": 2640.6,
    "global_std_total_trajectory_length": 612.6991431363357,
    "global_avg_total_energy_cost": 4135.347739230593,
    "global_std_total_energy_cost": 962.9575382362576
}