{
  "seed": 8124,
  "state_vector": [
    0.09357143193483353,
    12.0,
    3.0,
    1.0,
    992.6051635742188,
    93.15779113769531
  ],
  "subgoals": [
    [
      461.5708891698218,
      205.26470732100927
    ],
    [
      348.7296914355954,
      584.6768956734976
    ],
    [
      940.735553107731,
      356.6479545504993
    ]
  ],
  "reward": 0.04678571596741676,
  "found_victim": false
}