{
  "seed": 87508,
  "state_vector": [
    0.12399999797344208,
    12.0,
    3.0,
    1.0,
    251.3432159423828,
    463.5015563964844
  ],
  "subgoals": [
    [
      607.1473216866434,
      605.6833968863255
    ],
    [
      827.614432391861,
      49.56449719646372
    ],
    [
      158.05157210192434,
      158.2001519315474
    ]
  ],
  "reward": 0.06199999898672104,
  "found_victim": false
}