{
  "seed": 2278,
  "state_vector": [
    0.2345714271068573,
    12.0,
    1.0,
    1.0,
    183.09945678710938,
    513.7722778320312
  ],
  "subgoals": [
    [
      188.2732146684976,
      282.79073200503706
    ],
    [
      234.36886576561017,
      136.4336122568126
    ],
    [
      544.1646543251873,
      479.99529752654973
    ]
  ],
  "reward": 0.11728571355342865,
  "found_victim": false
}