{
  "seed": 35171,
  "state_vector": [
    0.1404285728931427,
    12.0,
    3.0,
    1.0,
    430.2095947265625,
    352.86151123046875
  ],
  "subgoals": [
    [
      338.54693039214,
      559.3740988641905
    ],
    [
      276.36130134856126,
      628.6153188348043
    ],
    [
      760.8719013913978,
      88.54000958303175
    ]
  ],
  "reward": 0.07021428644657135,
  "found_victim": false
}