{
  "seed": 95411,
  "state_vector": [
    0.11128571629524231,
    12.0,
    3.0,
    1.0,
    668.0140380859375,
    348.4768371582031
  ],
  "subgoals": [
    [
      898.5102927849535,
      646.1136257363655
    ],
    [
      888.978579512673,
      333.42066672025936
    ],
    [
      111.21315262867658,
      159.05638868256966
    ]
  ],
  "reward": 0.055642858147621155,
  "found_victim": false
}