{
  "seed": 83689,
  "state_vector": [
    0.20357142388820648,
    12.0,
    3.0,
    1.0,
    106.48696899414062,
    642.9780883789062
  ],
  "subgoals": [
    [
      98.85333677857857,
      393.035260042347
    ],
    [
      786.7309286761453,
      516.4755660965956
    ],
    [
      785.6796382425534,
      206.75389900283136
    ]
  ],
  "reward": 0.10178571194410324,
  "found_victim": false
}