{
  "seed": 17133,
  "state_vector": [
    0.17028571665287018,
    12.0,
    3.0,
    1.0,
    982.2433471679688,
    458.3970642089844
  ],
  "subgoals": [
    [
      449.1073602957873,
      405.5515745852464
    ],
    [
      792.8147736787537,
      167.33101779148774
    ],
    [
      576.1280627368899,
      157.4627668291008
    ]
  ],
  "reward": 0.08514285832643509,
  "found_victim": false
}