{
  "seed": 4206,
  "state_vector": [
    0.06800000369548798,
    12.0,
    2.0,
    1.0,
    726.6752319335938,
    348.96002197265625
  ],
  "subgoals": [
    [
      224.90500385777685,
      602.1552555298549
    ],
    [
      535.4698609388015,
      496.58638016691185
    ],
    [
      537.976772874924,
      416.73324641249764
    ]
  ],
  "reward": 0.03400000184774399,
  "found_victim": false
}