{
  "seed": 52348,
  "state_vector": [
    0.15371428430080414,
    12.0,
    1.0,
    1.0,
    818.4917602539062,
    363.10931396484375
  ],
  "subgoals": [
    [
      239.24764541813514,
      465.1350628553199
    ],
    [
      244.25500392729765,
      527.5089789253702
    ],
    [
      438.45363395559184,
      393.0012375867757
    ]
  ],
  "reward": 0.07685714215040207,
  "found_victim": false
}