{
  "seed": 65873,
  "state_vector": [
    0.17828571796417236,
    12.0,
    3.0,
    1.0,
    464.3454895019531,
    244.4805908203125
  ],
  "subgoals": [
    [
      143.3306404293765,
      375.88182812377744
    ],
    [
      560.0596487025273,
      643.0983814520415
    ],
    [
      956.7682681637137,
      500.83151875063237
    ]
  ],
  "reward": 0.08914285898208618,
  "found_victim": false
}