{
  "seed": 69765,
  "state_vector": [
    0.10828571766614914,
    12.0,
    3.0,
    1.0,
    156.16363525390625,
    817.1801147460938
  ],
  "subgoals": [
    [
      720.0385496045793,
      139.17936048748956
    ],
    [
      500.5717773037738,
      32.87371390650229
    ],
    [
      641.8571913045612,
      39.06019021869163
    ]
  ],
  "reward": 0.05414285883307457,
  "found_victim": false
}