{
  "seed": 61454,
  "state_vector": [
    0.060857143253088,
    12.0,
    2.0,
    1.0,
    735.3980712890625,
    189.09439086914062
  ],
  "subgoals": [
    [
      438.3698146486858,
      135.42602715965154
    ],
    [
      438.8863643034185,
      87.05678838998281
    ],
    [
      73.2967757885963,
      563.4391023371513
    ]
  ],
  "reward": 0.030428571626544,
  "found_victim": false
}