{
  "seed": 18511,
  "state_vector": [
    0.10814286023378372,
    12.0,
    3.0,
    1.0,
    777.0555419921875,
    258.61480712890625
  ],
  "subgoals": [
    [
      313.33310343834853,
      575.0160201612961
    ],
    [
      557.322700327142,
      669.6468506369132
    ],
    [
      56.74265383398192,
      111.67591813289114
    ]
  ],
  "reward": 0.05407143011689186,
  "found_victim": false
}