{
  "seed": 84927,
  "state_vector": [
    0.17299999296665192,
    12.0,
    3.0,
    1.0,
    300.80975341796875,
    528.189208984375
  ],
  "subgoals": [
    [
      809.7036092594892,
      493.5003943255446
    ],
    [
      958.3803258703219,
      416.91690022718495
    ],
    [
      489.5447614099932,
      217.110265247644
    ]
  ],
  "reward": 0.08649999648332596,
  "found_victim": false
}