{
  "seed": 91337,
  "state_vector": [
    0.20900000631809235,
    12.0,
    3.0,
    1.0,
    772.2155151367188,
    408.9917297363281
  ],
  "subgoals": [
    [
      105.7778590353413,
      208.62389424763066
    ],
    [
      292.6373377764597,
      178.94941938214458
    ],
    [
      952.6739244405146,
      117.1628405008142
    ]
  ],
  "reward": 0.10450000315904617,
  "found_victim": false
}