{
  "seed": 19372,
  "state_vector": [
    0.12028571218252182,
    12.0,
    3.0,
    1.0,
    431.5389404296875,
    421.8302307128906
  ],
  "subgoals": [
    [
      420.0947466119268,
      641.1279858970256
    ],
    [
      682.8436265337872,
      301.20540220059615
    ],
    [
      602.0285524121123,
      512.935544901884
    ]
  ],
  "reward": 0.06014285609126091,
  "found_victim": false
}