{
  "seed": 63331,
  "state_vector": [
    0.20085714757442474,
    12.0,
    3.0,
    1.0,
    136.2139129638672,
    530.5060424804688
  ],
  "subgoals": [
    [
      390.34483408999864,
      306.3908284167718
    ],
    [
      49.959842144510404,
      202.78577642412245
    ],
    [
      674.4904445080468,
      190.58560739331915
    ]
  ],
  "reward": 0.10042857378721237,
  "found_victim": false
}