{
  "seed": 66895,
  "state_vector": [
    0.08914285898208618,
    12.0,
    3.0,
    1.0,
    589.3742065429688,
    337.8106384277344
  ],
  "subgoals": [
    [
      233.63239905369534,
      428.78172350316794
    ],
    [
      162.34449484105932,
      324.74267624690833
    ],
    [
      724.3303136208639,
      608.2749681529099
    ]
  ],
  "reward": 0.04457142949104309,
  "found_victim": false
}