{
  "seed": 61336,
  "state_vector": [
    0.1785714328289032,
    12.0,
    2.0,
    1.0,
    407.0433044433594,
    238.19801330566406
  ],
  "subgoals": [
    [
      69.46643915584309,
      232.2955023222999
    ],
    [
      417.9844032824398,
      476.0653366512704
    ],
    [
      608.0952405573242,
      396.8309697912155
    ]
  ],
  "reward": 0.0892857164144516,
  "found_victim": false
}