{
  "seed": 20342,
  "state_vector": [
    0.06857142597436905,
    12.0,
    3.0,
    1.0,
    603.0357666015625,
    163.42848205566406
  ],
  "subgoals": [
    [
      689.747437572405,
      201.0960123059292
    ],
    [
      556.5356429771184,
      357.8578539225142
    ],
    [
      92.15121132092237,
      426.3402396295206
    ]
  ],
  "reward": 0.034285712987184525,
  "found_victim": false
}