{
  "seed": 6324,
  "state_vector": [
    0.10214285552501678,
    12.0,
    2.0,
    1.0,
    524.9888916015625,
    188.6502685546875
  ],
  "subgoals": [
    [
      677.0437209692418,
      655.0687891198403
    ],
    [
      681.8102214872993,
      230.3091752623439
    ],
    [
      895.635115206509,
      535.4920100549416
    ]
  ],
  "reward": 0.05107142776250839,
  "found_victim": false
}