{
  "seed": 97499,
  "state_vector": [
    0.17071428894996643,
    12.0,
    3.0,
    1.0,
    709.6583251953125,
    338.7318420410156
  ],
  "subgoals": [
    [
      177.40241451532506,
      162.74857624857404
    ],
    [
      129.33848661473428,
      286.48854785400374
    ],
    [
      48.3615734747448,
      198.6061033534059
    ]
  ],
  "reward": 0.08535714447498322,
  "found_victim": false
}