{
  "seed": 18361,
  "state_vector": [
    0.18471428751945496,
    12.0,
    3.0,
    1.0,
    613.6065673828125,
    503.83447265625
  ],
  "subgoals": [
    [
      337.263478308331,
      551.5663692701407
    ],
    [
      719.9456288015466,
      119.5470319757316
    ],
    [
      935.2573081125256,
      661.7218862869744
    ]
  ],
  "reward": 0.09235714375972748,
  "found_victim": false
}