{
  "seed": 69970,
  "state_vector": [
    0.16671428084373474,
    12.0,
    1.0,
    1.0,
    223.9739532470703,
    304.4147033691406
  ],
  "subgoals": [
    [
      710.2236330006225,
      174.56839965099897
    ],
    [
      374.16637087698706,
      492.21743636760993
    ],
    [
      286.5542909458776,
      659.8272334287874
    ]
  ],
  "reward": 0.08335714042186737,
  "found_victim": false
}