{
  "seed": 2242,
  "state_vector": [
    0.16357143223285675,
    11.0,
    3.0,
    1.0,
    243.72064208984375,
    426.8982238769531
  ],
  "subgoals": [
    [
      560.8232329425855,
      163.8263184811854
    ],
    [
      683.7432251589756,
      167.1056977155972
    ],
    [
      642.838418357307,
      615.4570685839715
    ]
  ],
  "reward": 0.08178571611642838,
  "found_victim": false
}