{
  "seed": 34367,
  "state_vector": [
    0.06599999964237213,
    12.0,
    3.0,
    1.0,
    521.9857177734375,
    196.5143280029297
  ],
  "subgoals": [
    [
      762.1987819478616,
      158.03224987457634
    ],
    [
      227.89113025291712,
      589.5144118535616
    ],
    [
      107.58192188918733,
      372.25165471474213
    ]
  ],
  "reward": 0.032999999821186066,
  "found_victim": false
}