{
  "seed": 82032,
  "state_vector": [
    0.17599999904632568,
    12.0,
    3.0,
    1.0,
    386.5633850097656,
    496.1729431152344
  ],
  "subgoals": [
    [
      967.8972098705015,
      409.5073091939382
    ],
    [
      693.3101925433192,
      53.805852424821836
    ],
    [
      514.4900253793136,
      419.0371404288287
    ]
  ],
  "reward": 0.08799999952316284,
  "found_victim": false
}