{
  "seed": 32741,
  "state_vector": [
    0.11742857098579407,
    12.0,
    3.0,
    1.0,
    486.1828918457031,
    490.0542907714844
  ],
  "subgoals": [
    [
      352.3040132017672,
      539.3139762079105
    ],
    [
      796.1226903846181,
      570.6043679109681
    ],
    [
      529.4004416241162,
      364.26846020476097
    ]
  ],
  "reward": 0.058714285492897034,
  "found_victim": false
}