{
  "seed": 24568,
  "state_vector": [
    0.09328571707010269,
    12.0,
    3.0,
    1.0,
    677.5977783203125,
    477.2573547363281
  ],
  "subgoals": [
    [
      34.721854055433745,
      335.3531803786361
    ],
    [
      639.9092078783065,
      252.57281910770337
    ],
    [
      737.20170167961,
      251.19551463578517
    ]
  ],
  "reward": 0.046642858535051346,
  "found_victim": false
}