{
  "seed": 46950,
  "state_vector": [
    0.053857143968343735,
    12.0,
    3.0,
    1.0,
    888.6705932617188,
    161.78298950195312
  ],
  "subgoals": [
    [
      624.2370903066286,
      203.31013281652588
    ],
    [
      341.90832907146614,
      525.9350572981651
    ],
    [
      903.968621114851,
      598.2063875243422
    ]
  ],
  "reward": 0.026928571984171867,
  "found_victim": false
}