{
  "seed": 59176,
  "state_vector": [
    0.1265714317560196,
    12.0,
    3.0,
    1.0,
    636.44677734375,
    399.7026672363281
  ],
  "subgoals": [
    [
      903.8058973201005,
      179.15253130103315
    ],
    [
      320.7770523967322,
      512.769329481247
    ],
    [
      346.9676856369116,
      78.0078923177345
    ]
  ],
  "reward": 0.0632857158780098,
  "found_victim": false
}