{
  "seed": 20453,
  "state_vector": [
    0.1307142823934555,
    5.0,
    3.0,
    1.0,
    948.1298217773438,
    282.9334716796875
  ],
  "subgoals": [
    [
      95.0,
      425.0
    ],
    [
      955.0,
      555.0
    ],
    [
      45.0,
      405.0
    ],
    [
      955.0,
      555.0
    ],
    [
      105.0,
      455.0
    ],
    [
      955.0,
      555.0
    ]
  ],
  "reward": 0.06535714119672775,
  "found_victim": false
}