{
  "seed": 94900,
  "state_vector": [
    0.16042856872081757,
    12.0,
    3.0,
    1.0,
    621.1785888671875,
    78.42173767089844
  ],
  "subgoals": [
    [
      829.3697738130261,
      220.01230880294145
    ],
    [
      690.7430487399597,
      206.718234354406
    ],
    [
      279.2019219259109,
      122.68972936623975
    ]
  ],
  "reward": 0.08021428436040878,
  "found_victim": false
}