{
  "seed": 30557,
  "state_vector": [
    0.2045714259147644,
    12.0,
    0.0,
    1.0,
    282.8495178222656,
    349.1273498535156
  ],
  "subgoals": [
    [
      920.4969104066697,
      600.1602850813281
    ],
    [
      406.54949908370367,
      244.6028053010336
    ],
    [
      222.19554802745313,
      223.21425376469443
    ]
  ],
  "reward": 0.1022857129573822,
  "found_victim": false
}