{
  "seed": 64190,
  "state_vector": [
    0.0657142847776413,
    12.0,
    3.0,
    1.0,
    892.6056518554688,
    217.2900848388672
  ],
  "subgoals": [
    [
      315.93695311711616,
      284.22607450032274
    ],
    [
      100.98021107413393,
      422.3337526521748
    ],
    [
      749.0401789491624,
      143.1937159291619
    ]
  ],
  "reward": 0.03285714238882065,
  "found_victim": false
}