{
  "seed": 71199,
  "state_vector": [
    0.07314285635948181,
    12.0,
    1.0,
    1.0,
    463.011474609375,
    129.1474151611328
  ],
  "subgoals": [
    [
      125.92212124036267,
      320.0573488545729
    ],
    [
      300.8714292326354,
      92.57332148914927
    ],
    [
      108.45953290413895,
      575.8836699231307
    ]
  ],
  "reward": 0.036571428179740906,
  "found_victim": false
}