{
  "seed": 58970,
  "state_vector": [
    0.1794285774230957,
    12.0,
    3.0,
    1.0,
    362.12213134765625,
    466.951416015625
  ],
  "subgoals": [
    [
      188.6975128140552,
      113.0600088811699
    ],
    [
      688.4772216782546,
      548.0851864920414
    ],
    [
      767.6653555008421,
      595.0114659951739
    ]
  ],
  "reward": 0.08971428871154785,
  "found_victim": false
}