{
  "seed": 77471,
  "state_vector": [
    0.204428568482399,
    12.0,
    1.0,
    1.0,
    222.4702911376953,
    701.7596435546875
  ],
  "subgoals": [
    [
      871.307785641106,
      523.9554995721088
    ],
    [
      457.159654893749,
      212.1601174395937
    ],
    [
      477.7745762862467,
      400.846178822061
    ]
  ],
  "reward": 0.1022142842411995,
  "found_victim": false
}