{
  "seed": 96088,
  "state_vector": [
    0.14000000059604645,
    12.0,
    3.0,
    1.0,
    671.872802734375,
    326.55499267578125
  ],
  "subgoals": [
    [
      738.8033798444865,
      590.5751826577323
    ],
    [
      443.77967354551413,
      197.2894853109238
    ],
    [
      926.5974011088547,
      45.98649170421744
    ]
  ],
  "reward": 0.07000000029802322,
  "found_victim": false
}