{
  "seed": 37192,
  "state_vector": [
    0.2248571366071701,
    12.0,
    2.0,
    1.0,
    929.66552734375,
    382.7361145019531
  ],
  "subgoals": [
    [
      332.45598283877496,
      628.0637941695015
    ],
    [
      897.345740563578,
      360.00341866369547
    ],
    [
      758.9172003426778,
      249.66022775324524
    ]
  ],
  "reward": 0.11242856830358505,
  "found_victim": false
}