{
  "seed": 33376,
  "state_vector": [
    0.061000000685453415,
    12.0,
    3.0,
    1.0,
    805.0341186523438,
    383.3959045410156
  ],
  "subgoals": [
    [
      489.89553963771607,
      271.6892296799501
    ],
    [
      570.028675220495,
      542.9860087689254
    ],
    [
      866.8505739062014,
      572.0210251940634
    ]
  ],
  "reward": 0.030500000342726707,
  "found_victim": false
}