{
  "seed": 61833,
  "state_vector": [
    0.19571428000926971,
    12.0,
    2.0,
    1.0,
    454.3505554199219,
    416.90338134765625
  ],
  "subgoals": [
    [
      397.6153568039828,
      564.3885250129554
    ],
    [
      250.137987956124,
      196.42999202957134
    ],
    [
      319.09074801273493,
      591.2959451505155
    ]
  ],
  "reward": 0.09785714000463486,
  "found_victim": false
}