{
  "seed": 17253,
  "state_vector": [
    0.0949999988079071,
    12.0,
    3.0,
    1.0,
    634.0046997070312,
    882.749267578125
  ],
  "subgoals": [
    [
      235.10644563017098,
      364.1427137646032
    ],
    [
      298.77389443758284,
      87.77669273933263
    ],
    [
      882.2445098572904,
      261.6535672201305
    ]
  ],
  "reward": 0.04749999940395355,
  "found_victim": false
}