{
  "seed": 95570,
  "state_vector": [
    0.11014285683631897,
    12.0,
    3.0,
    1.0,
    832.0995483398438,
    159.16758728027344
  ],
  "subgoals": [
    [
      494.113470031455,
      382.36246583990953
    ],
    [
      563.5105042770617,
      66.57603365995087
    ],
    [
      823.9819936759717,
      634.605857782241
    ]
  ],
  "reward": 0.055071428418159485,
  "found_victim": false
}