{
  "seed": 55349,
  "state_vector": [
    0.18400000035762787,
    12.0,
    3.0,
    1.0,
    598.3602905273438,
    511.43402099609375
  ],
  "subgoals": [
    [
      157.78392553509968,
      447.2805500417104
    ],
    [
      820.7954672521098,
      41.71725930878303
    ],
    [
      99.20317799150831,
      99.26368982576825
    ]
  ],
  "reward": 1.0,
  "found_victim": true
}