{
  "seed": 74434,
  "state_vector": [
    0.1891428530216217,
    12.0,
    3.0,
    1.0,
    524.521484375,
    387.7545166015625
  ],
  "subgoals": [
    [
      553.6041689007757,
      375.6004820929939
    ],
    [
      347.0075673300286,
      600.9865526073783
    ],
    [
      303.4672056189347,
      608.7747875066136
    ]
  ],
  "reward": 0.09457142651081085,
  "found_victim": false
}