{
  "seed": 93539,
  "state_vector": [
    0.10314285755157471,
    12.0,
    3.0,
    1.0,
    1008.0953369140625,
    227.21873474121094
  ],
  "subgoals": [
    [
      870.6766474790755,
      258.8618423495091
    ],
    [
      300.9356458073956,
      157.01401495994574
    ],
    [
      317.21628961466,
      80.87356125216573
    ]
  ],
  "reward": 0.051571428775787354,
  "found_victim": false
}