{
  "seed": 54621,
  "state_vector": [
    0.17028571665287018,
    12.0,
    2.0,
    1.0,
    339.26251220703125,
    348.51763916015625
  ],
  "subgoals": [
    [
      511.37909190953224,
      334.8787743670043
    ],
    [
      265.72645202809645,
      424.2830487114228
    ],
    [
      234.41731352971743,
      132.6505340198093
    ]
  ],
  "reward": 0.08514285832643509,
  "found_victim": false
}