{
  "seed": 2871,
  "state_vector": [
    0.07414285838603973,
    12.0,
    3.0,
    1.0,
    397.81268310546875,
    489.0600891113281
  ],
  "subgoals": [
    [
      325.6431102964034,
      550.4464392423079
    ],
    [
      847.1595271242658,
      533.6045526757641
    ],
    [
      407.4087090750057,
      647.7865742386493
    ]
  ],
  "reward": 0.03707142919301987,
  "found_victim": false
}