{
  "seed": 87800,
  "state_vector": [
    0.11999999731779099,
    12.0,
    3.0,
    1.0,
    730.3519897460938,
    403.1518249511719
  ],
  "subgoals": [
    [
      469.26559948772365,
      358.5055050083591
    ],
    [
      391.1484280676164,
      234.65635248411138
    ],
    [
      605.5574406983902,
      478.4166832461597
    ]
  ],
  "reward": 0.05999999865889549,
  "found_victim": false
}