{
  "seed": 39081,
  "state_vector": [
    0.029285714030265808,
    12.0,
    2.0,
    1.0,
    606.1256713867188,
    141.12086486816406
  ],
  "subgoals": [
    [
      67.6462057667248,
      34.69640830198337
    ],
    [
      243.67548787276925,
      642.3414761424913
    ],
    [
      789.216174318521,
      547.4232927445787
    ]
  ],
  "reward": 0.014642857015132904,
  "found_victim": false
}