{
  "seed": 4584,
  "state_vector": [
    0.11857143044471741,
    12.0,
    3.0,
    1.0,
    791.1436157226562,
    349.10198974609375
  ],
  "subgoals": [
    [
      161.8527922402631,
      558.1250448250786
    ],
    [
      677.2935507691569,
      608.7978773727655
    ],
    [
      685.0783239936139,
      322.86157400629185
    ]
  ],
  "reward": 0.059285715222358704,
  "found_victim": false
}