{
  "seed": 71996,
  "state_vector": [
    0.1745714247226715,
    12.0,
    3.0,
    1.0,
    465.3809509277344,
    338.697265625
  ],
  "subgoals": [
    [
      796.0934014834236,
      122.24112743583277
    ],
    [
      250.73944427403364,
      474.9902136167242
    ],
    [
      950.3353763951887,
      433.4506615140163
    ]
  ],
  "reward": 0.08728571236133575,
  "found_victim": false
}