{
  "seed": 4791,
  "state_vector": [
    0.16214285790920258,
    12.0,
    3.0,
    1.0,
    790.7274169921875,
    373.25079345703125
  ],
  "subgoals": [
    [
      452.19031618023376,
      144.74785591456344
    ],
    [
      192.1356509125744,
      591.7250255720813
    ],
    [
      308.9617408715661,
      237.43519742490952
    ]
  ],
  "reward": 0.08107142895460129,
  "found_victim": false
}