{
  "seed": 58424,
  "state_vector": [
    0.24042856693267822,
    12.0,
    2.0,
    1.0,
    240.98179626464844,
    295.79913330078125
  ],
  "subgoals": [
    [
      694.8942853288377,
      557.6414009893326
    ],
    [
      68.14202766569174,
      488.0418935606581
    ],
    [
      771.250773808526,
      362.0360642995226
    ]
  ],
  "reward": 0.12021428346633911,
  "found_victim": false
}