{
  "seed": 68246,
  "state_vector": [
    0.06971428543329239,
    12.0,
    0.0,
    1.0,
    584.561279296875,
    302.08941650390625
  ],
  "subgoals": [
    [
      822.0825342850854,
      108.7195936999408
    ],
    [
      686.6472788254206,
      346.16212458137136
    ],
    [
      187.677852553957,
      436.0228656500268
    ]
  ],
  "reward": 0.034857142716646194,
  "found_victim": false
}