{
  "seed": 76700,
  "state_vector": [
    0.06671428680419922,
    12.0,
    3.0,
    1.0,
    550.9273681640625,
    137.0218048095703
  ],
  "subgoals": [
    [
      651.5852661155003,
      631.1578073210201
    ],
    [
      745.2999125575463,
      70.32582257115898
    ],
    [
      73.24356617290958,
      414.0860180659707
    ]
  ],
  "reward": 0.03335714340209961,
  "found_victim": false
}