{
  "seed": 51709,
  "state_vector": [
    0.1362857073545456,
    12.0,
    3.0,
    1.0,
    284.1374206542969,
    717.3414916992188
  ],
  "subgoals": [
    [
      474.3903906883717,
      194.90537940428538
    ],
    [
      910.1935747048899,
      632.2086033518301
    ],
    [
      366.8658042243102,
      31.784020284123997
    ]
  ],
  "reward": 0.0681428536772728,
  "found_victim": false
}