{
  "seed": 15193,
  "state_vector": [
    0.22542856633663177,
    12.0,
    3.0,
    1.0,
    650.1766357421875,
    363.22027587890625
  ],
  "subgoals": [
    [
      180.42303649878383,
      259.9607812391054
    ],
    [
      453.48627681762235,
      395.2910145729738
    ],
    [
      510.38547170453006,
      627.9795962348812
    ]
  ],
  "reward": 0.11271428316831589,
  "found_victim": false
}