{
  "seed": 84574,
  "state_vector": [
    0.1664285659790039,
    12.0,
    3.0,
    1.0,
    627.3290405273438,
    384.5761413574219
  ],
  "subgoals": [
    [
      307.35040457748295,
      263.46935414260986
    ],
    [
      551.8360070333465,
      603.8054282307335
    ],
    [
      454.23038236472604,
      613.3304389578349
    ]
  ],
  "reward": 0.08321428298950195,
  "found_victim": false
}