{
  "seed": 85310,
  "state_vector": [
    0.16057142615318298,
    12.0,
    3.0,
    1.0,
    339.8331604003906,
    598.8218994140625
  ],
  "subgoals": [
    [
      362.02084850964997,
      485.713598930813
    ],
    [
      337.07037802979227,
      307.8138000698039
    ],
    [
      297.37616185464884,
      248.65112938779575
    ]
  ],
  "reward": 0.08028571307659149,
  "found_victim": false
}