{
  "seed": 11408,
  "state_vector": [
    0.16500000655651093,
    12.0,
    3.0,
    1.0,
    925.09375,
    400.4439392089844
  ],
  "subgoals": [
    [
      71.6021734212975,
      288.7760232305055
    ],
    [
      783.4685946374583,
      377.2461572364438
    ],
    [
      85.46469433370348,
      424.197716179744
    ]
  ],
  "reward": 0.08250000327825546,
  "found_victim": false
}