{
  "seed": 21625,
  "state_vector": [
    0.05042857304215431,
    12.0,
    3.0,
    1.0,
    862.80419921875,
    348.07159423828125
  ],
  "subgoals": [
    [
      913.5202890998083,
      320.33774460548904
    ],
    [
      304.3152798474166,
      555.2880678673203
    ],
    [
      955.1421120409742,
      388.60070152668357
    ]
  ],
  "reward": 0.025214286521077156,
  "found_victim": false
}