{
  "seed": 69094,
  "state_vector": [
    0.08185714483261108,
    12.0,
    3.0,
    1.0,
    694.3231811523438,
    180.11495971679688
  ],
  "subgoals": [
    [
      717.1090675311623,
      537.2574789330034
    ],
    [
      499.9447733265595,
      97.04063893458503
    ],
    [
      43.399086669310734,
      193.09545546653175
    ]
  ],
  "reward": 0.04092857241630554,
  "found_victim": false
}