{
  "seed": 98216,
  "state_vector": [
    0.09371428936719894,
    12.0,
    3.0,
    1.0,
    1007.9035034179688,
    331.228759765625
  ],
  "subgoals": [
    [
      870.9333069719748,
      143.8577581653128
    ],
    [
      968.2675494701555,
      124.41058878016932
    ],
    [
      199.43036975441623,
      504.0870978955755
    ]
  ],
  "reward": 0.04685714468359947,
  "found_victim": false
}