{
  "seed": 63247,
  "state_vector": [
    0.11028571426868439,
    12.0,
    3.0,
    1.0,
    128.49691772460938,
    630.489990234375
  ],
  "subgoals": [
    [
      503.72545519261786,
      382.51451251688883
    ],
    [
      564.7470226833804,
      621.2360866487616
    ],
    [
      358.3895137109546,
      273.0035125155802
    ]
  ],
  "reward": 0.055142857134342194,
  "found_victim": false
}