{
  "seed": 10092,
  "state_vector": [
    0.059285715222358704,
    12.0,
    3.0,
    1.0,
    848.0271606445312,
    115.76411437988281
  ],
  "subgoals": [
    [
      189.20014046562017,
      148.94280859071898
    ],
    [
      781.563901293515,
      243.10359735479835
    ],
    [
      38.9990724069327,
      365.27211728582705
    ]
  ],
  "reward": 0.029642857611179352,
  "found_victim": false
}