{
  "seed": 89333,
  "state_vector": [
    0.07242856919765472,
    12.0,
    3.0,
    1.0,
    451.00018310546875,
    403.2456359863281
  ],
  "subgoals": [
    [
      386.57066288785455,
      249.49121385153552
    ],
    [
      275.03223121908854,
      443.98728913946974
    ],
    [
      925.1046286856207,
      526.7457471399736
    ]
  ],
  "reward": 0.03621428459882736,
  "found_victim": false
}