{
  "seed": 11705,
  "state_vector": [
    0.16328571736812592,
    12.0,
    3.0,
    1.0,
    464.16375732421875,
    303.06378173828125
  ],
  "subgoals": [
    [
      444.52568791299933,
      59.79576666280167
    ],
    [
      109.6992428207996,
      288.3694995380516
    ],
    [
      52.410654344086886,
      223.68553035635108
    ]
  ],
  "reward": 0.08164285868406296,
  "found_victim": false
}