{
  "seed": 61113,
  "state_vector": [
    0.11299999803304672,
    12.0,
    3.0,
    1.0,
    913.2853393554688,
    115.02925872802734
  ],
  "subgoals": [
    [
      535.64456822487,
      490.7741253212346
    ],
    [
      446.78899435902275,
      220.85788738864366
    ],
    [
      864.0501113736224,
      354.7786512996271
    ]
  ],
  "reward": 0.05649999901652336,
  "found_victim": false
}