{
  "seed": 66398,
  "state_vector": [
    0.0535714291036129,
    12.0,
    3.0,
    1.0,
    753.2666625976562,
    40.02769088745117
  ],
  "subgoals": [
    [
      362.1991258725995,
      119.48993467018632
    ],
    [
      915.867537172994,
      41.399853464937024
    ],
    [
      772.7193422491243,
      390.23676300657405
    ]
  ],
  "reward": 0.02678571455180645,
  "found_victim": false
}