{
  "seed": 38667,
  "state_vector": [
    0.18885713815689087,
    12.0,
    3.0,
    1.0,
    395.1667785644531,
    392.6480407714844
  ],
  "subgoals": [
    [
      193.39657613009445,
      652.9451159073355
    ],
    [
      297.756713207877,
      533.040750027098
    ],
    [
      63.10570271587186,
      176.61472919388444
    ]
  ],
  "reward": 0.09442856907844543,
  "found_victim": false
}