{
  "seed": 87641,
  "state_vector": [
    0.13585714995861053,
    12.0,
    2.0,
    1.0,
    845.0553588867188,
    201.31570434570312
  ],
  "subgoals": [
    [
      30.149413892643047,
      340.73270698263093
    ],
    [
      308.94496040938304,
      194.7400482593443
    ],
    [
      408.7481468642972,
      393.02960481288255
    ]
  ],
  "reward": 0.06792857497930527,
  "found_victim": false
}