{
  "seed": 93509,
  "state_vector": [
    0.20900000631809235,
    12.0,
    3.0,
    1.0,
    697.0181884765625,
    368.6926574707031
  ],
  "subgoals": [
    [
      307.8405127022374,
      201.90495312358635
    ],
    [
      827.4486827131066,
      85.26625930429759
    ],
    [
      849.2422467742693,
      417.2710292040418
    ]
  ],
  "reward": 0.10450000315904617,
  "found_victim": false
}