{
  "seed": 32552,
  "state_vector": [
    0.07999999821186066,
    12.0,
    2.0,
    1.0,
    705.0731811523438,
    260.84820556640625
  ],
  "subgoals": [
    [
      687.5933476651184,
      389.2815461217966
    ],
    [
      943.7018073203258,
      223.6134984968587
    ],
    [
      723.8674216935093,
      283.4196585323631
    ]
  ],
  "reward": 0.03999999910593033,
  "found_victim": false
}