{
  "seed": 410,
  "state_vector": [
    0.17085714638233185,
    12.0,
    3.0,
    1.0,
    472.9300842285156,
    341.29620361328125
  ],
  "subgoals": [
    [
      576.9389120286868,
      396.64575310365433
    ],
    [
      501.8222400643447,
      434.3288456805791
    ],
    [
      512.7112023702141,
      293.7458365522401
    ]
  ],
  "reward": 0.08542857319116592,
  "found_victim": false
}