{
  "seed": 29259,
  "state_vector": [
    0.16614285111427307,
    12.0,
    3.0,
    1.0,
    367.3211975097656,
    483.3684387207031
  ],
  "subgoals": [
    [
      800.3838271499909,
      123.46257112563194
    ],
    [
      590.8030126872226,
      35.24629554585353
    ],
    [
      481.59896053690574,
      648.6470486556841
    ]
  ],
  "reward": 0.08307142555713654,
  "found_victim": false
}