{
  "seed": 12239,
  "state_vector": [
    0.20685714483261108,
    12.0,
    3.0,
    1.0,
    537.5322875976562,
    446.203857421875
  ],
  "subgoals": [
    [
      860.3121419701696,
      184.2622566447163
    ],
    [
      294.5314164387866,
      100.60509166135233
    ],
    [
      431.6427186486329,
      151.08490698209224
    ]
  ],
  "reward": 0.10342857241630554,
  "found_victim": false
}