{
  "seed": 5692,
  "state_vector": [
    0.2378571480512619,
    12.0,
    2.0,
    1.0,
    473.8981018066406,
    282.3990783691406
  ],
  "subgoals": [
    [
      470.473083389778,
      580.5186910856122
    ],
    [
      520.8702874362748,
      204.45731442560918
    ],
    [
      445.35998849139327,
      609.8813840510093
    ]
  ],
  "reward": 0.11892857402563095,
  "found_victim": false
}