{
  "seed": 49048,
  "state_vector": [
    0.05314285680651665,
    12.0,
    3.0,
    1.0,
    615.8785400390625,
    303.90155029296875
  ],
  "subgoals": [
    [
      624.9791580617335,
      365.2064754387227
    ],
    [
      867.8079564691552,
      436.40676028690416
    ],
    [
      938.9194651623038,
      484.049191821203
    ]
  ],
  "reward": 0.026571428403258324,
  "found_victim": false
}