{
  "seed": 37852,
  "state_vector": [
    0.17971429228782654,
    12.0,
    2.0,
    1.0,
    518.6380004882812,
    521.0985717773438
  ],
  "subgoals": [
    [
      529.7211674928593,
      269.4128239184
    ],
    [
      821.0449547819727,
      136.52193627223846
    ],
    [
      435.8853151018869,
      376.74384779409763
    ]
  ],
  "reward": 0.08985714614391327,
  "found_victim": false
}