{
  "seed": 59441,
  "state_vector": [
    0.06800000369548798,
    12.0,
    3.0,
    1.0,
    834.4593505859375,
    226.96734619140625
  ],
  "subgoals": [
    [
      157.40716852922077,
      159.7262667413105
    ],
    [
      128.94727726400293,
      240.39886245276483
    ],
    [
      622.8041918391825,
      206.47642728128295
    ]
  ],
  "reward": 0.03400000184774399,
  "found_victim": false
}