{
  "seed": 98293,
  "state_vector": [
    0.10128571093082428,
    12.0,
    3.0,
    1.0,
    768.2612915039062,
    348.27667236328125
  ],
  "subgoals": [
    [
      521.9991550193884,
      127.78816493320832
    ],
    [
      745.8123993799576,
      39.22829902652161
    ],
    [
      583.0828549660406,
      270.57964279964045
    ]
  ],
  "reward": 0.05064285546541214,
  "found_victim": false
}