{
  "seed": 29829,
  "state_vector": [
    0.13985714316368103,
    12.0,
    3.0,
    1.0,
    702.9234008789062,
    349.5360412597656
  ],
  "subgoals": [
    [
      786.089577851193,
      529.8186638898705
    ],
    [
      909.8781232518181,
      298.3413859370313
    ],
    [
      481.85964777569103,
      75.67087878096153
    ]
  ],
  "reward": 0.06992857158184052,
  "found_victim": false
}