{
  "seed": 30077,
  "state_vector": [
    0.1551428586244583,
    12.0,
    1.0,
    1.0,
    410.2333679199219,
    380.40484619140625
  ],
  "subgoals": [
    [
      241.36768980869203,
      320.3120299369845
    ],
    [
      203.05222079564697,
      634.4241521019833
    ],
    [
      648.1038747318872,
      466.8728231573807
    ]
  ],
  "reward": 0.07757142931222916,
  "found_victim": false
}