{
  "seed": 8589,
  "state_vector": [
    0.11842857301235199,
    12.0,
    3.0,
    1.0,
    202.1192169189453,
    314.43341064453125
  ],
  "subgoals": [
    [
      834.1207728615375,
      212.4969581164126
    ],
    [
      698.8180986761951,
      94.17071975471643
    ],
    [
      144.48256439479167,
      151.59516920670498
    ]
  ],
  "reward": 0.059214286506175995,
  "found_victim": false
}