{
  "seed": 28421,
  "state_vector": [
    0.11671428382396698,
    12.0,
    3.0,
    1.0,
    809.3995361328125,
    191.2179718017578
  ],
  "subgoals": [
    [
      443.2331979223335,
      425.1720740255116
    ],
    [
      734.4945810845276,
      622.0459820034228
    ],
    [
      311.778745544972,
      429.5343758436196
    ]
  ],
  "reward": 0.05835714191198349,
  "found_victim": false
}