{
  "seed": 87982,
  "state_vector": [
    0.12800000607967377,
    12.0,
    3.0,
    1.0,
    476.3883361816406,
    333.1744689941406
  ],
  "subgoals": [
    [
      922.8680665461093,
      556.835649104381
    ],
    [
      565.1164803745108,
      64.31961453347178
    ],
    [
      538.452973205209,
      609.5034599748656
    ]
  ],
  "reward": 0.06400000303983688,
  "found_victim": false
}