{
  "seed": 66005,
  "state_vector": [
    0.07199999690055847,
    12.0,
    3.0,
    1.0,
    374.8626708984375,
    260.041015625
  ],
  "subgoals": [
    [
      618.9292499464533,
      308.6402205552589
    ],
    [
      851.0599441932687,
      282.28493632569393
    ],
    [
      545.2787795896061,
      94.5768680705779
    ]
  ],
  "reward": 1.0,
  "found_victim": true
}