{
  "seed": 87047,
  "state_vector": [
    0.12371428310871124,
    12.0,
    2.0,
    1.0,
    213.3125,
    185.6385040283203
  ],
  "subgoals": [
    [
      392.3820619096257,
      412.9136411580257
    ],
    [
      240.96979068008326,
      555.9023558622956
    ],
    [
      301.75078672825794,
      355.27584934531137
    ]
  ],
  "reward": 1.0,
  "found_victim": true
}