{
  "seed": 3146,
  "state_vector": [
    0.13928571343421936,
    12.0,
    3.0,
    1.0,
    909.7916259765625,
    670.9176635742188
  ],
  "subgoals": [
    [
      834.9003971149851,
      634.0859135076066
    ],
    [
      885.322130412577,
      236.9045761297284
    ],
    [
      296.90335468124624,
      220.05345222002381
    ]
  ],
  "reward": 0.06964285671710968,
  "found_victim": false
}