{
  "seed": 32637,
  "state_vector": [
    0.2247142791748047,
    12.0,
    2.0,
    1.0,
    331.28424072265625,
    269.2515563964844
  ],
  "subgoals": [
    [
      391.34476695802516,
      256.68502066318536
    ],
    [
      697.9020609511454,
      170.5442862221583
    ],
    [
      753.7898544428831,
      315.0474453585593
    ]
  ],
  "reward": 0.11235713958740234,
  "found_victim": false
}