{
  "seed": 56075,
  "state_vector": [
    0.19928571581840515,
    12.0,
    3.0,
    1.0,
    886.1392211914062,
    507.7102966308594
  ],
  "subgoals": [
    [
      47.55543859215016,
      269.66046339108107
    ],
    [
      754.7018902648176,
      95.67042914802656
    ],
    [
      371.3367324347212,
      467.6406558590744
    ]
  ],
  "reward": 0.09964285790920258,
  "found_victim": false
}