{
  "seed": 83863,
  "state_vector": [
    0.23428571224212646,
    12.0,
    3.0,
    1.0,
    575.52294921875,
    403.5341491699219
  ],
  "subgoals": [
    [
      140.3228941789735,
      480.48486065686296
    ],
    [
      696.2925595165856,
      407.5332962114195
    ],
    [
      604.0887763658981,
      616.9264909286977
    ]
  ],
  "reward": 0.11714285612106323,
  "found_victim": false
}