{
  "seed": 88194,
  "state_vector": [
    0.17928571999073029,
    12.0,
    3.0,
    1.0,
    477.6075439453125,
    382.34124755859375
  ],
  "subgoals": [
    [
      750.1507347333174,
      373.4696127005302
    ],
    [
      289.89782793522164,
      84.31358497743048
    ],
    [
      155.94318589097958,
      225.61491589055032
    ]
  ],
  "reward": 0.08964285999536514,
  "found_victim": false
}