{
  "seed": 73628,
  "state_vector": [
    0.17299999296665192,
    12.0,
    2.0,
    1.0,
    364.36669921875,
    295.8553161621094
  ],
  "subgoals": [
    [
      372.7572266415466,
      57.3464515926058
    ],
    [
      156.27615141874477,
      659.3299739980832
    ],
    [
      627.6461841386506,
      575.1041136348979
    ]
  ],
  "reward": 0.08649999648332596,
  "found_victim": false
}