{
  "seed": 54387,
  "state_vector": [
    0.10742857307195663,
    12.0,
    3.0,
    1.0,
    594.9605712890625,
    504.3695373535156
  ],
  "subgoals": [
    [
      760.678990413429,
      95.25303511284314
    ],
    [
      912.7285988784699,
      96.75471547613078
    ],
    [
      451.8342291123916,
      668.8010702536832
    ]
  ],
  "reward": 0.05371428653597832,
  "found_victim": false
}