{
  "seed": 16085,
  "state_vector": [
    0.21871428191661835,
    12.0,
    3.0,
    1.0,
    915.84521484375,
    160.22064208984375
  ],
  "subgoals": [
    [
      938.4049542021696,
      103.11934764506148
    ],
    [
      961.4581625829054,
      623.320402063843
    ],
    [
      482.37421842076935,
      573.0922110532172
    ]
  ],
  "reward": 0.10935714095830917,
  "found_victim": false
}