{
  "seed": 44781,
  "state_vector": [
    0.09099999815225601,
    12.0,
    3.0,
    1.0,
    518.8622436523438,
    565.9349365234375
  ],
  "subgoals": [
    [
      903.0272472008951,
      323.0695402061511
    ],
    [
      528.9828358892798,
      75.50986767583346
    ],
    [
      158.36458204116204,
      665.6574100667252
    ]
  ],
  "reward": 0.045499999076128006,
  "found_victim": false
}