{
  "seed": 97652,
  "state_vector": [
    0.13757142424583435,
    12.0,
    2.0,
    1.0,
    133.9436492919922,
    223.89964294433594
  ],
  "subgoals": [
    [
      221.25273563365613,
      348.27995169679934
    ],
    [
      666.3876958409553,
      233.73151833971207
    ],
    [
      684.5952820095234,
      647.9846196604877
    ]
  ],
  "reward": 0.06878571212291718,
  "found_victim": false
}