{
  "seed": 4058,
  "state_vector": [
    0.08242857456207275,
    12.0,
    3.0,
    1.0,
    522.7760620117188,
    188.54502868652344
  ],
  "subgoals": [
    [
      233.60723920184014,
      571.7593168161424
    ],
    [
      951.6932925041515,
      634.0228853342898
    ],
    [
      661.6505875733502,
      513.3068737535064
    ]
  ],
  "reward": 0.04121428728103638,
  "found_victim": false
}