{
  "seed": 17856,
  "state_vector": [
    0.13199999928474426,
    12.0,
    3.0,
    1.0,
    815.7874755859375,
    251.19361877441406
  ],
  "subgoals": [
    [
      270.9996693309215,
      56.08548290743322
    ],
    [
      660.3720709450004,
      417.5166984024859
    ],
    [
      261.4369959221003,
      594.7769384064169
    ]
  ],
  "reward": 0.06599999964237213,
  "found_victim": false
}