{
  "seed": 92858,
  "state_vector": [
    0.13457143306732178,
    12.0,
    2.0,
    1.0,
    195.75038146972656,
    348.7220458984375
  ],
  "subgoals": [
    [
      101.05157987895558,
      513.5441005270519
    ],
    [
      620.437425744429,
      32.353794483233855
    ],
    [
      528.7563328349033,
      279.06711501456476
    ]
  ],
  "reward": 0.06728571653366089,
  "found_victim": false
}