{
  "seed": 26355,
  "state_vector": [
    0.16257143020629883,
    12.0,
    3.0,
    1.0,
    637.1732788085938,
    43.4144287109375
  ],
  "subgoals": [
    [
      442.0669925539872,
      166.19950367054747
    ],
    [
      238.8486105255883,
      302.37871473842455
    ],
    [
      330.7262729654062,
      668.50860330851
    ]
  ],
  "reward": 0.08128571510314941,
  "found_victim": false
}