{
  "seed": 32899,
  "state_vector": [
    0.15000000596046448,
    12.0,
    3.0,
    1.0,
    613.6177368164062,
    497.6548767089844
  ],
  "subgoals": [
    [
      929.0809084865349,
      134.2927289216665
    ],
    [
      848.4012788514702,
      530.9975753881663
    ],
    [
      737.5947494326368,
      46.71867824882156
    ]
  ],
  "reward": 0.07500000298023224,
  "found_victim": false
}