{
  "seed": 38819,
  "state_vector": [
    0.05999999865889549,
    12.0,
    3.0,
    1.0,
    846.2869873046875,
    154.9684295654297
  ],
  "subgoals": [
    [
      579.7679888090745,
      121.09750703619078
    ],
    [
      44.99087665044235,
      317.9129092540071
    ],
    [
      846.3386794215589,
      319.1593625448713
    ]
  ],
  "reward": 0.029999999329447746,
  "found_victim": false
}