{
  "seed": 20494,
  "state_vector": [
    0.16814285516738892,
    12.0,
    0.0,
    1.0,
    563.3506469726562,
    346.2269592285156
  ],
  "subgoals": [
    [
      118.88857920909764,
      383.39074732128404
    ],
    [
      362.4435823074363,
      246.7604258673984
    ],
    [
      536.5338338329577,
      309.8812751908116
    ]
  ],
  "reward": 0.08407142758369446,
  "found_victim": false
}