{
  "seed": 37242,
  "state_vector": [
    0.04957142844796181,
    12.0,
    3.0,
    1.0,
    693.7245483398438,
    176.8307342529297
  ],
  "subgoals": [
    [
      427.9551918043485,
      86.71097017110583
    ],
    [
      853.5186884486152,
      342.75416913868025
    ],
    [
      860.8313293435712,
      512.621316623336
    ]
  ],
  "reward": 0.024785714223980904,
  "found_victim": false
}