{
  "seed": 89844,
  "state_vector": [
    0.06828571110963821,
    12.0,
    3.0,
    1.0,
    823.345458984375,
    227.55508422851562
  ],
  "subgoals": [
    [
      793.8680935893099,
      435.585323746149
    ],
    [
      122.26003014177326,
      490.0274284417475
    ],
    [
      850.8612583961249,
      106.78474155789189
    ]
  ],
  "reward": 0.03414285555481911,
  "found_victim": false
}