{
  "seed": 68740,
  "state_vector": [
    0.08471428602933884,
    12.0,
    3.0,
    1.0,
    511.6598205566406,
    305.26116943359375
  ],
  "subgoals": [
    [
      757.8718111332491,
      89.87008466059969
    ],
    [
      234.28476324578403,
      505.29358966406284
    ],
    [
      124.205625855642,
      609.3074240103754
    ]
  ],
  "reward": 1.0,
  "found_victim": true
}