{
  "seed": 93457,
  "state_vector": [
    0.1177142858505249,
    12.0,
    1.0,
    1.0,
    847.98681640625,
    233.0818634033203
  ],
  "subgoals": [
    [
      304.8461967229416,
      465.5749040361434
    ],
    [
      309.7055615975277,
      318.4885507887233
    ],
    [
      942.7756428711267,
      367.44615278085314
    ]
  ],
  "reward": 0.05885714292526245,
  "found_victim": false
}