{
  "seed": 73892,
  "state_vector": [
    0.0665714293718338,
    12.0,
    3.0,
    1.0,
    989.5447387695312,
    137.4959259033203
  ],
  "subgoals": [
    [
      635.7421742179578,
      176.13013937002
    ],
    [
      661.6466497489369,
      449.08203024702823
    ],
    [
      171.1253203054522,
      335.05665689791977
    ]
  ],
  "reward": 0.0332857146859169,
  "found_victim": false
}