{
  "seed": 20430,
  "state_vector": [
    0.09242857247591019,
    12.0,
    3.0,
    1.0,
    517.4053955078125,
    291.5484619140625
  ],
  "subgoals": [
    [
      535.5144550215404,
      294.39351244898944
    ],
    [
      748.4046959737325,
      70.21920990665066
    ],
    [
      345.98475325260733,
      104.96081748585489
    ]
  ],
  "reward": 0.04621428623795509,
  "found_victim": false
}