{
  "seed": 8359,
  "state_vector": [
    0.09271428734064102,
    12.0,
    3.0,
    1.0,
    398.8214416503906,
    230.96238708496094
  ],
  "subgoals": [
    [
      262.4336983404717,
      319.38215580409883
    ],
    [
      609.6335001854767,
      365.3437166039672
    ],
    [
      73.9619809437954,
      153.61227123049554
    ]
  ],
  "reward": 0.04635714367032051,
  "found_victim": false
}