{
  "seed": 5661,
  "state_vector": [
    0.09114285558462143,
    12.0,
    3.0,
    1.0,
    731.2467651367188,
    124.77851867675781
  ],
  "subgoals": [
    [
      212.6412419160552,
      546.3329785719203
    ],
    [
      286.3032127956347,
      626.9603403334711
    ],
    [
      716.9613785537726,
      305.9714782203755
    ]
  ],
  "reward": 0.045571427792310715,
  "found_victim": false
}