{
  "seed": 52732,
  "state_vector": [
    0.08642856776714325,
    12.0,
    3.0,
    1.0,
    399.39373779296875,
    364.4523620605469
  ],
  "subgoals": [
    [
      940.7927774738663,
      96.53699847316652
    ],
    [
      653.2336165347052,
      131.12766049814275
    ],
    [
      936.7046129904776,
      138.83199861466017
    ]
  ],
  "reward": 1.0,
  "found_victim": true
}