{
  "seed": 76882,
  "state_vector": [
    0.08157142996788025,
    12.0,
    3.0,
    1.0,
    463.56622314453125,
    424.7882995605469
  ],
  "subgoals": [
    [
      459.53589975200475,
      489.8288395825375
    ],
    [
      555.2905452000308,
      137.48419334212804
    ],
    [
      966.8402736388895,
      110.12942735993171
    ]
  ],
  "reward": 0.040785714983940125,
  "found_victim": false
}