{
  "seed": 43563,
  "state_vector": [
    0.12800000607967377,
    12.0,
    3.0,
    1.0,
    914.3530883789062,
    403.1610412597656
  ],
  "subgoals": [
    [
      452.9652513954665,
      85.56523342917615
    ],
    [
      889.4315953329923,
      106.65720435265847
    ],
    [
      676.3352112889207,
      54.949118677990896
    ]
  ],
  "reward": 0.06400000303983688,
  "found_victim": false
}