{
  "seed": 89708,
  "state_vector": [
    0.04100000113248825,
    12.0,
    3.0,
    1.0,
    854.7203369140625,
    68.16412353515625
  ],
  "subgoals": [
    [
      900.1531666733832,
      337.073517154872
    ],
    [
      304.0036183464239,
      266.9576284401051
    ],
    [
      408.1271657818093,
      414.3090148361031
    ]
  ],
  "reward": 0.020500000566244125,
  "found_victim": false
}