{
  "seed": 78413,
  "state_vector": [
    0.18571428954601288,
    12.0,
    3.0,
    1.0,
    345.32574462890625,
    342.519287109375
  ],
  "subgoals": [
    [
      644.8973981563798,
      459.9283215686043
    ],
    [
      214.41374491023078,
      111.09793479709502
    ],
    [
      466.5199723610797,
      441.7988774056815
    ]
  ],
  "reward": 0.09285714477300644,
  "found_victim": false
}