{
  "seed": 48579,
  "state_vector": [
    0.09600000083446503,
    12.0,
    3.0,
    1.0,
    618.499267578125,
    703.3668823242188
  ],
  "subgoals": [
    [
      337.5073610929378,
      63.74648495613883
    ],
    [
      449.8034273034551,
      454.6324072576644
    ],
    [
      694.617688011185,
      550.3457920094355
    ]
  ],
  "reward": 0.04800000041723251,
  "found_victim": false
}