{
  "seed": 68116,
  "state_vector": [
    0.21214285492897034,
    12.0,
    3.0,
    1.0,
    282.2296142578125,
    456.8896484375
  ],
  "subgoals": [
    [
      203.098862713165,
      250.15899492605783
    ],
    [
      949.268640281865,
      510.45673092018865
    ],
    [
      607.1098552693953,
      313.5591897475754
    ]
  ],
  "reward": 0.10607142746448517,
  "found_victim": false
}