{
  "seed": 33678,
  "state_vector": [
    0.10028571635484695,
    12.0,
    0.0,
    1.0,
    561.8186645507812,
    299.5132751464844
  ],
  "subgoals": [
    [
      782.9256473070268,
      193.19495055093887
    ],
    [
      265.1886725437506,
      669.0472530141212
    ],
    [
      602.0825963921365,
      108.30488904290547
    ]
  ],
  "reward": 0.05014285817742348,
  "found_victim": false
}