{
  "seed": 5334,
  "state_vector": [
    0.1850000023841858,
    12.0,
    1.0,
    1.0,
    706.299560546875,
    334.66302490234375
  ],
  "subgoals": [
    [
      172.47919346248375,
      163.7918347092831
    ],
    [
      886.6881993931105,
      548.0428224678511
    ],
    [
      754.047481048494,
      134.82534094674497
    ]
  ],
  "reward": 0.0925000011920929,
  "found_victim": false
}