{
  "seed": 94347,
  "state_vector": [
    0.1697142869234085,
    12.0,
    1.0,
    1.0,
    674.201904296875,
    337.9019470214844
  ],
  "subgoals": [
    [
      866.5578600235192,
      220.9252820795561
    ],
    [
      151.61853082160252,
      42.47299650590662
    ],
    [
      404.68399200727265,
      241.82457252110424
    ]
  ],
  "reward": 0.08485714346170425,
  "found_victim": false
}