{
  "seed": 75623,
  "state_vector": [
    0.09128571301698685,
    12.0,
    3.0,
    1.0,
    500.96356201171875,
    382.8008117675781
  ],
  "subgoals": [
    [
      263.7431787574162,
      573.3022786310308
    ],
    [
      159.6002226392392,
      99.64415311839637
    ],
    [
      872.5260510503554,
      487.5588547672155
    ]
  ],
  "reward": 0.04564285650849342,
  "found_victim": false
}