{
  "seed": 27492,
  "state_vector": [
    0.27071428298950195,
    12.0,
    3.0,
    1.0,
    412.4481201171875,
    478.1257629394531
  ],
  "subgoals": [
    [
      69.92197139612216,
      438.1158001000278
    ],
    [
      84.92112246278825,
      443.700563767536
    ],
    [
      254.6952244332469,
      447.0572933137918
    ]
  ],
  "reward": 0.13535714149475098,
  "found_victim": false
}