{
  "seed": 19034,
  "state_vector": [
    0.04185714200139046,
    12.0,
    2.0,
    1.0,
    879.1864013671875,
    111.11128997802734
  ],
  "subgoals": [
    [
      911.3327644342867,
      382.68933718208723
    ],
    [
      699.4359378310883,
      653.9019611954673
    ],
    [
      526.0030118759814,
      331.2544651641263
    ]
  ],
  "reward": 0.02092857100069523,
  "found_victim": false
}