{
  "seed": 95882,
  "state_vector": [
    0.062142856419086456,
    12.0,
    3.0,
    1.0,
    628.1167602539062,
    92.89079284667969
  ],
  "subgoals": [
    [
      334.55150709758874,
      52.25758287537836
    ],
    [
      56.63215101101151,
      31.017683202962374
    ],
    [
      205.71484209874842,
      615.3294503306803
    ]
  ],
  "reward": 0.031071428209543228,
  "found_victim": false
}