{
  "seed": 6330,
  "state_vector": [
    0.1404285728931427,
    12.0,
    3.0,
    1.0,
    405.3988342285156,
    805.2105102539062
  ],
  "subgoals": [
    [
      172.10612609661428,
      117.9729598874156
    ],
    [
      687.4347369663024,
      249.9615211345504
    ],
    [
      136.26646013741447,
      514.3895454461388
    ]
  ],
  "reward": 0.07021428644657135,
  "found_victim": false
}