{
  "seed": 5632,
  "state_vector": [
    0.11985713988542557,
    12.0,
    3.0,
    1.0,
    714.92822265625,
    258.8555603027344
  ],
  "subgoals": [
    [
      53.29421572299549,
      300.7461010362244
    ],
    [
      853.1675655582364,
      86.79220797931109
    ],
    [
      186.64175167462676,
      192.04267115014503
    ]
  ],
  "reward": 0.059928569942712784,
  "found_victim": false
}