{
  "seed": 72408,
  "state_vector": [
    0.17142857611179352,
    12.0,
    3.0,
    1.0,
    684.0528564453125,
    517.0747680664062
  ],
  "subgoals": [
    [
      435.7854944810498,
      531.4675067744212
    ],
    [
      506.3851490982814,
      660.416083508985
    ],
    [
      882.9369392395606,
      445.6043450054864
    ]
  ],
  "reward": 0.08571428805589676,
  "found_victim": false
}