{
  "seed": 64866,
  "state_vector": [
    0.11299999803304672,
    12.0,
    3.0,
    1.0,
    476.1210632324219,
    350.2005920410156
  ],
  "subgoals": [
    [
      92.15299005411637,
      501.46241024419874
    ],
    [
      293.5758226146439,
      414.0300609610424
    ],
    [
      123.50577890451866,
      348.02612024972746
    ]
  ],
  "reward": 0.05649999901652336,
  "found_victim": false
}