{
  "seed": 61668,
  "state_vector": [
    0.1567142903804779,
    12.0,
    3.0,
    1.0,
    806.931640625,
    497.2547607421875
  ],
  "subgoals": [
    [
      349.0694572682695,
      151.74621934917758
    ],
    [
      462.3207643376239,
      363.6159471941302
    ],
    [
      193.03580663474125,
      599.2928066664608
    ]
  ],
  "reward": 0.07835714519023895,
  "found_victim": false
}