{
  "seed": 42357,
  "state_vector": [
    0.16371428966522217,
    12.0,
    3.0,
    1.0,
    391.1407165527344,
    403.9963684082031
  ],
  "subgoals": [
    [
      454.6723901452448,
      407.82481458229995
    ],
    [
      487.9863005456889,
      581.6264264745643
    ],
    [
      62.451817697687694,
      204.46530757059145
    ]
  ],
  "reward": 0.08185714483261108,
  "found_victim": false
}