{
  "seed": 37442,
  "state_vector": [
    0.15128570795059204,
    12.0,
    3.0,
    1.0,
    229.47972106933594,
    599.0189208984375
  ],
  "subgoals": [
    [
      390.46283688131405,
      572.1255137835581
    ],
    [
      644.7395661953492,
      425.15922248848017
    ],
    [
      112.91810830409861,
      449.78328672834897
    ]
  ],
  "reward": 0.07564285397529602,
  "found_victim": false
}