{
  "seed": 98151,
  "state_vector": [
    0.015285714529454708,
    12.0,
    3.0,
    1.0,
    784.771728515625,
    10.239206314086914
  ],
  "subgoals": [
    [
      785.799344806334,
      497.25836129776326
    ],
    [
      541.8913044689725,
      615.7789697086171
    ],
    [
      245.51633313077497,
      520.2760620370744
    ]
  ],
  "reward": 0.007642857264727354,
  "found_victim": false
}