{
  "seed": 48341,
  "state_vector": [
    0.22628571093082428,
    12.0,
    3.0,
    1.0,
    766.3854370117188,
    602.319091796875
  ],
  "subgoals": [
    [
      731.2687471624115,
      198.61862750935336
    ],
    [
      387.23651306264316,
      369.72441192851767
    ],
    [
      728.8357156861811,
      480.2356947571844
    ]
  ],
  "reward": 0.11314285546541214,
  "found_victim": false
}