{
  "seed": 94038,
  "state_vector": [
    0.16814285516738892,
    12.0,
    3.0,
    1.0,
    572.2386474609375,
    346.9293518066406
  ],
  "subgoals": [
    [
      233.04562204771509,
      251.43665110288396
    ],
    [
      152.0653928983948,
      38.66721909469554
    ],
    [
      915.6506603182754,
      522.7864702662993
    ]
  ],
  "reward": 0.08407142758369446,
  "found_victim": false
}