{
  "seed": 29479,
  "state_vector": [
    0.18457143008708954,
    12.0,
    3.0,
    1.0,
    126.0356216430664,
    655.3871459960938
  ],
  "subgoals": [
    [
      421.79457181100025,
      529.212535809457
    ],
    [
      361.38118219305375,
      443.59138418890393
    ],
    [
      721.0979824757778,
      652.5101666614279
    ]
  ],
  "reward": 0.09228571504354477,
  "found_victim": false
}