{
  "seed": 78600,
  "state_vector": [
    0.17828571796417236,
    12.0,
    3.0,
    1.0,
    359.2536315917969,
    513.111328125
  ],
  "subgoals": [
    [
      276.09894324323227,
      662.5796567659391
    ],
    [
      42.78024035191471,
      545.9554982409494
    ],
    [
      680.2440029980038,
      369.5450038857714
    ]
  ],
  "reward": 0.08914285898208618,
  "found_victim": false
}