{
  "seed": 15896,
  "state_vector": [
    0.031142856925725937,
    12.0,
    3.0,
    1.0,
    913.9554443359375,
    87.8266372680664
  ],
  "subgoals": [
    [
      172.32411663595695,
      526.2718470052715
    ],
    [
      287.9520615921944,
      558.3142678647654
    ],
    [
      247.83484346126446,
      171.58851966032913
    ]
  ],
  "reward": 0.015571428462862968,
  "found_victim": false
}