{
  "seed": 35290,
  "state_vector": [
    0.1882857084274292,
    12.0,
    3.0,
    1.0,
    174.663330078125,
    541.3092041015625
  ],
  "subgoals": [
    [
      865.9906757783076,
      70.5757653859731
    ],
    [
      798.0611386046241,
      124.31414109623105
    ],
    [
      906.6299123829864,
      477.8968137626699
    ]
  ],
  "reward": 0.0941428542137146,
  "found_victim": false
}