{
  "seed": 75129,
  "state_vector": [
    0.1128571406006813,
    12.0,
    3.0,
    1.0,
    537.9486694335938,
    343.8131408691406
  ],
  "subgoals": [
    [
      425.6501320756723,
      408.1177144900373
    ],
    [
      312.2582696397162,
      112.91222961712194
    ],
    [
      495.6587087125672,
      590.5737606577201
    ]
  ],
  "reward": 0.05642857030034065,
  "found_victim": false
}