{
  "seed": 71634,
  "state_vector": [
    0.22671428322792053,
    12.0,
    2.0,
    1.0,
    632.703125,
    331.69891357421875
  ],
  "subgoals": [
    [
      302.1851516755067,
      59.18300613672152
    ],
    [
      430.8848636580982,
      279.5424700717764
    ],
    [
      871.8672330824321,
      515.722742588257
    ]
  ],
  "reward": 0.11335714161396027,
  "found_victim": false
}