{
  "seed": 97462,
  "state_vector": [
    0.10128571093082428,
    12.0,
    3.0,
    1.0,
    770.9151000976562,
    278.9652099609375
  ],
  "subgoals": [
    [
      189.13844605232183,
      279.390243680573
    ],
    [
      68.04950717462356,
      369.83312271654484
    ],
    [
      968.2539383941751,
      43.99306065775498
    ]
  ],
  "reward": 0.05064285546541214,
  "found_victim": false
}