{
  "seed": 7478,
  "state_vector": [
    0.023000000044703484,
    12.0,
    3.0,
    1.0,
    816.205078125,
    88.9886245727539
  ],
  "subgoals": [
    [
      35.133770910032176,
      401.373178386233
    ],
    [
      78.51923480003092,
      253.76770745391133
    ],
    [
      344.36959377263094,
      30.758534041453345
    ]
  ],
  "reward": 0.011500000022351742,
  "found_victim": false
}