{
  "seed": 56585,
  "state_vector": [
    0.06199999898672104,
    12.0,
    3.0,
    1.0,
    776.18994140625,
    372.2591857910156
  ],
  "subgoals": [
    [
      633.5499569899166,
      514.6681977894352
    ],
    [
      477.1482153839338,
      545.1477217072334
    ],
    [
      940.0001316910431,
      119.32271444647945
    ]
  ],
  "reward": 0.03099999949336052,
  "found_victim": false
}