{
  "seed": 53628,
  "state_vector": [
    0.1289999932050705,
    12.0,
    3.0,
    1.0,
    654.1595458984375,
    234.46295166015625
  ],
  "subgoals": [
    [
      967.5570264800916,
      649.728847948653
    ],
    [
      416.99702574970865,
      667.9278289484118
    ],
    [
      836.7010815175308,
      413.4428084080502
    ]
  ],
  "reward": 0.06449999660253525,
  "found_victim": false
}