{
  "seed": 74205,
  "state_vector": [
    0.15642857551574707,
    12.0,
    3.0,
    1.0,
    888.8532104492188,
    237.9907684326172
  ],
  "subgoals": [
    [
      851.5295839750906,
      619.0185186640938
    ],
    [
      564.6968272304844,
      354.70533859266175
    ],
    [
      114.824202429622,
      300.8075567679158
    ]
  ],
  "reward": 0.07821428775787354,
  "found_victim": false
}