{
  "seed": 11035,
  "state_vector": [
    0.19928571581840515,
    12.0,
    3.0,
    1.0,
    693.0587768554688,
    197.81922912597656
  ],
  "subgoals": [
    [
      379.4130180365258,
      210.18545439005038
    ],
    [
      501.7809301275125,
      245.1446137773848
    ],
    [
      955.3419232020505,
      580.729700313115
    ]
  ],
  "reward": 0.09964285790920258,
  "found_victim": false
}