{
  "seed": 15591,
  "state_vector": [
    0.25128570199012756,
    12.0,
    3.0,
    1.0,
    409.1911315917969,
    383.3397216796875
  ],
  "subgoals": [
    [
      588.1207993008784,
      265.4798853978531
    ],
    [
      894.154713011064,
      550.897904373531
    ],
    [
      601.2170539270637,
      70.90260215936176
    ]
  ],
  "reward": 0.12564285099506378,
  "found_victim": false
}