{
  "seed": 45135,
  "state_vector": [
    0.15285713970661163,
    12.0,
    2.0,
    1.0,
    395.27093505859375,
    354.4423522949219
  ],
  "subgoals": [
    [
      633.0402655787176,
      667.1309152476573
    ],
    [
      109.41590929277712,
      118.51476415943544
    ],
    [
      176.77072209728505,
      398.3924261128193
    ]
  ],
  "reward": 0.07642856985330582,
  "found_victim": false
}