{
  "seed": 46150,
  "state_vector": [
    0.14585714042186737,
    12.0,
    3.0,
    1.0,
    878.42529296875,
    358.25299072265625
  ],
  "subgoals": [
    [
      606.9306917930056,
      645.8597793336215
    ],
    [
      706.1536531632058,
      161.6353156552617
    ],
    [
      222.22924660834352,
      479.71598731507675
    ]
  ],
  "reward": 0.07292857021093369,
  "found_victim": false
}