{
  "seed": 51685,
  "state_vector": [
    0.10571428388357162,
    12.0,
    3.0,
    1.0,
    977.5401000976562,
    134.89456176757812
  ],
  "subgoals": [
    [
      167.4104191400901,
      32.904895195855275
    ],
    [
      710.7896951717582,
      261.89435564785106
    ],
    [
      771.1927477844448,
      545.1691421353336
    ]
  ],
  "reward": 0.05285714194178581,
  "found_victim": false
}