{
  "seed": 94974,
  "state_vector": [
    0.1581428498029709,
    12.0,
    3.0,
    1.0,
    797.2372436523438,
    318.9988708496094
  ],
  "subgoals": [
    [
      456.98846582058866,
      166.0645104674228
    ],
    [
      288.13162493589874,
      161.03712885911244
    ],
    [
      382.6705591454277,
      187.04094548181524
    ]
  ],
  "reward": 0.07907142490148544,
  "found_victim": false
}