{
  "seed": 92304,
  "state_vector": [
    0.13085713982582092,
    12.0,
    3.0,
    1.0,
    907.1192016601562,
    146.6317138671875
  ],
  "subgoals": [
    [
      508.62865190106453,
      378.147005237307
    ],
    [
      723.1275401350346,
      68.3528014414022
    ],
    [
      551.9220279768061,
      373.6608065071986
    ]
  ],
  "reward": 0.06542856991291046,
  "found_victim": false
}