{
  "seed": 73247,
  "state_vector": [
    0.09628571569919586,
    12.0,
    3.0,
    1.0,
    388.1744689941406,
    205.3368377685547
  ],
  "subgoals": [
    [
      348.84025107790524,
      525.8825211304966
    ],
    [
      534.0039162898888,
      482.35869741437386
    ],
    [
      202.321462892107,
      631.7360571379483
    ]
  ],
  "reward": 0.04814285784959793,
  "found_victim": false
}