{
  "seed": 9192,
  "state_vector": [
    0.15128570795059204,
    12.0,
    3.0,
    1.0,
    390.7760925292969,
    323.895751953125
  ],
  "subgoals": [
    [
      561.3532534703988,
      309.5155774112126
    ],
    [
      548.7321499319913,
      409.9071669502115
    ],
    [
      664.610605609442,
      351.87244458625196
    ]
  ],
  "reward": 1.0,
  "found_victim": true
}