{
  "seed": 81273,
  "state_vector": [
    0.07485714554786682,
    12.0,
    3.0,
    1.0,
    786.5066528320312,
    170.59036254882812
  ],
  "subgoals": [
    [
      967.415969612726,
      456.9444463202521
    ],
    [
      607.3150854676489,
      143.95806790986887
    ],
    [
      353.16530049676174,
      160.39119212281827
    ]
  ],
  "reward": 0.03742857277393341,
  "found_victim": false
}