{
  "seed": 15515,
  "state_vector": [
    0.13185714185237885,
    12.0,
    3.0,
    1.0,
    994.6381225585938,
    385.0386047363281
  ],
  "subgoals": [
    [
      98.16678045150634,
      249.61132001284824
    ],
    [
      858.9417226859733,
      358.8141895756823
    ],
    [
      829.7538152640723,
      359.9831597843744
    ]
  ],
  "reward": 0.06592857092618942,
  "found_victim": false
}