{
  "seed": 43144,
  "state_vector": [
    0.19200000166893005,
    12.0,
    3.0,
    1.0,
    116.50665283203125,
    469.86761474609375
  ],
  "subgoals": [
    [
      132.5883436349244,
      413.6179601758773
    ],
    [
      627.3966038614136,
      359.99340992931315
    ],
    [
      471.5210491246997,
      238.04805241945814
    ]
  ],
  "reward": 0.09600000083446503,
  "found_victim": false
}