{
  "seed": 87814,
  "state_vector": [
    0.13985714316368103,
    12.0,
    1.0,
    1.0,
    939.0037841796875,
    193.74432373046875
  ],
  "subgoals": [
    [
      649.9565343506031,
      492.7611775928258
    ],
    [
      928.9420629308293,
      260.747414180605
    ],
    [
      570.3198140715103,
      147.76641967192518
    ]
  ],
  "reward": 0.06992857158184052,
  "found_victim": false
}