{
  "seed": 22335,
  "state_vector": [
    0.11185714602470398,
    12.0,
    3.0,
    1.0,
    164.31292724609375,
    525.3314819335938
  ],
  "subgoals": [
    [
      385.8122431221635,
      316.8147283621125
    ],
    [
      128.14644014616042,
      93.11661301795667
    ],
    [
      507.1577607052688,
      154.62120055644766
    ]
  ],
  "reward": 0.05592857301235199,
  "found_victim": false
}