{
  "seed": 96983,
  "state_vector": [
    0.1314285695552826,
    12.0,
    3.0,
    1.0,
    641.9660034179688,
    327.732421875
  ],
  "subgoals": [
    [
      788.8639237832524,
      120.20410192695756
    ],
    [
      151.73926322163325,
      258.275433849405
    ],
    [
      154.89043805704762,
      128.0211650272309
    ]
  ],
  "reward": 0.0657142847776413,
  "found_victim": false
}