{
  "seed": 616,
  "state_vector": [
    0.07642856985330582,
    12.0,
    3.0,
    1.0,
    623.0182495117188,
    152.5632781982422
  ],
  "subgoals": [
    [
      713.1403630402152,
      288.489752185906
    ],
    [
      922.0966818326591,
      112.12680898624065
    ],
    [
      723.4297282679215,
      538.34672554085
    ]
  ],
  "reward": 0.03821428492665291,
  "found_victim": false
}