{
  "seed": 98295,
  "state_vector": [
    0.1908571422100067,
    12.0,
    3.0,
    1.0,
    641.6087036132812,
    527.0916748046875
  ],
  "subgoals": [
    [
      480.8099823132361,
      342.7292808036662
    ],
    [
      579.401848581218,
      274.52242044133556
    ],
    [
      336.08377143327067,
      669.1210896174841
    ]
  ],
  "reward": 0.09542857110500336,
  "found_victim": false
}