{
  "seed": 50093,
  "state_vector": [
    0.1648571491241455,
    12.0,
    3.0,
    1.0,
    510.8187561035156,
    293.3922424316406
  ],
  "subgoals": [
    [
      655.4705244181181,
      298.37851912512946
    ],
    [
      263.33726710964703,
      608.2938993108888
    ],
    [
      586.6681725823411,
      116.41295135595904
    ]
  ],
  "reward": 0.08242857456207275,
  "found_victim": false
}