{
  "seed": 45749,
  "state_vector": [
    0.06971428543329239,
    12.0,
    3.0,
    1.0,
    867.2218017578125,
    283.9679870605469
  ],
  "subgoals": [
    [
      432.16638172418914,
      385.2634522669917
    ],
    [
      48.21650184713734,
      290.28814260370837
    ],
    [
      241.04889846227206,
      195.2197406006509
    ]
  ],
  "reward": 0.034857142716646194,
  "found_victim": false
}