{
  "seed": 55991,
  "state_vector": [
    0.17985714972019196,
    12.0,
    3.0,
    1.0,
    730.8936767578125,
    508.00286865234375
  ],
  "subgoals": [
    [
      77.14505340705747,
      569.7692354755424
    ],
    [
      263.2166307910694,
      258.1112552240363
    ],
    [
      71.36334523167216,
      595.5938999503717
    ]
  ],
  "reward": 0.08992857486009598,
  "found_victim": false
}