{
  "seed": 46614,
  "state_vector": [
    0.16128571331501007,
    12.0,
    3.0,
    1.0,
    774.0372314453125,
    436.4420471191406
  ],
  "subgoals": [
    [
      639.7334180226082,
      218.1849062999965
    ],
    [
      594.5145661967408,
      532.0319507963977
    ],
    [
      324.4918465647776,
      536.7225272530223
    ]
  ],
  "reward": 0.08064285665750504,
  "found_victim": false
}