{
  "seed": 30259,
  "state_vector": [
    0.06614285707473755,
    12.0,
    3.0,
    1.0,
    510.1387939453125,
    524.489013671875
  ],
  "subgoals": [
    [
      245.0808099414921,
      74.78989289425847
    ],
    [
      334.63124262199267,
      550.1997738165369
    ],
    [
      320.11968840727536,
      237.9423197525923
    ]
  ],
  "reward": 0.033071428537368774,
  "found_victim": false
}