{
  "seed": 92675,
  "state_vector": [
    0.11028571426868439,
    12.0,
    3.0,
    1.0,
    962.0255126953125,
    453.6531066894531
  ],
  "subgoals": [
    [
      598.2767992728947,
      563.5577428434739
    ],
    [
      615.0599469848436,
      188.033150376126
    ],
    [
      357.442235215807,
      614.8980568396734
    ]
  ],
  "reward": 0.055142857134342194,
  "found_victim": false
}