{
  "seed": 94296,
  "state_vector": [
    0.164000004529953,
    12.0,
    1.0,
    1.0,
    244.97854614257812,
    307.539794921875
  ],
  "subgoals": [
    [
      955.130811929534,
      522.3923658298622
    ],
    [
      717.3120067125024,
      401.6481201503978
    ],
    [
      921.3840594767188,
      542.4663148935782
    ]
  ],
  "reward": 0.0820000022649765,
  "found_victim": false
}