{
  "seed": 19245,
  "state_vector": [
    0.1614285707473755,
    12.0,
    2.0,
    1.0,
    418.1795654296875,
    246.22084045410156
  ],
  "subgoals": [
    [
      593.3249538060217,
      619.292412923288
    ],
    [
      335.08093133327185,
      581.0718154321758
    ],
    [
      319.2952465310025,
      294.6950832299932
    ]
  ],
  "reward": 0.08071428537368774,
  "found_victim": false
}