{
  "seed": 81341,
  "state_vector": [
    0.10414285957813263,
    12.0,
    3.0,
    1.0,
    654.2947998046875,
    234.39187622070312
  ],
  "subgoals": [
    [
      280.0671194213432,
      431.28327324800097
    ],
    [
      564.7872229773648,
      594.6847345316003
    ],
    [
      824.0276533420305,
      279.48827442359544
    ]
  ],
  "reward": 0.052071429789066315,
  "found_victim": false
}