{
  "seed": 82578,
  "state_vector": [
    0.18228571116924286,
    12.0,
    0.0,
    1.0,
    635.3161010742188,
    306.2551574707031
  ],
  "subgoals": [
    [
      511.74293396863953,
      51.96713157848201
    ],
    [
      346.82719009323756,
      165.6834254937496
    ],
    [
      218.44749267221212,
      173.8416034937773
    ]
  ],
  "reward": 0.09114285558462143,
  "found_victim": false
}