{
  "seed": 63776,
  "state_vector": [
    0.24500000476837158,
    12.0,
    3.0,
    1.0,
    159.96986389160156,
    483.5773010253906
  ],
  "subgoals": [
    [
      694.1098243362549,
      101.94926763697879
    ],
    [
      789.8938599201146,
      243.64643434567108
    ],
    [
      357.86479102229924,
      33.934439178239586
    ]
  ],
  "reward": 0.12250000238418579,
  "found_victim": false
}