{
  "seed": 21052,
  "state_vector": [
    0.1120000034570694,
    12.0,
    3.0,
    1.0,
    894.8118896484375,
    720.063720703125
  ],
  "subgoals": [
    [
      822.2949723526223,
      596.5886420648609
    ],
    [
      181.7785417520731,
      448.6378788313798
    ],
    [
      687.4995794799056,
      362.40520225188
    ]
  ],
  "reward": 0.0560000017285347,
  "found_victim": false
}