{
  "seed": 96546,
  "state_vector": [
    0.06257142871618271,
    12.0,
    3.0,
    1.0,
    191.67803955078125,
    310.14703369140625
  ],
  "subgoals": [
    [
      465.17815589523116,
      407.2645527754428
    ],
    [
      351.9423017414067,
      205.89075300484234
    ],
    [
      962.2297063029091,
      64.96541891913616
    ]
  ],
  "reward": 0.031285714358091354,
  "found_victim": false
}