{
  "seed": 23352,
  "state_vector": [
    0.060428570955991745,
    12.0,
    3.0,
    1.0,
    507.6059265136719,
    155.45008850097656
  ],
  "subgoals": [
    [
      526.9913759720413,
      616.4601036182132
    ],
    [
      672.3569930827751,
      564.6630463713497
    ],
    [
      269.94084699390646,
      274.09924484155204
    ]
  ],
  "reward": 0.030214285477995872,
  "found_victim": false
}