{
  "seed": 86124,
  "state_vector": [
    0.17728571593761444,
    12.0,
    3.0,
    1.0,
    839.5130615234375,
    209.5584716796875
  ],
  "subgoals": [
    [
      203.1228589833462,
      127.78642375001098
    ],
    [
      757.4091734416925,
      297.38484360261106
    ],
    [
      170.1245994889708,
      419.2674716020796
    ]
  ],
  "reward": 0.08864285796880722,
  "found_victim": false
}