{
  "seed": 93636,
  "state_vector": [
    0.16842857003211975,
    12.0,
    2.0,
    1.0,
    145.18350219726562,
    370.81463623046875
  ],
  "subgoals": [
    [
      692.2656916799918,
      93.86037058936815
    ],
    [
      740.5755189904461,
      537.575670400169
    ],
    [
      699.4757307262086,
      514.6410073587082
    ]
  ],
  "reward": 0.08421428501605988,
  "found_victim": false
}