{
  "seed": 22009,
  "state_vector": [
    0.1388571411371231,
    12.0,
    3.0,
    1.0,
    24.956865310668945,
    590.0057983398438
  ],
  "subgoals": [
    [
      797.2402231004723,
      179.29303205064764
    ],
    [
      541.6716553894917,
      413.47882873990557
    ],
    [
      414.75368867425203,
      346.3511240913143
    ]
  ],
  "reward": 0.06942857056856155,
  "found_victim": false
}