{
  "seed": 96477,
  "state_vector": [
    0.1508571356534958,
    12.0,
    3.0,
    1.0,
    228.7333526611328,
    648.5165405273438
  ],
  "subgoals": [
    [
      96.8310927617601,
      62.709130167778184
    ],
    [
      819.923124565659,
      76.4781237434709
    ],
    [
      421.29521856379415,
      668.0955247187352
    ]
  ],
  "reward": 0.0754285678267479,
  "found_victim": false
}