{
  "seed": 62395,
  "state_vector": [
    0.20357142388820648,
    12.0,
    3.0,
    1.0,
    537.689697265625,
    266.83966064453125
  ],
  "subgoals": [
    [
      173.62264403477795,
      40.89707410477082
    ],
    [
      358.1553308230202,
      462.0775254770472
    ],
    [
      546.5400421573136,
      160.9840433902913
    ]
  ],
  "reward": 0.10178571194410324,
  "found_victim": false
}