{
  "seed": 64736,
  "state_vector": [
    0.1898571401834488,
    12.0,
    2.0,
    1.0,
    433.18304443359375,
    404.921142578125
  ],
  "subgoals": [
    [
      735.0757531183002,
      395.6292964502589
    ],
    [
      733.6577849484984,
      384.96110661509226
    ],
    [
      586.376098148934,
      276.8425451125537
    ]
  ],
  "reward": 0.0949285700917244,
  "found_victim": false
}