{
  "seed": 31874,
  "state_vector": [
    0.1841428577899933,
    12.0,
    3.0,
    1.0,
    612.321533203125,
    356.9716491699219
  ],
  "subgoals": [
    [
      155.85425641630093,
      356.06174001166346
    ],
    [
      830.0283013461917,
      267.5923958404411
    ],
    [
      541.4263108943244,
      347.5067707975478
    ]
  ],
  "reward": 0.09207142889499664,
  "found_victim": false
}