{
  "seed": 73552,
  "state_vector": [
    0.13014285266399384,
    12.0,
    3.0,
    1.0,
    726.6506958007812,
    345.7265319824219
  ],
  "subgoals": [
    [
      561.3952766024042,
      266.8998733395998
    ],
    [
      967.2280312709295,
      465.2002184173759
    ],
    [
      835.4190808002394,
      555.2507359646987
    ]
  ],
  "reward": 0.06507142633199692,
  "found_victim": false
}