{
  "seed": 3291,
  "state_vector": [
    0.12800000607967377,
    12.0,
    3.0,
    1.0,
    757.5694580078125,
    242.6116180419922
  ],
  "subgoals": [
    [
      835.0339744621334,
      271.9113208951528
    ],
    [
      585.3474523105879,
      386.3756699215591
    ],
    [
      857.2154089993771,
      75.36945528116696
    ]
  ],
  "reward": 0.06400000303983688,
  "found_victim": false
}