{
  "seed": 40496,
  "state_vector": [
    0.06300000101327896,
    12.0,
    3.0,
    1.0,
    1042.535888671875,
    274.5202331542969
  ],
  "subgoals": [
    [
      100.45947458966693,
      354.1278127457059
    ],
    [
      720.1603418268116,
      557.0879773810356
    ],
    [
      239.10008359168185,
      528.6253369300537
    ]
  ],
  "reward": 0.03150000050663948,
  "found_victim": false
}