{
  "seed": 6491,
  "state_vector": [
    0.1014285683631897,
    12.0,
    3.0,
    1.0,
    724.3224487304688,
    307.105712890625
  ],
  "subgoals": [
    [
      606.7885390635837,
      193.7310745284987
    ],
    [
      486.6198052611558,
      248.0444918244097
    ],
    [
      482.1478527365196,
      403.10339706646823
    ]
  ],
  "reward": 0.05071428418159485,
  "found_victim": false
}