{
  "seed": 78928,
  "state_vector": [
    0.11657142639160156,
    12.0,
    3.0,
    1.0,
    1054.694091796875,
    204.7349090576172
  ],
  "subgoals": [
    [
      439.8700438301753,
      56.23151137024493
    ],
    [
      250.4356485325567,
      219.48386692315216
    ],
    [
      311.04844678155945,
      576.988171456557
    ]
  ],
  "reward": 0.05828571319580078,
  "found_victim": false
}