{
  "seed": 99194,
  "state_vector": [
    0.19757142663002014,
    12.0,
    3.0,
    1.0,
    486.89068603515625,
    345.2249450683594
  ],
  "subgoals": [
    [
      414.94900354679487,
      84.73751447306299
    ],
    [
      635.6325188185011,
      245.02455790076255
    ],
    [
      827.7594852304335,
      242.1731009440117
    ]
  ],
  "reward": 0.09878571331501007,
  "found_victim": false
}