{
  "seed": 24942,
  "state_vector": [
    0.1062857136130333,
    12.0,
    3.0,
    1.0,
    619.041748046875,
    303.4224853515625
  ],
  "subgoals": [
    [
      246.964165407858,
      455.74905116519267
    ],
    [
      374.2065741252447,
      379.6061803540504
    ],
    [
      395.5522875791279,
      201.0465489978136
    ]
  ],
  "reward": 0.05314285680651665,
  "found_victim": false
}