{
  "seed": 84274,
  "state_vector": [
    0.12600000202655792,
    12.0,
    3.0,
    1.0,
    639.5626831054688,
    245.75198364257812
  ],
  "subgoals": [
    [
      679.2592550097612,
      422.8967066305048
    ],
    [
      459.91537523798263,
      605.0019293523073
    ],
    [
      781.3912278524945,
      518.8588315322934
    ]
  ],
  "reward": 0.06300000101327896,
  "found_victim": false
}