{
  "seed": 28512,
  "state_vector": [
    0.1047142893075943,
    12.0,
    3.0,
    1.0,
    939.1721801757812,
    431.68377685546875
  ],
  "subgoals": [
    [
      341.84152381908774,
      422.16928527119103
    ],
    [
      93.56407864579143,
      653.3901549962566
    ],
    [
      325.071917001148,
      218.8133089806086
    ]
  ],
  "reward": 0.05235714465379715,
  "found_victim": false
}