{
  "seed": 90667,
  "state_vector": [
    0.18371428549289703,
    12.0,
    2.0,
    1.0,
    474.4151611328125,
    364.2726745605469
  ],
  "subgoals": [
    [
      253.89900353320874,
      107.93985197167153
    ],
    [
      342.8174011998929,
      335.867237434001
    ],
    [
      925.031688988706,
      262.51054777393875
    ]
  ],
  "reward": 0.09185714274644852,
  "found_victim": false
}