{
  "seed": 1895,
  "state_vector": [
    0.136428564786911,
    12.0,
    1.0,
    1.0,
    17.985029220581055,
    312.612548828125
  ],
  "subgoals": [
    [
      573.3714450362328,
      359.56305002818044
    ],
    [
      135.5507253682431,
      336.6241455702761
    ],
    [
      708.301274426782,
      225.80895051198027
    ]
  ],
  "reward": 1.0,
  "found_victim": true
}