{
  "seed": 96093,
  "state_vector": [
    0.018857141956686974,
    12.0,
    3.0,
    1.0,
    725.31005859375,
    183.64437866210938
  ],
  "subgoals": [
    [
      656.7171921751349,
      652.720211601341
    ],
    [
      208.60549922368972,
      72.33214792202176
    ],
    [
      347.34085870997666,
      205.71745770946748
    ]
  ],
  "reward": 0.009428570978343487,
  "found_victim": false
}