{
  "seed": 78853,
  "state_vector": [
    0.10085714608430862,
    12.0,
    3.0,
    1.0,
    434.4347839355469,
    287.83734130859375
  ],
  "subgoals": [
    [
      742.7492751035037,
      416.1657561962347
    ],
    [
      390.0460246910864,
      189.4034717517746
    ],
    [
      439.97277022255577,
      56.35486702051281
    ]
  ],
  "reward": 0.05042857304215431,
  "found_victim": false
}