{
  "seed": 7369,
  "state_vector": [
    0.08257143199443817,
    12.0,
    3.0,
    1.0,
    898.8668212890625,
    269.5568542480469
  ],
  "subgoals": [
    [
      509.21718321731043,
      570.1590965400405
    ],
    [
      567.3264883022972,
      504.3259761464878
    ],
    [
      358.679419451044,
      235.84999565329275
    ]
  ],
  "reward": 0.041285715997219086,
  "found_victim": false
}