{
  "seed": 89284,
  "state_vector": [
    0.17114286124706268,
    12.0,
    3.0,
    1.0,
    449.0539245605469,
    263.51641845703125
  ],
  "subgoals": [
    [
      936.8588292718797,
      541.8968363142882
    ],
    [
      655.0657764711349,
      644.3268726394144
    ],
    [
      625.0805733473895,
      55.90406210815992
    ]
  ],
  "reward": 0.08557143062353134,
  "found_victim": false
}