{
  "seed": 77478,
  "state_vector": [
    0.10285714268684387,
    12.0,
    0.0,
    1.0,
    933.8748168945312,
    248.172119140625
  ],
  "subgoals": [
    [
      611.10925238566,
      146.53580463280576
    ],
    [
      647.1155315950323,
      512.6931440987686
    ],
    [
      693.4294504336641,
      507.7401706384905
    ]
  ],
  "reward": 0.051428571343421936,
  "found_victim": false
}