{
  "seed": 80766,
  "state_vector": [
    0.21485714614391327,
    12.0,
    2.0,
    1.0,
    114.18527221679688,
    319.2126770019531
  ],
  "subgoals": [
    [
      485.24835675563406,
      378.32205855664336
    ],
    [
      185.7507314437619,
      358.22973613811246
    ],
    [
      815.3833602879711,
      606.4707382128731
    ]
  ],
  "reward": 0.10742857307195663,
  "found_victim": false
}