{
  "seed": 17847,
  "state_vector": [
    0.10499999672174454,
    12.0,
    3.0,
    1.0,
    940.9453125,
    204.8985595703125
  ],
  "subgoals": [
    [
      801.2511216321232,
      636.725369530071
    ],
    [
      98.20331328944683,
      639.5551905211559
    ],
    [
      46.78669425503759,
      118.90285895942093
    ]
  ],
  "reward": 0.05249999836087227,
  "found_victim": false
}