{
  "seed": 5190,
  "state_vector": [
    0.023428572341799736,
    12.0,
    1.0,
    1.0,
    623.5467529296875,
    112.5435562133789
  ],
  "subgoals": [
    [
      103.40513441958943,
      224.58060065008766
    ],
    [
      482.3268114432412,
      57.303138765441375
    ],
    [
      226.58266854117878,
      338.63814810847373
    ]
  ],
  "reward": 0.011714286170899868,
  "found_victim": false
}