{
  "seed": 62347,
  "state_vector": [
    0.19114285707473755,
    12.0,
    3.0,
    1.0,
    478.21429443359375,
    404.1689147949219
  ],
  "subgoals": [
    [
      955.6619359272613,
      380.8655078268996
    ],
    [
      211.52194056653295,
      604.023017944154
    ],
    [
      108.6169127756882,
      586.4062601788024
    ]
  ],
  "reward": 0.09557142853736877,
  "found_victim": false
}