{
  "seed": 55125,
  "state_vector": [
    0.17499999701976776,
    12.0,
    3.0,
    1.0,
    490.2729187011719,
    354.1994934082031
  ],
  "subgoals": [
    [
      958.6460150220314,
      107.66929418935376
    ],
    [
      919.3398552169112,
      389.6184463736465
    ],
    [
      918.298117171464,
      67.17794049197579
    ]
  ],
  "reward": 1.0,
  "found_victim": true
}