{
  "seed": 80286,
  "state_vector": [
    0.11385714262723923,
    12.0,
    3.0,
    1.0,
    786.3778686523438,
    209.88148498535156
  ],
  "subgoals": [
    [
      103.4866548287372,
      640.7022002670152
    ],
    [
      372.3575727987225,
      466.3464021744552
    ],
    [
      626.9237148510443,
      586.6340132049215
    ]
  ],
  "reward": 0.056928571313619614,
  "found_victim": false
}