{
  "seed": 36919,
  "state_vector": [
    0.08885714411735535,
    12.0,
    3.0,
    1.0,
    1002.6953125,
    392.2579650878906
  ],
  "subgoals": [
    [
      511.3640301305406,
      278.3225137210719
    ],
    [
      931.5611680133707,
      434.39107194251676
    ],
    [
      835.3297726780896,
      172.9526203549294
    ]
  ],
  "reward": 0.04442857205867767,
  "found_victim": false
}