{
  "seed": 8068,
  "state_vector": [
    0.15628571808338165,
    12.0,
    3.0,
    1.0,
    639.4789428710938,
    291.07012939453125
  ],
  "subgoals": [
    [
      98.83634445943613,
      516.038062032856
    ],
    [
      714.5444108490394,
      80.06453421087954
    ],
    [
      699.8359925293933,
      226.9256946475411
    ]
  ],
  "reward": 0.07814285904169083,
  "found_victim": false
}