{
  "seed": 2263,
  "state_vector": [
    0.16771428287029266,
    12.0,
    3.0,
    1.0,
    548.9080810546875,
    175.0050048828125
  ],
  "subgoals": [
    [
      818.363551251082,
      201.7175702035442
    ],
    [
      674.1516321842386,
      184.4377962002801
    ],
    [
      499.21162370227376,
      480.12009996265374
    ]
  ],
  "reward": 0.08385714143514633,
  "found_victim": false
}