{
  "seed": 86735,
  "state_vector": [
    0.21714285016059875,
    12.0,
    3.0,
    1.0,
    440.6957092285156,
    461.30950927734375
  ],
  "subgoals": [
    [
      750.7184624261611,
      420.5114751538813
    ],
    [
      877.2223136681168,
      310.50629723828774
    ],
    [
      737.7451717636603,
      586.8755201908082
    ]
  ],
  "reward": 1.0,
  "found_victim": true
}