{
  "seed": 69873,
  "state_vector": [
    0.1915714293718338,
    12.0,
    3.0,
    1.0,
    542.2973022460938,
    316.73736572265625
  ],
  "subgoals": [
    [
      838.9823702945874,
      206.5191728590429
    ],
    [
      542.4607846097223,
      372.0916092290765
    ],
    [
      886.8263871812146,
      539.5149430284774
    ]
  ],
  "reward": 0.0957857146859169,
  "found_victim": false
}