{
  "seed": 59352,
  "state_vector": [
    0.1485714316368103,
    12.0,
    3.0,
    1.0,
    349.4790344238281,
    353.0799255371094
  ],
  "subgoals": [
    [
      714.6786879191934,
      447.3807880680733
    ],
    [
      160.63969194219342,
      301.69378247540124
    ],
    [
      181.44157990057326,
      538.0890226299485
    ]
  ],
  "reward": 0.07428571581840515,
  "found_victim": false
}