{
  "seed": 84467,
  "state_vector": [
    0.13300000131130219,
    12.0,
    3.0,
    1.0,
    940.9703979492188,
    141.51321411132812
  ],
  "subgoals": [
    [
      392.1671002914152,
      483.16784515163994
    ],
    [
      358.83828716150913,
      563.3264017123712
    ],
    [
      486.9477905990717,
      188.34190172379158
    ]
  ],
  "reward": 0.06650000065565109,
  "found_victim": false
}