{
  "seed": 643,
  "state_vector": [
    0.19042856991291046,
    12.0,
    3.0,
    1.0,
    762.6238403320312,
    648.1121826171875
  ],
  "subgoals": [
    [
      779.940396376943,
      542.2382058440046
    ],
    [
      69.42588421763887,
      215.76859574431623
    ],
    [
      405.71347917702917,
      203.5496590697727
    ]
  ],
  "reward": 0.09521428495645523,
  "found_victim": false
}