{
  "seed": 19882,
  "state_vector": [
    0.1258571445941925,
    12.0,
    3.0,
    1.0,
    423.32745361328125,
    385.6222839355469
  ],
  "subgoals": [
    [
      216.1811969753892,
      174.87557515500419
    ],
    [
      800.907160438905,
      635.4786258294835
    ],
    [
      128.1780142541748,
      427.84063142660904
    ]
  ],
  "reward": 0.06292857229709625,
  "found_victim": false
}