{
  "seed": 75964,
  "state_vector": [
    0.20999999344348907,
    12.0,
    3.0,
    1.0,
    616.868408203125,
    265.4881591796875
  ],
  "subgoals": [
    [
      816.2462119249568,
      357.382795712333
    ],
    [
      401.7963744595427,
      266.3949855523331
    ],
    [
      461.320264884645,
      437.89688657184865
    ]
  ],
  "reward": 0.10499999672174454,
  "found_victim": false
}