{
  "seed": 3612,
  "state_vector": [
    0.18314285576343536,
    12.0,
    3.0,
    1.0,
    1058.0908203125,
    442.4969177246094
  ],
  "subgoals": [
    [
      951.7213584357897,
      510.6814616621756
    ],
    [
      247.42557044098365,
      392.4676690133956
    ],
    [
      218.53300030866814,
      265.15036841260496
    ]
  ],
  "reward": 0.09157142788171768,
  "found_victim": false
}