{
  "seed": 96650,
  "state_vector": [
    0.1225714311003685,
    12.0,
    3.0,
    1.0,
    914.3307495117188,
    632.6168212890625
  ],
  "subgoals": [
    [
      458.6093180662465,
      505.3313363679125
    ],
    [
      295.76074241683233,
      597.795911210366
    ],
    [
      478.01303176525124,
      180.94460246198267
    ]
  ],
  "reward": 0.06128571555018425,
  "found_victim": false
}