{
  "seed": 61411,
  "state_vector": [
    0.15299999713897705,
    12.0,
    1.0,
    1.0,
    526.552001953125,
    537.0025024414062
  ],
  "subgoals": [
    [
      865.9413054239387,
      123.64012607094281
    ],
    [
      299.23608538192,
      203.47843652124283
    ],
    [
      781.1478660509867,
      239.8625295634343
    ]
  ],
  "reward": 0.07649999856948853,
  "found_victim": false
}