{
  "seed": 99056,
  "state_vector": [
    0.09071428328752518,
    12.0,
    0.0,
    1.0,
    369.64361572265625,
    559.5368041992188
  ],
  "subgoals": [
    [
      184.88850540253983,
      645.3412726027766
    ],
    [
      814.2432608988871,
      80.16968256665201
    ],
    [
      753.8254292442358,
      426.4820895638891
    ]
  ],
  "reward": 0.04535714164376259,
  "found_victim": false
}