{
  "seed": 93365,
  "state_vector": [
    0.06385714560747147,
    12.0,
    3.0,
    1.0,
    883.5503540039062,
    367.6100158691406
  ],
  "subgoals": [
    [
      63.7992025213598,
      504.25157704594017
    ],
    [
      837.8016479558427,
      214.0349074557485
    ],
    [
      532.6308668118941,
      229.38033848176588
    ]
  ],
  "reward": 0.03192857280373573,
  "found_victim": false
}