{
  "seed": 5732,
  "state_vector": [
    0.09342857450246811,
    12.0,
    1.0,
    1.0,
    714.9833984375,
    140.89317321777344
  ],
  "subgoals": [
    [
      522.9835366032835,
      240.99689957960044
    ],
    [
      522.1024761146857,
      219.640128010752
    ],
    [
      365.74021941896444,
      454.0803589269174
    ]
  ],
  "reward": 0.046714287251234055,
  "found_victim": false
}