{
  "seed": 63455,
  "state_vector": [
    0.12071428447961807,
    12.0,
    3.0,
    1.0,
    819.3455200195312,
    239.8746795654297
  ],
  "subgoals": [
    [
      422.03426973357097,
      626.4397273138522
    ],
    [
      104.84755828075627,
      280.04137883807545
    ],
    [
      552.7989099759919,
      517.3238647066582
    ]
  ],
  "reward": 0.060357142239809036,
  "found_victim": false
}