{
  "seed": 77428,
  "state_vector": [
    0.13585714995861053,
    12.0,
    3.0,
    1.0,
    189.76625061035156,
    501.81439208984375
  ],
  "subgoals": [
    [
      667.9691890614222,
      585.9341105819861
    ],
    [
      925.2008320982944,
      370.4197360136124
    ],
    [
      309.11601024353973,
      92.71975959187188
    ]
  ],
  "reward": 0.06792857497930527,
  "found_victim": false
}