{
  "seed": 6971,
  "state_vector": [
    0.2515714168548584,
    12.0,
    2.0,
    1.0,
    439.0576477050781,
    443.10107421875
  ],
  "subgoals": [
    [
      481.07957184110137,
      417.31075864254655
    ],
    [
      433.5035298635689,
      38.710909989157116
    ],
    [
      416.4361230497636,
      224.153432482237
    ]
  ],
  "reward": 0.1257857084274292,
  "found_victim": false
}