{
  "seed": 32879,
  "state_vector": [
    0.17485713958740234,
    12.0,
    2.0,
    1.0,
    735.51708984375,
    327.6773986816406
  ],
  "subgoals": [
    [
      416.3801879074735,
      295.9653550734487
    ],
    [
      288.1369127647274,
      388.65491008238143
    ],
    [
      706.5558360358599,
      74.67877476786072
    ]
  ],
  "reward": 0.08742856979370117,
  "found_victim": false
}