{
  "seed": 44195,
  "state_vector": [
    0.09214285761117935,
    12.0,
    3.0,
    1.0,
    809.5624389648438,
    281.8049621582031
  ],
  "subgoals": [
    [
      179.6004734136588,
      516.7419036797036
    ],
    [
      704.0352807023067,
      383.1934162310329
    ],
    [
      556.0828545903497,
      648.8667157683799
    ]
  ],
  "reward": 0.046071428805589676,
  "found_victim": false
}