{
  "seed": 59573,
  "state_vector": [
    0.1362857073545456,
    12.0,
    3.0,
    1.0,
    644.8363647460938,
    481.8113708496094
  ],
  "subgoals": [
    [
      152.35363613385752,
      396.7445864753037
    ],
    [
      740.9720076830034,
      334.4585173634007
    ],
    [
      607.0917077202198,
      453.451838197961
    ]
  ],
  "reward": 0.0681428536772728,
  "found_victim": false
}