{
  "seed": 12846,
  "state_vector": [
    0.13099999725818634,
    12.0,
    3.0,
    1.0,
    383.5201110839844,
    454.6462097167969
  ],
  "subgoals": [
    [
      36.395136557971234,
      371.0360657586727
    ],
    [
      537.5960274099663,
      209.56013168886273
    ],
    [
      928.7273461462074,
      441.60043862414676
    ]
  ],
  "reward": 0.06549999862909317,
  "found_victim": false
}