{
  "seed": 73857,
  "state_vector": [
    0.06942857056856155,
    12.0,
    3.0,
    1.0,
    530.5286865234375,
    205.4480743408203
  ],
  "subgoals": [
    [
      839.3293414091314,
      203.7699247928404
    ],
    [
      663.5087970846419,
      379.3107438421016
    ],
    [
      931.7721108633651,
      560.7438034362738
    ]
  ],
  "reward": 0.03471428528428078,
  "found_victim": false
}