{
  "seed": 74992,
  "state_vector": [
    0.09957142919301987,
    12.0,
    3.0,
    1.0,
    860.9396362304688,
    315.48992919921875
  ],
  "subgoals": [
    [
      176.66786331037994,
      401.5176659645047
    ],
    [
      111.8032748491763,
      172.08555752051643
    ],
    [
      343.4746856457303,
      449.10390872417804
    ]
  ],
  "reward": 0.049785714596509933,
  "found_victim": false
}