{
  "seed": 40701,
  "state_vector": [
    0.12528571486473083,
    12.0,
    3.0,
    1.0,
    631.33642578125,
    404.49713134765625
  ],
  "subgoals": [
    [
      886.8634719704695,
      266.45351687745494
    ],
    [
      748.7580237751408,
      332.5374438398154
    ],
    [
      863.0609527809532,
      337.0281788229033
    ]
  ],
  "reward": 0.06264285743236542,
  "found_victim": false
}