{
  "seed": 68710,
  "state_vector": [
    0.10842857509851456,
    12.0,
    2.0,
    1.0,
    742.2096557617188,
    299.4860534667969
  ],
  "subgoals": [
    [
      490.0885277379245,
      606.3245628145235
    ],
    [
      50.80590633705426,
      71.10438064466983
    ],
    [
      168.7917748119096,
      45.49024280349762
    ]
  ],
  "reward": 0.05421428754925728,
  "found_victim": false
}