{
  "seed": 96858,
  "state_vector": [
    0.07242856919765472,
    12.0,
    3.0,
    1.0,
    846.8983764648438,
    161.2319793701172
  ],
  "subgoals": [
    [
      517.2377618617446,
      564.2576973462915
    ],
    [
      120.22793759738109,
      89.1569594230797
    ],
    [
      440.53868320343094,
      225.2492267761403
    ]
  ],
  "reward": 0.03621428459882736,
  "found_victim": false
}