{
  "seed": 17803,
  "state_vector": [
    0.0989999994635582,
    12.0,
    3.0,
    1.0,
    925.1712646484375,
    285.9080505371094
  ],
  "subgoals": [
    [
      309.5204047755516,
      577.4251507754531
    ],
    [
      422.7738072696421,
      108.57027476672009
    ],
    [
      327.8734293971053,
      336.0347800668961
    ]
  ],
  "reward": 0.0494999997317791,
  "found_victim": false
}