{
  "seed": 59097,
  "state_vector": [
    0.1825714260339737,
    12.0,
    1.0,
    1.0,
    520.1527099609375,
    319.71099853515625
  ],
  "subgoals": [
    [
      146.02620709970478,
      222.44190965227233
    ],
    [
      583.3714223242102,
      483.04704391993937
    ],
    [
      238.31904685311738,
      499.7895239182188
    ]
  ],
  "reward": 0.09128571301698685,
  "found_victim": false
}