{
  "seed": 14651,
  "state_vector": [
    0.15614286065101624,
    12.0,
    3.0,
    1.0,
    566.5731811523438,
    419.8129577636719
  ],
  "subgoals": [
    [
      903.1146546793487,
      116.98920205736691
    ],
    [
      185.4482647054463,
      64.97383622145357
    ],
    [
      109.60343944343158,
      71.93266086575136
    ]
  ],
  "reward": 0.07807143032550812,
  "found_victim": false
}