{
  "seed": 34552,
  "state_vector": [
    0.24785713851451874,
    12.0,
    3.0,
    1.0,
    420.8902282714844,
    517.6207885742188
  ],
  "subgoals": [
    [
      578.1949483637346,
      174.1023178658982
    ],
    [
      291.67190930714264,
      97.01512350729658
    ],
    [
      464.3110550314073,
      533.922398243674
    ]
  ],
  "reward": 0.12392856925725937,
  "found_victim": false
}