{
  "seed": 80174,
  "state_vector": [
    0.15614286065101624,
    12.0,
    3.0,
    1.0,
    209.87417602539062,
    319.40594482421875
  ],
  "subgoals": [
    [
      305.7761147192398,
      558.1279926182561
    ],
    [
      505.7195415325638,
      54.87198491160228
    ],
    [
      589.6313355271884,
      314.83462960738495
    ]
  ],
  "reward": 0.07807143032550812,
  "found_victim": false
}