{
  "seed": 32685,
  "state_vector": [
    0.12185714393854141,
    12.0,
    3.0,
    1.0,
    630.2477416992188,
    116.33427429199219
  ],
  "subgoals": [
    [
      280.57164114606337,
      200.28081296737406
    ],
    [
      645.4809371340726,
      600.9983907981973
    ],
    [
      539.694355922052,
      407.33547068896553
    ]
  ],
  "reward": 0.060928571969270706,
  "found_victim": false
}