{
  "seed": 39482,
  "state_vector": [
    0.060428570955991745,
    12.0,
    3.0,
    1.0,
    656.0186767578125,
    97.50753784179688
  ],
  "subgoals": [
    [
      609.8967869705551,
      361.58627140885807
    ],
    [
      907.4925273149117,
      452.11802249105773
    ],
    [
      598.0806142983578,
      76.82308050844291
    ]
  ],
  "reward": 0.030214285477995872,
  "found_victim": false
}