{
  "seed": 79236,
  "state_vector": [
    0.16171428561210632,
    12.0,
    0.0,
    1.0,
    551.579833984375,
    646.4738159179688
  ],
  "subgoals": [
    [
      196.6388382926157,
      83.86206386941836
    ],
    [
      166.7149437089875,
      371.11337141430977
    ],
    [
      900.1915864523411,
      162.66622486747977
    ]
  ],
  "reward": 0.08085714280605316,
  "found_victim": false
}