{
  "seed": 26953,
  "state_vector": [
    0.11657142639160156,
    12.0,
    3.0,
    1.0,
    587.04296875,
    164.21905517578125
  ],
  "subgoals": [
    [
      340.87587034118553,
      223.1844047136279
    ],
    [
      86.69454927363532,
      581.7007726275508
    ],
    [
      246.9562547424286,
      431.73600230810973
    ]
  ],
  "reward": 0.05828571319580078,
  "found_victim": false
}