{
  "seed": 90565,
  "state_vector": [
    0.08028571307659149,
    12.0,
    3.0,
    1.0,
    868.3377075195312,
    163.6236572265625
  ],
  "subgoals": [
    [
      756.4830664322022,
      658.9460358194292
    ],
    [
      912.7671081972545,
      509.14757212430067
    ],
    [
      182.4718866473233,
      397.2230190744082
    ]
  ],
  "reward": 0.040142856538295746,
  "found_victim": false
}