{
  "seed": 35236,
  "state_vector": [
    0.0747142881155014,
    12.0,
    3.0,
    1.0,
    867.0784301757812,
    187.70968627929688
  ],
  "subgoals": [
    [
      124.68820801108923,
      406.5568603089239
    ],
    [
      708.4757148797415,
      39.63121405084699
    ],
    [
      821.2588936157399,
      629.3241350432592
    ]
  ],
  "reward": 0.0373571440577507,
  "found_victim": false
}