{
  "seed": 87268,
  "state_vector": [
    0.2525714337825775,
    12.0,
    3.0,
    1.0,
    254.2012176513672,
    286.678955078125
  ],
  "subgoals": [
    [
      414.62938929782376,
      150.54464477576664
    ],
    [
      122.95264717531855,
      314.3714756706313
    ],
    [
      543.652968983923,
      572.6968333388913
    ]
  ],
  "reward": 0.12628571689128876,
  "found_victim": false
}