{
  "seed": 56413,
  "state_vector": [
    0.09242857247591019,
    12.0,
    2.0,
    1.0,
    578.3641967773438,
    249.82196044921875
  ],
  "subgoals": [
    [
      840.5362836935385,
      640.0070500772441
    ],
    [
      816.9519393431043,
      191.82688848551345
    ],
    [
      117.69642186998577,
      94.48827360777422
    ]
  ],
  "reward": 0.04621428623795509,
  "found_victim": false
}