{
  "seed": 33097,
  "state_vector": [
    0.05242856964468956,
    12.0,
    3.0,
    1.0,
    832.3851928710938,
    157.52024841308594
  ],
  "subgoals": [
    [
      307.9201795047732,
      529.6259746359732
    ],
    [
      856.7961729462645,
      155.59441991664826
    ],
    [
      136.34344160583993,
      361.10423110175986
    ]
  ],
  "reward": 0.02621428482234478,
  "found_victim": false
}