{
  "seed": 78369,
  "state_vector": [
    0.1589999943971634,
    12.0,
    3.0,
    1.0,
    615.2628173828125,
    545.7304077148438
  ],
  "subgoals": [
    [
      882.423072792864,
      81.4742226941312
    ],
    [
      722.0863048544038,
      219.47248775566288
    ],
    [
      855.4429303550709,
      389.45370480791695
    ]
  ],
  "reward": 0.0794999971985817,
  "found_victim": false
}