{
  "seed": 88965,
  "state_vector": [
    0.11457142978906631,
    12.0,
    1.0,
    1.0,
    244.1302947998047,
    155.82608032226562
  ],
  "subgoals": [
    [
      538.50971361336,
      323.0599525936126
    ],
    [
      314.1143134593728,
      277.49531984307595
    ],
    [
      181.29435887776205,
      163.73513487955108
    ]
  ],
  "reward": 0.05728571489453316,
  "found_victim": false
}