{
  "seed": 64480,
  "state_vector": [
    0.12399999797344208,
    12.0,
    0.0,
    1.0,
    519.75439453125,
    269.2243957519531
  ],
  "subgoals": [
    [
      349.0941110596024,
      591.107104454733
    ],
    [
      757.8893570036565,
      484.7175830170658
    ],
    [
      270.43532341087143,
      342.51364076478245
    ]
  ],
  "reward": 0.06199999898672104,
  "found_victim": false
}