{
  "seed": 28278,
  "state_vector": [
    0.204428568482399,
    12.0,
    3.0,
    1.0,
    702.9406127929688,
    307.8836975097656
  ],
  "subgoals": [
    [
      281.1893748685359,
      506.2926654135031
    ],
    [
      340.0886775079303,
      449.6364687003837
    ],
    [
      586.6169513131204,
      474.7631817749008
    ]
  ],
  "reward": 0.1022142842411995,
  "found_victim": false
}