{
  "seed": 57210,
  "state_vector": [
    0.10728571563959122,
    12.0,
    3.0,
    1.0,
    528.6563720703125,
    139.66526794433594
  ],
  "subgoals": [
    [
      404.19766794202184,
      86.20512423231368
    ],
    [
      464.4223600785437,
      548.746469070288
    ],
    [
      601.1233210299464,
      664.28711062807
    ]
  ],
  "reward": 0.05364285781979561,
  "found_victim": false
}