{
  "seed": 59505,
  "state_vector": [
    0.17671428620815277,
    12.0,
    1.0,
    1.0,
    665.8636474609375,
    412.9482421875
  ],
  "subgoals": [
    [
      638.525173761412,
      330.77225155905694
    ],
    [
      896.8330880427959,
      650.2207901879135
    ],
    [
      354.6661898559075,
      117.78964847619278
    ]
  ],
  "reward": 0.08835714310407639,
  "found_victim": false
}