{
  "seed": 90408,
  "state_vector": [
    0.0487142838537693,
    12.0,
    3.0,
    1.0,
    601.8897094726562,
    295.81597900390625
  ],
  "subgoals": [
    [
      425.81674913089626,
      163.51531829019427
    ],
    [
      771.1811623273052,
      297.3211714080082
    ],
    [
      739.2573825693419,
      438.8728492833858
    ]
  ],
  "reward": 0.02435714192688465,
  "found_victim": false
}