{
  "seed": 25098,
  "state_vector": [
    0.11385714262723923,
    11.0,
    3.0,
    1.0,
    745.78564453125,
    186.6934051513672
  ],
  "subgoals": [
    [
      741.2450949027976,
      227.5117214316647
    ],
    [
      498.5101106593497,
      372.4112892081684
    ],
    [
      268.2567284883322,
      529.8435311174495
    ]
  ],
  "reward": 0.056928571313619614,
  "found_victim": false
}