{
  "seed": 22111,
  "state_vector": [
    0.14057143032550812,
    12.0,
    3.0,
    1.0,
    888.4015502929688,
    232.78890991210938
  ],
  "subgoals": [
    [
      178.36656872760244,
      579.942880321497
    ],
    [
      428.41312218737033,
      263.361544998692
    ],
    [
      180.56360966395926,
      222.67102510159538
    ]
  ],
  "reward": 0.07028571516275406,
  "found_victim": false
}