{
  "seed": 93808,
  "state_vector": [
    0.049142856150865555,
    12.0,
    3.0,
    1.0,
    812.7369995117188,
    294.5870056152344
  ],
  "subgoals": [
    [
      608.597717006106,
      245.4562926487823
    ],
    [
      433.34843588535375,
      523.3780750152387
    ],
    [
      960.0579932915366,
      634.8752155683378
    ]
  ],
  "reward": 0.024571428075432777,
  "found_victim": false
}