{
  "seed": 41644,
  "state_vector": [
    0.09514285624027252,
    11.0,
    0.0,
    1.0,
    510.0671691894531,
    292.180419921875
  ],
  "subgoals": [
    [
      317.3084154964495,
      496.28839212009103
    ],
    [
      283.1767213109373,
      566.8998708793366
    ],
    [
      193.9630230879477,
      69.31304507967553
    ]
  ],
  "reward": 1.0,
  "found_victim": true
}