{
  "seed": 78282,
  "state_vector": [
    0.14171428978443146,
    12.0,
    2.0,
    1.0,
    372.9249572753906,
    290.3570556640625
  ],
  "subgoals": [
    [
      427.2784583917451,
      178.20235306785685
    ],
    [
      793.4262112754575,
      528.2773432431759
    ],
    [
      514.3921957455368,
      549.0447638689621
    ]
  ],
  "reward": 0.07085714489221573,
  "found_victim": false
}