{
  "seed": 84495,
  "state_vector": [
    0.1469999998807907,
    12.0,
    2.0,
    1.0,
    584.7244873046875,
    244.30528259277344
  ],
  "subgoals": [
    [
      458.11773518375895,
      438.5589004595688
    ],
    [
      462.1674893927539,
      70.67613307455176
    ],
    [
      241.27477602326277,
      327.14390253912285
    ]
  ],
  "reward": 0.07349999994039536,
  "found_victim": false
}