{
  "seed": 5783,
  "state_vector": [
    0.16985714435577393,
    12.0,
    0.0,
    1.0,
    394.155029296875,
    319.6258239746094
  ],
  "subgoals": [
    [
      338.4501093327748,
      491.8347009447339
    ],
    [
      489.21382696251663,
      270.32950311794906
    ],
    [
      78.40386943252912,
      450.3975115691197
    ]
  ],
  "reward": 0.08492857217788696,
  "found_victim": false
}