{
  "seed": 70937,
  "state_vector": [
    0.037142857909202576,
    12.0,
    3.0,
    1.0,
    551.04150390625,
    71.59912109375
  ],
  "subgoals": [
    [
      529.9702498164457,
      243.9490749448442
    ],
    [
      618.0669600645382,
      205.6101423787738
    ],
    [
      801.0110303203335,
      287.89430854069934
    ]
  ],
  "reward": 0.018571428954601288,
  "found_victim": false
}