{
  "seed": 5564,
  "state_vector": [
    0.1672857105731964,
    12.0,
    3.0,
    1.0,
    976.3104248046875,
    410.7079162597656
  ],
  "subgoals": [
    [
      48.170042296171886,
      666.2978015507724
    ],
    [
      444.3154800197447,
      334.88595534118446
    ],
    [
      507.0625907031266,
      490.5047949837684
    ]
  ],
  "reward": 0.0836428552865982,
  "found_victim": false
}