{
  "seed": 74619,
  "state_vector": [
    0.1672857105731964,
    12.0,
    3.0,
    1.0,
    438.9380187988281,
    238.66453552246094
  ],
  "subgoals": [
    [
      919.0734732515914,
      227.61558488302583
    ],
    [
      462.9802999482513,
      94.9944593862488
    ],
    [
      797.296690351923,
      336.5454983102587
    ]
  ],
  "reward": 0.0836428552865982,
  "found_victim": false
}