{
  "seed": 58704,
  "state_vector": [
    0.17571428418159485,
    12.0,
    3.0,
    1.0,
    828.7472534179688,
    305.26593017578125
  ],
  "subgoals": [
    [
      115.23899360509523,
      128.74418609752126
    ],
    [
      229.95126479263797,
      573.6192000810933
    ],
    [
      465.32752834791705,
      607.934482178709
    ]
  ],
  "reward": 0.08785714209079742,
  "found_victim": false
}