{
  "seed": 41557,
  "state_vector": [
    0.15600000321865082,
    12.0,
    3.0,
    1.0,
    720.1814575195312,
    305.3359375
  ],
  "subgoals": [
    [
      140.2914558607697,
      89.52670674078284
    ],
    [
      128.28834347641404,
      258.8308231862089
    ],
    [
      368.9925703242023,
      345.6954032967982
    ]
  ],
  "reward": 0.07800000160932541,
  "found_victim": false
}