{
  "seed": 36668,
  "state_vector": [
    0.10185714066028595,
    12.0,
    3.0,
    1.0,
    543.655029296875,
    327.75811767578125
  ],
  "subgoals": [
    [
      376.70044499638436,
      226.51623577714034
    ],
    [
      755.9146158880976,
      577.319579210458
    ],
    [
      692.9623770967521,
      167.2012243906949
    ]
  ],
  "reward": 0.050928570330142975,
  "found_victim": false
}