{
  "seed": 65677,
  "state_vector": [
    0.08571428805589676,
    12.0,
    3.0,
    1.0,
    582.4540405273438,
    433.0838317871094
  ],
  "subgoals": [
    [
      233.23867960096015,
      266.4891099614538
    ],
    [
      389.95800120158367,
      198.6966424473979
    ],
    [
      287.9976745812549,
      445.68343656182896
    ]
  ],
  "reward": 0.04285714402794838,
  "found_victim": false
}