{
  "seed": 73490,
  "state_vector": [
    0.08271428942680359,
    12.0,
    0.0,
    1.0,
    552.5280151367188,
    298.84796142578125
  ],
  "subgoals": [
    [
      821.4679480721359,
      33.90286163574032
    ],
    [
      957.9840305800858,
      614.8048106016417
    ],
    [
      664.3053357783224,
      607.7817916695412
    ]
  ],
  "reward": 0.041357144713401794,
  "found_victim": false
}