{
  "seed": 8332,
  "state_vector": [
    0.10485713928937912,
    12.0,
    3.0,
    1.0,
    809.8756713867188,
    306.17181396484375
  ],
  "subgoals": [
    [
      613.0310798348537,
      151.74754797962606
    ],
    [
      832.6137901664904,
      136.67260163673262
    ],
    [
      88.88227018324028,
      54.2052996989738
    ]
  ],
  "reward": 0.05242856964468956,
  "found_victim": false
}