{
  "seed": 88771,
  "state_vector": [
    0.10971428453922272,
    12.0,
    1.0,
    1.0,
    872.1553344726562,
    277.95709228515625
  ],
  "subgoals": [
    [
      80.83165494728797,
      266.89580386959267
    ],
    [
      162.20146365519793,
      558.9023708456082
    ],
    [
      824.9221522407195,
      563.5752334525972
    ]
  ],
  "reward": 0.05485714226961136,
  "found_victim": false
}