{
  "seed": 33743,
  "state_vector": [
    0.05614285543560982,
    12.0,
    3.0,
    1.0,
    995.2929077148438,
    99.28910064697266
  ],
  "subgoals": [
    [
      947.9031464758868,
      452.29313155220257
    ],
    [
      533.8787301874017,
      600.8904457808404
    ],
    [
      474.2295588257723,
      40.80644125341394
    ]
  ],
  "reward": 0.02807142771780491,
  "found_victim": false
}