{
  "seed": 67675,
  "state_vector": [
    0.18057142198085785,
    12.0,
    3.0,
    1.0,
    140.75595092773438,
    391.4508972167969
  ],
  "subgoals": [
    [
      918.0076275346534,
      552.0998037316152
    ],
    [
      683.3846464382616,
      171.43960498568518
    ],
    [
      95.22896781367322,
      355.1977187956179
    ]
  ],
  "reward": 0.09028571099042892,
  "found_victim": false
}