{
  "seed": 17089,
  "state_vector": [
    0.09057142585515976,
    12.0,
    3.0,
    1.0,
    748.0289306640625,
    332.120849609375
  ],
  "subgoals": [
    [
      667.5244464026206,
      544.5220961617453
    ],
    [
      94.50991329235158,
      233.12445359988237
    ],
    [
      714.975124509194,
      235.24426720999708
    ]
  ],
  "reward": 0.04528571292757988,
  "found_victim": false
}