{
  "seed": 41411,
  "state_vector": [
    0.2312857210636139,
    12.0,
    3.0,
    1.0,
    303.7698059082031,
    314.6966247558594
  ],
  "subgoals": [
    [
      896.5578918738264,
      546.5674530210124
    ],
    [
      921.0359857778193,
      649.0432030970912
    ],
    [
      616.20868603822,
      406.219078017773
    ]
  ],
  "reward": 0.11564286053180695,
  "found_victim": false
}