{
  "seed": 94026,
  "state_vector": [
    0.13099999725818634,
    12.0,
    3.0,
    1.0,
    297.2008361816406,
    735.85791015625
  ],
  "subgoals": [
    [
      757.4991868053642,
      122.38138917564832
    ],
    [
      376.192630926617,
      166.85710080704445
    ],
    [
      155.53171697912694,
      233.99313804528327
    ]
  ],
  "reward": 0.06549999862909317,
  "found_victim": false
}