{
  "seed": 67434,
  "state_vector": [
    0.06257142871618271,
    12.0,
    3.0,
    1.0,
    802.80078125,
    280.5232849121094
  ],
  "subgoals": [
    [
      204.98420413739436,
      598.2412764928002
    ],
    [
      534.1542697034706,
      624.3547827440296
    ],
    [
      557.7287489869148,
      421.2738886336146
    ]
  ],
  "reward": 0.031285714358091354,
  "found_victim": false
}