{
  "seed": 89015,
  "state_vector": [
    0.15399999916553497,
    12.0,
    1.0,
    1.0,
    302.3697204589844,
    317.0061340332031
  ],
  "subgoals": [
    [
      225.63558743013303,
      139.0669628134465
    ],
    [
      507.71210242187476,
      290.0686849088465
    ],
    [
      731.9428953860988,
      473.904242705998
    ]
  ],
  "reward": 0.07699999958276749,
  "found_victim": false
}