{
  "seed": 86067,
  "state_vector": [
    0.22271429002285004,
    12.0,
    3.0,
    1.0,
    436.582763671875,
    687.2622680664062
  ],
  "subgoals": [
    [
      595.8040812348871,
      601.7722508225511
    ],
    [
      356.9802655862621,
      47.97999001644264
    ],
    [
      202.45497118414232,
      590.8106280115557
    ]
  ],
  "reward": 0.11135714501142502,
  "found_victim": false
}