{
  "seed": 13075,
  "state_vector": [
    0.12314286082983017,
    12.0,
    3.0,
    1.0,
    552.9400634765625,
    217.22073364257812
  ],
  "subgoals": [
    [
      536.5744774631864,
      84.0525946641992
    ],
    [
      746.0658833848763,
      532.9837609119855
    ],
    [
      797.5038855568715,
      140.99991591408468
    ]
  ],
  "reward": 0.061571430414915085,
  "found_victim": false
}