{
  "seed": 33203,
  "state_vector": [
    0.14628571271896362,
    12.0,
    1.0,
    1.0,
    260.5564880371094,
    330.8160400390625
  ],
  "subgoals": [
    [
      68.25203588454775,
      436.9517539098279
    ],
    [
      772.2000017660275,
      266.72976239429255
    ],
    [
      954.3413909521585,
      248.66570403307563
    ]
  ],
  "reward": 0.07314285635948181,
  "found_victim": false
}