{
  "seed": 47839,
  "state_vector": [
    0.1735714226961136,
    12.0,
    3.0,
    1.0,
    878.3530883789062,
    299.2544250488281
  ],
  "subgoals": [
    [
      206.75776612800124,
      505.41615935505456
    ],
    [
      363.7823171684719,
      508.79095264107184
    ],
    [
      450.24013008981694,
      324.73344481302775
    ]
  ],
  "reward": 0.0867857113480568,
  "found_victim": false
}