{
  "seed": 2353,
  "state_vector": [
    0.16871428489685059,
    12.0,
    3.0,
    1.0,
    617.1344604492188,
    264.51947021484375
  ],
  "subgoals": [
    [
      477.0350375552476,
      283.18194364265594
    ],
    [
      768.18584468785,
      574.8377559090169
    ],
    [
      234.38137387007453,
      343.5458717620793
    ]
  ],
  "reward": 0.08435714244842529,
  "found_victim": false
}