{
  "seed": 28555,
  "state_vector": [
    0.10571428388357162,
    12.0,
    3.0,
    1.0,
    520.834228515625,
    404.50567626953125
  ],
  "subgoals": [
    [
      588.0245923812917,
      396.66769857402727
    ],
    [
      233.92170460706205,
      636.0396564532489
    ],
    [
      527.5341828252876,
      140.98029084294367
    ]
  ],
  "reward": 0.05285714194178581,
  "found_victim": false
}