{
  "seed": 76374,
  "state_vector": [
    0.129857137799263,
    12.0,
    3.0,
    1.0,
    718.4677734375,
    192.6020965576172
  ],
  "subgoals": [
    [
      969.3066975560691,
      573.2895444726877
    ],
    [
      431.74313312075026,
      77.50129512204587
    ],
    [
      706.9401171967763,
      664.2618601171921
    ]
  ],
  "reward": 0.0649285688996315,
  "found_victim": false
}