{
  "seed": 88351,
  "state_vector": [
    0.17757143080234528,
    12.0,
    3.0,
    1.0,
    388.1070556640625,
    156.94920349121094
  ],
  "subgoals": [
    [
      201.48253252650676,
      101.37914952689023
    ],
    [
      55.246872121946765,
      87.87254228826853
    ],
    [
      847.1379365564313,
      204.16246704854743
    ]
  ],
  "reward": 0.08878571540117264,
  "found_victim": false
}