{
  "seed": 55940,
  "state_vector": [
    0.2014285773038864,
    12.0,
    3.0,
    1.0,
    855.545654296875,
    465.5502624511719
  ],
  "subgoals": [
    [
      701.7156197929748,
      197.17057764889518
    ],
    [
      937.4644595105689,
      635.1191934155879
    ],
    [
      141.62370482179495,
      88.12155251898794
    ]
  ],
  "reward": 0.1007142886519432,
  "found_victim": false
}