{
  "seed": 89367,
  "state_vector": [
    0.11328571289777756,
    12.0,
    3.0,
    1.0,
    732.531982421875,
    312.8033447265625
  ],
  "subgoals": [
    [
      432.18226571311004,
      164.78526471170227
    ],
    [
      588.8359769558837,
      275.0062334151927
    ],
    [
      388.2993126693365,
      153.51422061177067
    ]
  ],
  "reward": 0.05664285644888878,
  "found_victim": false
}