{
  "seed": 49753,
  "state_vector": [
    0.136428564786911,
    12.0,
    2.0,
    1.0,
    286.93914794921875,
    264.3648681640625
  ],
  "subgoals": [
    [
      595.5151622851944,
      141.95619118108425
    ],
    [
      56.002222440599255,
      606.1200873734986
    ],
    [
      219.66545208798465,
      87.6239092668601
    ]
  ],
  "reward": 0.0682142823934555,
  "found_victim": false
}