{
  "seed": 84810,
  "state_vector": [
    0.1768571436405182,
    12.0,
    3.0,
    1.0,
    994.7655029296875,
    194.35365295410156
  ],
  "subgoals": [
    [
      238.72872311170957,
      125.28416568613942
    ],
    [
      254.9215706817639,
      448.116077288079
    ],
    [
      538.4225115699796,
      648.1184187007701
    ]
  ],
  "reward": 0.0884285718202591,
  "found_victim": false
}