{
  "seed": 96641,
  "state_vector": [
    0.05471428483724594,
    12.0,
    1.0,
    1.0,
    752.56494140625,
    408.24090576171875
  ],
  "subgoals": [
    [
      575.6931289492883,
      526.688952678517
    ],
    [
      940.3073419970277,
      511.5584020847033
    ],
    [
      344.5100831065386,
      443.4241196046895
    ]
  ],
  "reward": 0.02735714241862297,
  "found_victim": false
}