{
  "seed": 75618,
  "state_vector": [
    0.14800000190734863,
    12.0,
    3.0,
    1.0,
    935.2545166015625,
    611.9580078125
  ],
  "subgoals": [
    [
      306.06513120587704,
      526.2128324213568
    ],
    [
      580.9609314409223,
      259.9341675945754
    ],
    [
      856.7463375106094,
      563.4251482421801
    ]
  ],
  "reward": 0.07400000095367432,
  "found_victim": false
}