{
  "seed": 32967,
  "state_vector": [
    0.15628571808338165,
    12.0,
    2.0,
    1.0,
    175.64297485351562,
    366.4754333496094
  ],
  "subgoals": [
    [
      104.64787523570389,
      341.76029677282077
    ],
    [
      452.1441037435735,
      206.97602817778716
    ],
    [
      299.0714432387712,
      368.4842089311613
    ]
  ],
  "reward": 0.07814285904169083,
  "found_victim": false
}