{
  "seed": 96294,
  "state_vector": [
    0.13657142221927643,
    12.0,
    2.0,
    1.0,
    452.12164306640625,
    315.6767272949219
  ],
  "subgoals": [
    [
      766.910187150715,
      145.55697043339785
    ],
    [
      84.79151273211707,
      95.52371745365022
    ],
    [
      530.2407418083676,
      136.94059664080248
    ]
  ],
  "reward": 0.06828571110963821,
  "found_victim": false
}