{
  "seed": 65837,
  "state_vector": [
    0.1485714316368103,
    12.0,
    1.0,
    1.0,
    260.67132568359375,
    264.7107238769531
  ],
  "subgoals": [
    [
      441.6775555923271,
      285.497690971161
    ],
    [
      762.0283430486745,
      355.7007299828316
    ],
    [
      782.866676981378,
      297.90318841285085
    ]
  ],
  "reward": 0.07428571581840515,
  "found_victim": false
}