{
  "seed": 17110,
  "state_vector": [
    0.129857137799263,
    12.0,
    2.0,
    1.0,
    784.7476196289062,
    218.95721435546875
  ],
  "subgoals": [
    [
      948.199071527053,
      438.7971507071572
    ],
    [
      715.9423481449141,
      192.2434121963213
    ],
    [
      357.6954771331783,
      125.10763209990685
    ]
  ],
  "reward": 0.0649285688996315,
  "found_victim": false
}