{
  "seed": 63368,
  "state_vector": [
    0.12957142293453217,
    12.0,
    3.0,
    1.0,
    1001.4173583984375,
    543.78662109375
  ],
  "subgoals": [
    [
      203.86063807112893,
      516.0804354786142
    ],
    [
      132.5441728178655,
      113.36002450848163
    ],
    [
      548.6995724621387,
      283.42618959334516
    ]
  ],
  "reward": 0.06478571146726608,
  "found_victim": false
}