{
  "seed": 19720,
  "state_vector": [
    0.08614286035299301,
    12.0,
    2.0,
    1.0,
    560.5090942382812,
    476.4841613769531
  ],
  "subgoals": [
    [
      909.6478397880547,
      511.26558795183905
    ],
    [
      473.0787240628511,
      619.019376568941
    ],
    [
      857.6980098713489,
      58.339017483708915
    ]
  ],
  "reward": 0.043071430176496506,
  "found_victim": false
}