{
  "seed": 80323,
  "state_vector": [
    0.2867142856121063,
    12.0,
    3.0,
    1.0,
    457.7228088378906,
    448.912109375
  ],
  "subgoals": [
    [
      508.04324920784336,
      229.95499392061043
    ],
    [
      128.38918492475977,
      645.3118384491838
    ],
    [
      778.2831617728144,
      327.9183149121874
    ]
  ],
  "reward": 0.14335714280605316,
  "found_victim": false
}