{
  "seed": 29473,
  "state_vector": [
    0.06400000303983688,
    12.0,
    3.0,
    1.0,
    745.46826171875,
    333.9046630859375
  ],
  "subgoals": [
    [
      196.86540878664667,
      614.350484844224
    ],
    [
      414.99078843775135,
      545.8745016376959
    ],
    [
      239.39746420035416,
      562.4989307760201
    ]
  ],
  "reward": 0.03200000151991844,
  "found_victim": false
}