{
  "seed": 42284,
  "state_vector": [
    0.17085714638233185,
    12.0,
    3.0,
    1.0,
    395.91656494140625,
    450.77557373046875
  ],
  "subgoals": [
    [
      487.00236512057427,
      380.07055770324143
    ],
    [
      486.87459873794734,
      433.284955041309
    ],
    [
      685.899096425351,
      456.4658463708633
    ]
  ],
  "reward": 0.08542857319116592,
  "found_victim": false
}