{
  "seed": 80397,
  "state_vector": [
    0.04857143014669418,
    12.0,
    3.0,
    1.0,
    949.052490234375,
    295.12322998046875
  ],
  "subgoals": [
    [
      99.54557131983107,
      347.31440165565573
    ],
    [
      31.97157935092369,
      178.879344342443
    ],
    [
      825.752728834664,
      528.6493576245061
    ]
  ],
  "reward": 0.02428571507334709,
  "found_victim": false
}