{
  "seed": 3191,
  "state_vector": [
    0.08671428263187408,
    12.0,
    3.0,
    1.0,
    735.4199829101562,
    240.99166870117188
  ],
  "subgoals": [
    [
      66.24213117118157,
      182.990232907863
    ],
    [
      815.8698751331435,
      533.1134678621592
    ],
    [
      924.9548080419115,
      516.578533663812
    ]
  ],
  "reward": 0.04335714131593704,
  "found_victim": false
}