{
  "seed": 32601,
  "state_vector": [
    0.07071428745985031,
    12.0,
    3.0,
    1.0,
    612.9290771484375,
    138.590576171875
  ],
  "subgoals": [
    [
      438.0545402505576,
      365.2871813479704
    ],
    [
      721.9380815822332,
      91.75742941274173
    ],
    [
      456.41334124542743,
      229.56019957758377
    ]
  ],
  "reward": 0.035357143729925156,
  "found_victim": false
}