{
  "seed": 13225,
  "state_vector": [
    0.06942857056856155,
    12.0,
    3.0,
    1.0,
    693.3938598632812,
    248.66746520996094
  ],
  "subgoals": [
    [
      919.3857245156875,
      466.38726887807377
    ],
    [
      299.9626009485981,
      50.70859994775326
    ],
    [
      768.1663795385558,
      336.7408956402601
    ]
  ],
  "reward": 0.03471428528428078,
  "found_victim": false
}