{
  "seed": 42168,
  "state_vector": [
    0.14414285123348236,
    12.0,
    3.0,
    1.0,
    622.1307373046875,
    385.8951416015625
  ],
  "subgoals": [
    [
      56.70206117004633,
      499.1582516504588
    ],
    [
      803.0606325531298,
      393.2666788259353
    ],
    [
      560.4647906874167,
      667.0106968337221
    ]
  ],
  "reward": 0.07207142561674118,
  "found_victim": false
}