{
  "seed": 29149,
  "state_vector": [
    0.14485713839530945,
    12.0,
    3.0,
    1.0,
    222.12191772460938,
    111.05384063720703
  ],
  "subgoals": [
    [
      939.1680982778263,
      168.96333629986998
    ],
    [
      967.9979340167948,
      361.47143840181616
    ],
    [
      69.27888802304679,
      171.53002300764177
    ]
  ],
  "reward": 0.07242856919765472,
  "found_victim": false
}