{
  "seed": 64076,
  "state_vector": [
    0.14228571951389313,
    12.0,
    3.0,
    1.0,
    576.2764892578125,
    301.2677001953125
  ],
  "subgoals": [
    [
      215.58214071572363,
      127.30063832968298
    ],
    [
      755.123772286391,
      522.5645067028915
    ],
    [
      148.3147990830169,
      89.91702878088425
    ]
  ],
  "reward": 0.07114285975694656,
  "found_victim": false
}