{
  "seed": 32359,
  "state_vector": [
    0.06714285910129547,
    12.0,
    3.0,
    1.0,
    976.1511840820312,
    318.356201171875
  ],
  "subgoals": [
    [
      205.4628328527672,
      323.61654445878185
    ],
    [
      888.1709305503001,
      230.01932258379503
    ],
    [
      728.9199460614731,
      589.4865412185231
    ]
  ],
  "reward": 0.033571429550647736,
  "found_victim": false
}