{
  "seed": 85574,
  "state_vector": [
    0.08971428871154785,
    12.0,
    3.0,
    1.0,
    477.1710205078125,
    324.00177001953125
  ],
  "subgoals": [
    [
      917.0143020804055,
      325.8424587567021
    ],
    [
      198.31280200082733,
      376.61669448339416
    ],
    [
      536.2099058915643,
      322.6514758084285
    ]
  ],
  "reward": 0.044857144355773926,
  "found_victim": false
}