{
  "seed": 60515,
  "state_vector": [
    0.10328571498394012,
    12.0,
    3.0,
    1.0,
    3.898488998413086,
    355.8741149902344
  ],
  "subgoals": [
    [
      717.859146839308,
      64.18496497378335
    ],
    [
      163.86706109475472,
      566.282590409681
    ],
    [
      735.655253803008,
      355.60926087431704
    ]
  ],
  "reward": 1.0,
  "found_victim": true
}