{
  "seed": 17978,
  "state_vector": [
    0.17414285242557526,
    12.0,
    0.0,
    1.0,
    757.5394897460938,
    337.57611083984375
  ],
  "subgoals": [
    [
      888.7746922784618,
      367.4173983917641
    ],
    [
      827.829405333196,
      469.23095034821694
    ],
    [
      382.02286209310535,
      275.14424917669254
    ]
  ],
  "reward": 0.08707142621278763,
  "found_victim": false
}