{
  "seed": 79335,
  "state_vector": [
    0.15728572010993958,
    12.0,
    0.0,
    1.0,
    295.8452453613281,
    379.79229736328125
  ],
  "subgoals": [
    [
      730.9762502423191,
      266.18344057327334
    ],
    [
      824.155506411769,
      278.58275722002566
    ],
    [
      308.2111636140623,
      616.0441505730014
    ]
  ],
  "reward": 0.07864286005496979,
  "found_victim": false
}