{
  "seed": 76480,
  "state_vector": [
    0.15714286267757416,
    12.0,
    1.0,
    1.0,
    254.71963500976562,
    364.9042663574219
  ],
  "subgoals": [
    [
      599.8775257391324,
      278.1191494150453
    ],
    [
      367.367375413721,
      289.4016863019334
    ],
    [
      797.736762013778,
      378.3287974715406
    ]
  ],
  "reward": 0.07857143133878708,
  "found_victim": false
}