{
  "seed": 35774,
  "state_vector": [
    0.08299999684095383,
    12.0,
    3.0,
    1.0,
    940.403076171875,
    290.1869812011719
  ],
  "subgoals": [
    [
      798.3691689376852,
      212.1485012878628
    ],
    [
      90.55604356321106,
      420.57398546519255
    ],
    [
      152.48604664630577,
      635.52828031295
    ]
  ],
  "reward": 0.04149999842047691,
  "found_victim": false
}