{
  "seed": 5681,
  "state_vector": [
    0.15700000524520874,
    12.0,
    3.0,
    1.0,
    658.1988525390625,
    234.59803771972656
  ],
  "subgoals": [
    [
      584.2933349822483,
      624.4907880897435
    ],
    [
      868.3363368884216,
      521.0899527032601
    ],
    [
      469.7555419244892,
      96.24803066665848
    ]
  ],
  "reward": 0.07850000262260437,
  "found_victim": false
}