{
  "seed": 69018,
  "state_vector": [
    0.18285714089870453,
    12.0,
    3.0,
    1.0,
    425.12091064453125,
    808.1856689453125
  ],
  "subgoals": [
    [
      578.4160373154592,
      342.7075199124815
    ],
    [
      320.79217968493265,
      331.17832105994023
    ],
    [
      937.7402598899636,
      93.269894685128
    ]
  ],
  "reward": 0.09142857044935226,
  "found_victim": false
}