{
  "seed": 66761,
  "state_vector": [
    0.14728571474552155,
    12.0,
    3.0,
    1.0,
    558.2122802734375,
    271.7891845703125
  ],
  "subgoals": [
    [
      638.8042447748495,
      234.78172389216894
    ],
    [
      216.99370176948105,
      153.07882229863685
    ],
    [
      240.94515788712033,
      176.560130518881
    ]
  ],
  "reward": 0.07364285737276077,
  "found_victim": false
}