{
  "seed": 96180,
  "state_vector": [
    0.2401428520679474,
    12.0,
    0.0,
    1.0,
    607.986572265625,
    622.4912109375
  ],
  "subgoals": [
    [
      807.6926177981783,
      332.92808973146055
    ],
    [
      655.9477005672055,
      630.7057888548629
    ],
    [
      325.06304483104566,
      228.098204388292
    ]
  ],
  "reward": 0.1200714260339737,
  "found_victim": false
}