{
  "seed": 64829,
  "state_vector": [
    0.19428572058677673,
    12.0,
    0.0,
    1.0,
    606.6163940429688,
    443.9082336425781
  ],
  "subgoals": [
    [
      815.2405440202847,
      30.829649621801778
    ],
    [
      720.0592504954575,
      563.9497229996811
    ],
    [
      808.4968243402768,
      550.3343157574194
    ]
  ],
  "reward": 1.0,
  "found_victim": true
}