{
  "seed": 8437,
  "state_vector": [
    0.03700000047683716,
    12.0,
    3.0,
    1.0,
    940.9171752929688,
    99.9710693359375
  ],
  "subgoals": [
    [
      466.22107946680904,
      667.4375760352106
    ],
    [
      46.21408416834403,
      160.62613625028163
    ],
    [
      475.8524702532131,
      105.92491241112825
    ]
  ],
  "reward": 0.01850000023841858,
  "found_victim": false
}