{
  "seed": 3658,
  "state_vector": [
    0.15271428227424622,
    12.0,
    2.0,
    1.0,
    345.3923034667969,
    376.4913024902344
  ],
  "subgoals": [
    [
      479.9363875393696,
      484.66280324362083
    ],
    [
      355.492541354246,
      471.8568644796983
    ],
    [
      691.0102046128054,
      105.56564779216963
    ]
  ],
  "reward": 0.07635714113712311,
  "found_victim": false
}