{
  "seed": 4271,
  "state_vector": [
    0.11157143115997314,
    12.0,
    3.0,
    1.0,
    322.1040344238281,
    548.9945068359375
  ],
  "subgoals": [
    [
      643.3359993721633,
      583.2310688939789
    ],
    [
      631.0036423435366,
      84.88349581016983
    ],
    [
      719.5770750239966,
      176.90431150935297
    ]
  ],
  "reward": 0.05578571557998657,
  "found_victim": false
}