{
  "seed": 38727,
  "state_vector": [
    0.19599999487400055,
    12.0,
    3.0,
    1.0,
    206.90711975097656,
    559.8723754882812
  ],
  "subgoals": [
    [
      726.9811914791435,
      107.21360754678933
    ],
    [
      459.14350956592114,
      241.4449984627006
    ],
    [
      525.173576998661,
      120.65525591119133
    ]
  ],
  "reward": 0.09799999743700027,
  "found_victim": false
}