{
  "seed": 42246,
  "state_vector": [
    0.15642857551574707,
    12.0,
    3.0,
    1.0,
    811.0987548828125,
    221.3834228515625
  ],
  "subgoals": [
    [
      828.776266276012,
      78.01338078549179
    ],
    [
      844.1099402510149,
      352.10241482256356
    ],
    [
      607.1447986260221,
      398.0280773578426
    ]
  ],
  "reward": 0.07821428775787354,
  "found_victim": false
}