{
  "seed": 84193,
  "state_vector": [
    0.17157143354415894,
    12.0,
    3.0,
    1.0,
    142.878662109375,
    451.8397521972656
  ],
  "subgoals": [
    [
      246.32789744718627,
      439.0860188520127
    ],
    [
      380.826709421228,
      33.44870068398052
    ],
    [
      115.78263684341505,
      196.42787947168154
    ]
  ],
  "reward": 0.08578571677207947,
  "found_victim": false
}