{
  "seed": 50991,
  "state_vector": [
    0.12557142972946167,
    12.0,
    3.0,
    1.0,
    766.7617797851562,
    58.105316162109375
  ],
  "subgoals": [
    [
      583.8815669271495,
      342.32019530074723
    ],
    [
      58.38044914900448,
      569.9612447980236
    ],
    [
      379.0656009062234,
      520.9765237372924
    ]
  ],
  "reward": 0.06278571486473083,
  "found_victim": false
}