{
  "seed": 45533,
  "state_vector": [
    0.03528571501374245,
    11.0,
    3.0,
    1.0,
    729.5733642578125,
    75.21288299560547
  ],
  "subgoals": [
    [
      952.3110040153754,
      250.7387080391443
    ],
    [
      478.58439237086765,
      625.1180270657742
    ],
    [
      232.15730356745718,
      478.4911227504248
    ]
  ],
  "reward": 0.017642857506871223,
  "found_victim": false
}