{
  "seed": 88185,
  "state_vector": [
    0.16099999845027924,
    12.0,
    3.0,
    1.0,
    676.4700317382812,
    546.9135131835938
  ],
  "subgoals": [
    [
      886.4490331105486,
      315.1039459173498
    ],
    [
      775.7763812148236,
      136.65012582380797
    ],
    [
      832.832813984841,
      485.94763323070777
    ]
  ],
  "reward": 0.08049999922513962,
  "found_victim": false
}