{
  "seed": 60629,
  "state_vector": [
    0.12285714596509933,
    12.0,
    3.0,
    1.0,
    357.21746826171875,
    414.89678955078125
  ],
  "subgoals": [
    [
      885.3980141744363,
      290.2135143963259
    ],
    [
      215.92058191989904,
      54.07484062478659
    ],
    [
      714.9487148902072,
      255.04016999126534
    ]
  ],
  "reward": 0.06142857298254967,
  "found_victim": false
}