{
  "seed": 93035,
  "state_vector": [
    0.08428571373224258,
    12.0,
    3.0,
    1.0,
    742.8988037109375,
    325.3872375488281
  ],
  "subgoals": [
    [
      847.5050353171694,
      125.5287532294723
    ],
    [
      92.55352521291024,
      574.5381701663647
    ],
    [
      838.2470769635354,
      286.12199817224143
    ]
  ],
  "reward": 0.04214285686612129,
  "found_victim": false
}