{
  "seed": 102,
  "state_vector": [
    0.07400000095367432,
    12.0,
    3.0,
    1.0,
    686.940185546875,
    126.68583679199219
  ],
  "subgoals": [
    [
      742.7138154291658,
      345.74851074159983
    ],
    [
      808.2240155275127,
      469.03312271368515
    ],
    [
      785.8887301483259,
      179.07994621582333
    ]
  ],
  "reward": 0.03700000047683716,
  "found_victim": false
}