{
  "seed": 75897,
  "state_vector": [
    0.12628571689128876,
    12.0,
    3.0,
    1.0,
    504.35198974609375,
    300.6935729980469
  ],
  "subgoals": [
    [
      911.882701556533,
      99.32142735653265
    ],
    [
      820.2056375940539,
      189.37582473340228
    ],
    [
      967.5863514882723,
      74.92480990921386
    ]
  ],
  "reward": 0.06314285844564438,
  "found_victim": false
}