{
  "seed": 15368,
  "state_vector": [
    0.14557142555713654,
    12.0,
    3.0,
    1.0,
    534.8431396484375,
    535.4854125976562
  ],
  "subgoals": [
    [
      207.63799622626266,
      152.7077132131832
    ],
    [
      300.69765563933987,
      398.4209966096316
    ],
    [
      848.3708880364234,
      90.85779716244339
    ]
  ],
  "reward": 0.07278571277856827,
  "found_victim": false
}