{
  "seed": 77838,
  "state_vector": [
    0.16985714435577393,
    12.0,
    3.0,
    1.0,
    586.683349609375,
    259.2001647949219
  ],
  "subgoals": [
    [
      559.2140730924406,
      149.44981292170672
    ],
    [
      55.06156898013519,
      326.4032754391801
    ],
    [
      185.05707934709955,
      475.6946614725758
    ]
  ],
  "reward": 0.08492857217788696,
  "found_victim": false
}