{
  "seed": 72013,
  "state_vector": [
    0.10585714131593704,
    12.0,
    3.0,
    1.0,
    767.8287353515625,
    489.5898132324219
  ],
  "subgoals": [
    [
      610.4834736411575,
      612.7959880348478
    ],
    [
      456.61342969078095,
      502.9835464771699
    ],
    [
      326.76797353275,
      424.4103364360842
    ]
  ],
  "reward": 0.05292857065796852,
  "found_victim": false
}