{
  "seed": 51699,
  "state_vector": [
    0.08157142996788025,
    12.0,
    3.0,
    1.0,
    590.8419189453125,
    332.833251953125
  ],
  "subgoals": [
    [
      143.28319968400223,
      243.63883876477877
    ],
    [
      184.98502400831165,
      471.93547645227517
    ],
    [
      693.2344230922089,
      580.872110119028
    ]
  ],
  "reward": 0.040785714983940125,
  "found_victim": false
}