{
  "seed": 28086,
  "state_vector": [
    0.1517142802476883,
    12.0,
    2.0,
    1.0,
    595.0233764648438,
    428.38873291015625
  ],
  "subgoals": [
    [
      753.5258949407926,
      214.26958458498893
    ],
    [
      697.134819373475,
      75.67634799217203
    ],
    [
      699.5533715370422,
      417.0469000893278
    ]
  ],
  "reward": 0.07585714012384415,
  "found_victim": false
}