{
  "seed": 88201,
  "state_vector": [
    0.15700000524520874,
    12.0,
    3.0,
    1.0,
    612.135009765625,
    468.5513916015625
  ],
  "subgoals": [
    [
      488.90380052282984,
      288.42957962653975
    ],
    [
      807.5565430872624,
      58.366047162430306
    ],
    [
      72.77251609758034,
      262.0235820741149
    ]
  ],
  "reward": 0.07850000262260437,
  "found_victim": false
}