{
  "seed": 30719,
  "state_vector": [
    0.07599999755620956,
    11.0,
    1.0,
    1.0,
    887.4922485351562,
    293.8062744140625
  ],
  "subgoals": [
    [
      659.3580670630319,
      88.36848976933915
    ],
    [
      621.7971646756334,
      57.457931839258194
    ],
    [
      831.9073509311959,
      447.36433880748837
    ]
  ],
  "reward": 0.03799999877810478,
  "found_victim": false
}