{
  "seed": 84123,
  "state_vector": [
    0.2199999988079071,
    12.0,
    3.0,
    1.0,
    231.03790283203125,
    363.7496032714844
  ],
  "subgoals": [
    [
      740.0156784359073,
      596.3786754583602
    ],
    [
      846.7283906960881,
      372.20541344075843
    ],
    [
      383.3595106828662,
      363.68228516326246
    ]
  ],
  "reward": 0.10999999940395355,
  "found_victim": false
}