{
  "seed": 25453,
  "state_vector": [
    0.06199999898672104,
    12.0,
    0.0,
    1.0,
    638.0042724609375,
    284.2379455566406
  ],
  "subgoals": [
    [
      155.01879499936427,
      132.5378132437856
    ],
    [
      562.7491461234737,
      603.2311875461669
    ],
    [
      726.7729433140569,
      128.89103440424407
    ]
  ],
  "reward": 0.03099999949336052,
  "found_victim": false
}