{
  "seed": 59190,
  "state_vector": [
    0.19900000095367432,
    12.0,
    3.0,
    1.0,
    370.97900390625,
    420.47137451171875
  ],
  "subgoals": [
    [
      492.764328188857,
      355.3543538860541
    ],
    [
      676.2051582245105,
      454.15738911800014
    ],
    [
      517.7130251959225,
      226.66088994463087
    ]
  ],
  "reward": 0.09950000047683716,
  "found_victim": false
}