{
  "seed": 9987,
  "state_vector": [
    0.10328571498394012,
    12.0,
    3.0,
    1.0,
    232.11256408691406,
    375.9945983886719
  ],
  "subgoals": [
    [
      629.805602676162,
      630.1846867935847
    ],
    [
      563.8918120963856,
      292.3709777480096
    ],
    [
      919.7394993017941,
      640.1494955295611
    ]
  ],
  "reward": 1.0,
  "found_victim": true
}