{
  "seed": 40927,
  "state_vector": [
    0.24899999797344208,
    12.0,
    2.0,
    1.0,
    128.11048889160156,
    200.04110717773438
  ],
  "subgoals": [
    [
      295.18580127267995,
      32.17838813738702
    ],
    [
      36.53806166901614,
      496.65551750807646
    ],
    [
      372.87089979085454,
      44.987190184239054
    ]
  ],
  "reward": 0.12449999898672104,
  "found_victim": false
}