{
  "seed": 69624,
  "state_vector": [
    0.1827142834663391,
    12.0,
    3.0,
    1.0,
    327.39190673828125,
    685.5435180664062
  ],
  "subgoals": [
    [
      957.9962903595024,
      616.5712156248923
    ],
    [
      503.83385622325363,
      510.9471777854684
    ],
    [
      328.9947745207555,
      294.9264085692028
    ]
  ],
  "reward": 0.09135714173316956,
  "found_victim": false
}