{
  "seed": 96325,
  "state_vector": [
    0.06114285811781883,
    12.0,
    3.0,
    1.0,
    433.24029541015625,
    257.2904357910156
  ],
  "subgoals": [
    [
      411.46132465547157,
      538.1013663676756
    ],
    [
      260.1180356006222,
      451.1088067001901
    ],
    [
      915.7559752135757,
      356.3415377902014
    ]
  ],
  "reward": 1.0,
  "found_victim": true
}