{
  "seed": 24895,
  "state_vector": [
    0.18400000035762787,
    12.0,
    3.0,
    1.0,
    729.56884765625,
    351.9786071777344
  ],
  "subgoals": [
    [
      318.4154815918365,
      443.57791299645294
    ],
    [
      777.398347558933,
      48.70362522811959
    ],
    [
      188.10926915625896,
      447.63126676328125
    ]
  ],
  "reward": 0.09200000017881393,
  "found_victim": false
}