{
  "seed": 97110,
  "state_vector": [
    0.03142857179045677,
    12.0,
    3.0,
    1.0,
    853.6611938476562,
    85.90941619873047
  ],
  "subgoals": [
    [
      559.8834939815628,
      387.99271585800653
    ],
    [
      662.5012607066211,
      612.2655564567006
    ],
    [
      230.80622287372057,
      212.3488522653102
    ]
  ],
  "reward": 0.015714285895228386,
  "found_victim": false
}