{
  "seed": 52414,
  "state_vector": [
    0.162285715341568,
    12.0,
    1.0,
    1.0,
    584.1429443359375,
    233.98158264160156
  ],
  "subgoals": [
    [
      818.1841717798998,
      207.13210658504232
    ],
    [
      490.51019044704674,
      639.970533030437
    ],
    [
      688.930722618911,
      280.40519750146893
    ]
  ],
  "reward": 0.081142857670784,
  "found_victim": false
}