{
  "seed": 15486,
  "state_vector": [
    0.2102857083082199,
    12.0,
    3.0,
    1.0,
    308.6827697753906,
    299.91754150390625
  ],
  "subgoals": [
    [
      664.9150801577124,
      102.59279215883247
    ],
    [
      150.71061699972347,
      587.2023146523928
    ],
    [
      816.0270376385139,
      150.8556443121961
    ]
  ],
  "reward": 0.10514285415410995,
  "found_victim": false
}