{
  "seed": 48290,
  "state_vector": [
    0.0852857157588005,
    12.0,
    3.0,
    1.0,
    900.4900512695312,
    128.3136444091797
  ],
  "subgoals": [
    [
      320.40785820789137,
      260.60311846490436
    ],
    [
      632.5759295441244,
      508.22076573118835
    ],
    [
      962.5884794407621,
      237.60636392913568
    ]
  ],
  "reward": 0.04264285787940025,
  "found_victim": false
}