{
  "seed": 24540,
  "state_vector": [
    0.16057142615318298,
    12.0,
    2.0,
    1.0,
    273.41851806640625,
    432.7053527832031
  ],
  "subgoals": [
    [
      834.2877034703758,
      542.8728587207461
    ],
    [
      416.44696364011423,
      431.21695723452876
    ],
    [
      538.1383773327805,
      379.41316515503024
    ]
  ],
  "reward": 0.08028571307659149,
  "found_victim": false
}