{
  "seed": 32904,
  "state_vector": [
    0.1177142858505249,
    12.0,
    3.0,
    1.0,
    762.6770629882812,
    497.8629150390625
  ],
  "subgoals": [
    [
      442.3086618116295,
      156.8806255875071
    ],
    [
      399.7882893509522,
      139.80423736068616
    ],
    [
      890.0812960516656,
      375.11587842928134
    ]
  ],
  "reward": 0.05885714292526245,
  "found_victim": false
}