{
  "seed": 96583,
  "state_vector": [
    0.09714286029338837,
    12.0,
    1.0,
    1.0,
    330.3268127441406,
    248.63539123535156
  ],
  "subgoals": [
    [
      624.3438206686982,
      269.35071656120437
    ],
    [
      107.72966935569063,
      610.0328754901169
    ],
    [
      376.1584739373503,
      365.4310614004913
    ]
  ],
  "reward": 0.04857143014669418,
  "found_victim": false
}