{
  "seed": 19026,
  "state_vector": [
    0.22385714948177338,
    12.0,
    3.0,
    1.0,
    309.11285400390625,
    407.36846923828125
  ],
  "subgoals": [
    [
      228.03536011632858,
      44.15217448321222
    ],
    [
      716.7944344350163,
      568.3531357431925
    ],
    [
      373.5852937838348,
      300.0443392740199
    ]
  ],
  "reward": 0.11192857474088669,
  "found_victim": false
}