{
  "seed": 66280,
  "state_vector": [
    0.0381428562104702,
    10.0,
    2.0,
    1.0,
    883.2162475585938,
    134.0746612548828
  ],
  "subgoals": [
    [
      771.1956194073614,
      95.22776140666295
    ],
    [
      277.47692130275004,
      173.13597371065322
    ],
    [
      397.4290833841194,
      240.64747411520977
    ]
  ],
  "reward": 0.0190714281052351,
  "found_victim": false
}