{
  "seed": 6130,
  "state_vector": [
    0.14185714721679688,
    12.0,
    1.0,
    1.0,
    653.91796875,
    223.02439880371094
  ],
  "subgoals": [
    [
      746.0559139503341,
      552.5351543141098
    ],
    [
      363.6709949313547,
      491.41627917328947
    ],
    [
      881.2548488776724,
      332.33030615127547
    ]
  ],
  "reward": 0.07092857360839844,
  "found_victim": false
}