{
  "seed": 44672,
  "state_vector": [
    0.054571427404880524,
    12.0,
    3.0,
    1.0,
    672.0521240234375,
    151.3837127685547
  ],
  "subgoals": [
    [
      866.3406816947848,
      259.030155177971
    ],
    [
      898.1844521837385,
      520.9089737666252
    ],
    [
      579.7033022596843,
      348.022602020138
    ]
  ],
  "reward": 0.027285713702440262,
  "found_victim": false
}