{
  "seed": 38322,
  "state_vector": [
    0.19657142460346222,
    12.0,
    3.0,
    1.0,
    390.0762634277344,
    373.7669372558594
  ],
  "subgoals": [
    [
      749.5924972757606,
      225.50332639794163
    ],
    [
      480.9606082080474,
      405.7866485372376
    ],
    [
      619.1048233988635,
      126.16030252674008
    ]
  ],
  "reward": 0.09828571230173111,
  "found_victim": false
}