{
  "seed": 55766,
  "state_vector": [
    0.1518571376800537,
    12.0,
    3.0,
    1.0,
    604.8186645507812,
    285.5405578613281
  ],
  "subgoals": [
    [
      690.1043541696117,
      619.5364657387837
    ],
    [
      280.7928275380571,
      610.952306134345
    ],
    [
      899.8365666390097,
      199.4199236176604
    ]
  ],
  "reward": 0.07592856884002686,
  "found_victim": false
}