{
  "seed": 56565,
  "state_vector": [
    0.1589999943971634,
    12.0,
    3.0,
    1.0,
    576.544677734375,
    383.1594543457031
  ],
  "subgoals": [
    [
      796.092372663324,
      65.81005496854189
    ],
    [
      948.0862094855324,
      562.7875125548318
    ],
    [
      276.56770293347506,
      236.0547224478231
    ]
  ],
  "reward": 0.0794999971985817,
  "found_victim": false
}