{
  "seed": 23652,
  "state_vector": [
    0.2305714339017868,
    12.0,
    2.0,
    1.0,
    487.8489685058594,
    384.22210693359375
  ],
  "subgoals": [
    [
      604.3281659283864,
      477.6485897447174
    ],
    [
      158.74413229407787,
      81.50746278488839
    ],
    [
      445.5781247013047,
      296.65904078042735
    ]
  ],
  "reward": 0.1152857169508934,
  "found_victim": false
}