{
  "seed": 34294,
  "state_vector": [
    0.11557143181562424,
    12.0,
    2.0,
    1.0,
    639.0242309570312,
    220.77767944335938
  ],
  "subgoals": [
    [
      50.62032399206002,
      458.7437027810861
    ],
    [
      583.61297611486,
      372.6874023799702
    ],
    [
      597.2577486288981,
      603.9609622168497
    ]
  ],
  "reward": 0.05778571590781212,
  "found_victim": false
}