{
  "seed": 20068,
  "state_vector": [
    0.14657142758369446,
    12.0,
    3.0,
    1.0,
    380.15423583984375,
    527.0057373046875
  ],
  "subgoals": [
    [
      781.0756583298705,
      361.7657365034504
    ],
    [
      786.5345347248452,
      159.87718166065733
    ],
    [
      656.5438570664496,
      518.0945124320959
    ]
  ],
  "reward": 0.07328571379184723,
  "found_victim": false
}