{
  "seed": 89183,
  "state_vector": [
    0.1452857106924057,
    12.0,
    3.0,
    1.0,
    324.8438415527344,
    391.0044250488281
  ],
  "subgoals": [
    [
      88.84452618794742,
      648.8646163433018
    ],
    [
      600.2154118820547,
      447.3514502447012
    ],
    [
      75.8913314189106,
      507.1253265763368
    ]
  ],
  "reward": 0.07264285534620285,
  "found_victim": false
}