{
  "seed": 76361,
  "state_vector": [
    0.07371428608894348,
    12.0,
    3.0,
    1.0,
    637.554931640625,
    254.5350799560547
  ],
  "subgoals": [
    [
      464.9032636124451,
      407.1394465208869
    ],
    [
      266.32235363483414,
      93.19149226302166
    ],
    [
      854.716555908973,
      402.094525786191
    ]
  ],
  "reward": 0.03685714304447174,
  "found_victim": false
}