{
  "seed": 41058,
  "state_vector": [
    0.09000000357627869,
    12.0,
    3.0,
    1.0,
    784.9124755859375,
    268.0307922363281
  ],
  "subgoals": [
    [
      140.1139034788269,
      574.4217216701668
    ],
    [
      37.090219163150515,
      569.8375855256277
    ],
    [
      72.04296553567067,
      78.92135516352639
    ]
  ],
  "reward": 0.04500000178813934,
  "found_victim": false
}