{
  "seed": 85783,
  "state_vector": [
    0.1412857174873352,
    11.0,
    3.0,
    1.0,
    672.5952758789062,
    179.03848266601562
  ],
  "subgoals": [
    [
      324.82763486719614,
      173.73632187902422
    ],
    [
      847.0451002854761,
      591.8234301755232
    ],
    [
      294.96682721254746,
      598.0101756500408
    ]
  ],
  "reward": 0.0706428587436676,
  "found_victim": false
}