{
  "seed": 6660,
  "state_vector": [
    0.10899999737739563,
    12.0,
    3.0,
    1.0,
    627.8911743164062,
    163.0811004638672
  ],
  "subgoals": [
    [
      645.9395319088163,
      196.74617044930108
    ],
    [
      225.54977797013927,
      115.82824182366387
    ],
    [
      390.84659067315033,
      268.9780738744462
    ]
  ],
  "reward": 0.054499998688697815,
  "found_victim": false
}