{
  "seed": 32567,
  "state_vector": [
    0.15485714375972748,
    12.0,
    3.0,
    1.0,
    356.1334533691406,
    470.701904296875
  ],
  "subgoals": [
    [
      814.2525924414681,
      46.44942899988564
    ],
    [
      471.6058631985251,
      489.4272446972129
    ],
    [
      130.8665444365157,
      461.7058375057484
    ]
  ],
  "reward": 0.07742857187986374,
  "found_victim": false
}