{
  "seed": 13765,
  "state_vector": [
    0.11400000005960464,
    12.0,
    3.0,
    1.0,
    1044.2532958984375,
    111.62574005126953
  ],
  "subgoals": [
    [
      709.2072440540381,
      462.12828411811296
    ],
    [
      656.8992063539285,
      269.62596335132815
    ],
    [
      685.3188459642946,
      482.25324872905895
    ]
  ],
  "reward": 0.05700000002980232,
  "found_victim": false
}