{
  "seed": 99973,
  "state_vector": [
    0.13271428644657135,
    12.0,
    3.0,
    1.0,
    495.40399169921875,
    593.9185180664062
  ],
  "subgoals": [
    [
      573.2198504962122,
      213.26673693891615
    ],
    [
      192.28790518328117,
      404.28696407742416
    ],
    [
      676.0765479080608,
      291.55803729372064
    ]
  ],
  "reward": 0.06635714322328568,
  "found_victim": false
}