{
  "seed": 28035,
  "state_vector": [
    0.07014285773038864,
    12.0,
    3.0,
    1.0,
    485.240478515625,
    446.5529479980469
  ],
  "subgoals": [
    [
      227.49022080094963,
      573.0009013798722
    ],
    [
      851.1321908261707,
      615.8441373971773
    ],
    [
      952.1402241927517,
      261.54535275119287
    ]
  ],
  "reward": 0.03507142886519432,
  "found_victim": false
}