{
  "seed": 42729,
  "state_vector": [
    0.10771428793668747,
    12.0,
    3.0,
    1.0,
    786.9512939453125,
    358.7244567871094
  ],
  "subgoals": [
    [
      789.3863915002919,
      630.3856386944564
    ],
    [
      260.8654148324422,
      357.6782591234602
    ],
    [
      616.6909688780272,
      107.07495398657592
    ]
  ],
  "reward": 0.053857143968343735,
  "found_victim": false
}