{
  "seed": 99389,
  "state_vector": [
    0.18528571724891663,
    12.0,
    3.0,
    1.0,
    459.11297607421875,
    414.9933776855469
  ],
  "subgoals": [
    [
      558.517394219466,
      247.94855809861582
    ],
    [
      548.0865770948096,
      287.1966832648544
    ],
    [
      823.0084166530187,
      214.1337433341127
    ]
  ],
  "reward": 0.09264285862445831,
  "found_victim": false
}