{
  "seed": 50636,
  "state_vector": [
    0.19042856991291046,
    12.0,
    3.0,
    1.0,
    385.5124206542969,
    600.7400512695312
  ],
  "subgoals": [
    [
      748.7598565753465,
      298.8740800680683
    ],
    [
      864.8175101417472,
      33.79826351450298
    ],
    [
      873.6465323856593,
      365.36932111574356
    ]
  ],
  "reward": 0.09521428495645523,
  "found_victim": false
}