{
  "seed": 50292,
  "state_vector": [
    0.15600000321865082,
    12.0,
    3.0,
    1.0,
    366.1977844238281,
    437.7056579589844
  ],
  "subgoals": [
    [
      504.01700308728624,
      34.25009363917752
    ],
    [
      484.555681550211,
      564.6898050393681
    ],
    [
      74.99436655537222,
      654.9806752197948
    ]
  ],
  "reward": 0.07800000160932541,
  "found_victim": false
}