{
  "seed": 70735,
  "state_vector": [
    0.06828571110963821,
    12.0,
    3.0,
    1.0,
    501.2565612792969,
    238.4148712158203
  ],
  "subgoals": [
    [
      219.9106641451716,
      366.14636690478073
    ],
    [
      398.6112606449698,
      654.5231384173492
    ],
    [
      514.7615567615496,
      228.33496087729253
    ]
  ],
  "reward": 0.03414285555481911,
  "found_victim": false
}