{
  "seed": 64757,
  "state_vector": [
    0.06357143074274063,
    12.0,
    3.0,
    1.0,
    816.0776977539062,
    101.5047607421875
  ],
  "subgoals": [
    [
      580.8744360212493,
      153.11389784178033
    ],
    [
      806.3728735173846,
      293.7237122781727
    ],
    [
      232.38162498184062,
      308.4129574065282
    ]
  ],
  "reward": 0.031785715371370316,
  "found_victim": false
}