{
  "seed": 37484,
  "state_vector": [
    0.15328571200370789,
    12.0,
    3.0,
    1.0,
    392.872802734375,
    396.8771667480469
  ],
  "subgoals": [
    [
      602.9901724411193,
      173.53578386360573
    ],
    [
      818.0023517894219,
      37.62621468996237
    ],
    [
      845.7152493113322,
      209.67294577396524
    ]
  ],
  "reward": 0.07664285600185394,
  "found_victim": false
}