{
  "seed": 51740,
  "state_vector": [
    0.0632857158780098,
    12.0,
    3.0,
    1.0,
    791.8929443359375,
    386.503173828125
  ],
  "subgoals": [
    [
      734.4683371195373,
      237.76896769551456
    ],
    [
      761.8963904656217,
      476.95801494433545
    ],
    [
      188.50714250354818,
      512.6459940633263
    ]
  ],
  "reward": 0.0316428579390049,
  "found_victim": false
}