{
  "seed": 70782,
  "state_vector": [
    0.15271428227424622,
    12.0,
    0.0,
    1.0,
    913.5466918945312,
    417.8960266113281
  ],
  "subgoals": [
    [
      533.2198399604283,
      531.6777630594044
    ],
    [
      477.34167334931374,
      587.1446651043816
    ],
    [
      99.71351222973226,
      627.3038297695662
    ]
  ],
  "reward": 0.07635714113712311,
  "found_victim": false
}