{
  "seed": 22224,
  "state_vector": [
    0.11342857033014297,
    12.0,
    2.0,
    1.0,
    867.1182861328125,
    120.4710464477539
  ],
  "subgoals": [
    [
      313.9423698952399,
      396.9843595031319
    ],
    [
      303.12313963501015,
      286.31337990361766
    ],
    [
      220.59397687245266,
      277.5748446166671
    ]
  ],
  "reward": 0.05671428516507149,
  "found_victim": false
}