{
  "seed": 59153,
  "state_vector": [
    0.10371428728103638,
    12.0,
    2.0,
    1.0,
    873.0001831054688,
    251.4812774658203
  ],
  "subgoals": [
    [
      510.3235491935428,
      59.96716754355987
    ],
    [
      572.6344341802686,
      260.4153528307347
    ],
    [
      397.6562779946229,
      241.23214183950907
    ]
  ],
  "reward": 0.05185714364051819,
  "found_victim": false
}