{
  "seed": 16284,
  "state_vector": [
    0.23928570747375488,
    12.0,
    3.0,
    1.0,
    813.5570678710938,
    380.2281188964844
  ],
  "subgoals": [
    [
      260.4447590268521,
      178.75126300759106
    ],
    [
      92.90378422300387,
      639.9411288143071
    ],
    [
      941.1109206367785,
      194.2738872552222
    ]
  ],
  "reward": 0.11964285373687744,
  "found_victim": false
}