{
  "seed": 7228,
  "state_vector": [
    0.17257143557071686,
    12.0,
    3.0,
    1.0,
    1077.6536865234375,
    735.3238525390625
  ],
  "subgoals": [
    [
      786.2479699589902,
      315.78737263637544
    ],
    [
      348.79154317243126,
      391.7707990822793
    ],
    [
      968.2443608042848,
      605.5193245941214
    ]
  ],
  "reward": 0.08628571778535843,
  "found_victim": false
}