{
  "seed": 64375,
  "state_vector": [
    0.1542857140302658,
    12.0,
    3.0,
    1.0,
    757.12255859375,
    364.821044921875
  ],
  "subgoals": [
    [
      759.9820861413745,
      175.48002520505042
    ],
    [
      146.63539687272117,
      240.56855854348825
    ],
    [
      448.0959782112997,
      430.7623944480772
    ]
  ],
  "reward": 1.0,
  "found_victim": true
}