{
  "seed": 65130,
  "state_vector": [
    0.07485714554786682,
    12.0,
    3.0,
    1.0,
    853.7262573242188,
    314.44476318359375
  ],
  "subgoals": [
    [
      739.1538112738812,
      227.22559970720704
    ],
    [
      98.05629966579279,
      648.8997582910204
    ],
    [
      455.8589317417741,
      74.3780463329987
    ]
  ],
  "reward": 0.03742857277393341,
  "found_victim": false
}