{
  "seed": 8114,
  "state_vector": [
    0.22271429002285004,
    12.0,
    3.0,
    1.0,
    502.5281677246094,
    324.0157470703125
  ],
  "subgoals": [
    [
      621.154554424818,
      208.49336990471977
    ],
    [
      466.794302571587,
      472.27985967268773
    ],
    [
      680.2097229678747,
      77.64556347338235
    ]
  ],
  "reward": 0.11135714501142502,
  "found_victim": false
}