{
  "seed": 81800,
  "state_vector": [
    0.13671427965164185,
    12.0,
    2.0,
    1.0,
    246.49346923828125,
    397.0490417480469
  ],
  "subgoals": [
    [
      107.44237213735889,
      485.2638095124921
    ],
    [
      336.1146043738527,
      251.25972696952786
    ],
    [
      570.3115056650453,
      316.42592546774995
    ]
  ],
  "reward": 0.06835713982582092,
  "found_victim": false
}