{
  "seed": 20301,
  "state_vector": [
    0.1168571412563324,
    12.0,
    2.0,
    1.0,
    518.669189453125,
    236.01998901367188
  ],
  "subgoals": [
    [
      611.8449307997186,
      567.1019589452363
    ],
    [
      379.29718631480205,
      325.63903119948463
    ],
    [
      366.65878843752205,
      42.728239188917385
    ]
  ],
  "reward": 0.0584285706281662,
  "found_victim": false
}