{
  "seed": 48506,
  "state_vector": [
    0.1241428554058075,
    12.0,
    3.0,
    1.0,
    480.4131164550781,
    369.5923156738281
  ],
  "subgoals": [
    [
      296.64932394022804,
      395.1536633076062
    ],
    [
      768.2304402329252,
      526.3075795077693
    ],
    [
      842.2241790614336,
      261.46780981630144
    ]
  ],
  "reward": 0.06207142770290375,
  "found_victim": false
}