{
  "seed": 53997,
  "state_vector": [
    0.201285719871521,
    12.0,
    1.0,
    1.0,
    699.719482421875,
    526.3364868164062
  ],
  "subgoals": [
    [
      849.1264280771757,
      248.82117506888738
    ],
    [
      706.2329372755727,
      219.77710312947772
    ],
    [
      943.2839349286664,
      233.520162509785
    ]
  ],
  "reward": 0.1006428599357605,
  "found_victim": false
}