{
  "seed": 29060,
  "state_vector": [
    0.11857143044471741,
    12.0,
    2.0,
    1.0,
    511.294921875,
    159.79417419433594
  ],
  "subgoals": [
    [
      536.7062983716907,
      629.2656772357253
    ],
    [
      452.3386630342199,
      563.8246254744231
    ],
    [
      79.53493719233992,
      191.86618380926674
    ]
  ],
  "reward": 0.059285715222358704,
  "found_victim": false
}