{
  "seed": 13813,
  "state_vector": [
    0.07728571444749832,
    12.0,
    3.0,
    1.0,
    583.8863525390625,
    429.2251892089844
  ],
  "subgoals": [
    [
      489.8532086116085,
      509.0266697398008
    ],
    [
      370.65741127415475,
      578.6193195794367
    ],
    [
      32.58745600901486,
      161.30555968269982
    ]
  ],
  "reward": 0.03864285722374916,
  "found_victim": false
}