{
  "seed": 33961,
  "state_vector": [
    0.07657142728567123,
    12.0,
    3.0,
    1.0,
    1021.7595825195312,
    142.2796630859375
  ],
  "subgoals": [
    [
      70.59798926304036,
      397.791098689248
    ],
    [
      322.5239290856838,
      439.6342334820403
    ],
    [
      473.43953787601095,
      412.98117919018785
    ]
  ],
  "reward": 0.03828571364283562,
  "found_victim": false
}