{
  "seed": 39351,
  "state_vector": [
    0.10414285957813263,
    12.0,
    3.0,
    1.0,
    989.5603637695312,
    78.58470916748047
  ],
  "subgoals": [
    [
      875.5852742819142,
      189.52475478666756
    ],
    [
      431.0588008810619,
      543.1178476436568
    ],
    [
      45.629174238003955,
      276.31608755652536
    ]
  ],
  "reward": 0.052071429789066315,
  "found_victim": false
}