{
  "seed": 18126,
  "state_vector": [
    0.0511428564786911,
    12.0,
    3.0,
    1.0,
    747.248046875,
    373.5369567871094
  ],
  "subgoals": [
    [
      538.060495949476,
      353.6567036480863
    ],
    [
      464.5044532587225,
      493.8481670558349
    ],
    [
      99.96099567750896,
      357.4599934906336
    ]
  ],
  "reward": 0.02557142823934555,
  "found_victim": false
}