{
  "seed": 17511,
  "state_vector": [
    0.06714285910129547,
    12.0,
    3.0,
    1.0,
    633.37548828125,
    169.28443908691406
  ],
  "subgoals": [
    [
      308.11426087562376,
      193.084724472321
    ],
    [
      886.5248076800258,
      540.6520314989496
    ],
    [
      356.5749160477199,
      597.5311126565773
    ]
  ],
  "reward": 0.033571429550647736,
  "found_victim": false
}