{
  "seed": 4347,
  "state_vector": [
    0.18885713815689087,
    12.0,
    3.0,
    1.0,
    443.04901123046875,
    639.4462890625
  ],
  "subgoals": [
    [
      167.78093440754543,
      307.7235878439728
    ],
    [
      163.63760791907393,
      132.63305958806555
    ],
    [
      546.3471474127529,
      193.4617567466337
    ]
  ],
  "reward": 0.09442856907844543,
  "found_victim": false
}