{
  "seed": 48578,
  "state_vector": [
    0.11328571289777756,
    12.0,
    0.0,
    1.0,
    571.093505859375,
    330.9853820800781
  ],
  "subgoals": [
    [
      58.305134088143774,
      387.8840651287163
    ],
    [
      838.620838559338,
      651.3959405788572
    ],
    [
      89.87727801287434,
      441.7285341826399
    ]
  ],
  "reward": 0.05664285644888878,
  "found_victim": false
}