{
  "seed": 15261,
  "state_vector": [
    0.03671428561210632,
    12.0,
    2.0,
    1.0,
    670.1270751953125,
    177.68728637695312
  ],
  "subgoals": [
    [
      576.3685483870615,
      377.6222015941011
    ],
    [
      103.37039101390343,
      610.1814759453057
    ],
    [
      959.1862508585829,
      168.56695795267848
    ]
  ],
  "reward": 0.01835714280605316,
  "found_victim": false
}