{
  "seed": 66475,
  "state_vector": [
    0.1542857140302658,
    12.0,
    3.0,
    1.0,
    649.7220458984375,
    257.0644836425781
  ],
  "subgoals": [
    [
      457.3200642877828,
      187.13774329271772
    ],
    [
      773.2329824801998,
      198.56411945181847
    ],
    [
      464.9403302364435,
      73.13411744155005
    ]
  ],
  "reward": 0.0771428570151329,
  "found_victim": false
}