{
  "seed": 29697,
  "state_vector": [
    0.1144285723567009,
    12.0,
    3.0,
    1.0,
    260.1034240722656,
    710.1993408203125
  ],
  "subgoals": [
    [
      199.0598544215886,
      293.52836698013516
    ],
    [
      483.95407474421285,
      360.5580335517538
    ],
    [
      147.37686776712718,
      379.4007396612463
    ]
  ],
  "reward": 0.05721428617835045,
  "found_victim": false
}