{
  "seed": 76741,
  "state_vector": [
    0.0787142887711525,
    12.0,
    3.0,
    1.0,
    396.66156005859375,
    660.2368774414062
  ],
  "subgoals": [
    [
      75.44058541626873,
      79.90292201655812
    ],
    [
      278.86428725782673,
      644.4537552818978
    ],
    [
      665.5818938372784,
      195.76419862074474
    ]
  ],
  "reward": 0.03935714438557625,
  "found_victim": false
}