{
  "seed": 72024,
  "state_vector": [
    0.09271428734064102,
    12.0,
    3.0,
    1.0,
    487.866943359375,
    273.66961669921875
  ],
  "subgoals": [
    [
      806.8574608616757,
      528.3878486687197
    ],
    [
      628.5712373734909,
      355.41172967583304
    ],
    [
      931.2802390695467,
      470.03875020610934
    ]
  ],
  "reward": 0.04635714367032051,
  "found_victim": false
}