{
  "seed": 77028,
  "state_vector": [
    0.11828571557998657,
    12.0,
    3.0,
    1.0,
    694.4400024414062,
    423.33392333984375
  ],
  "subgoals": [
    [
      708.6014522246714,
      464.7861847210564
    ],
    [
      665.9082548631757,
      587.9252774908855
    ],
    [
      298.18130269366605,
      442.097134361851
    ]
  ],
  "reward": 0.059142857789993286,
  "found_victim": false
}