{
  "seed": 57273,
  "state_vector": [
    0.14671428501605988,
    12.0,
    0.0,
    1.0,
    733.7330322265625,
    470.8612365722656
  ],
  "subgoals": [
    [
      375.5128476805969,
      591.7762537633815
    ],
    [
      43.26256355902412,
      124.34720494443411
    ],
    [
      532.0921117752662,
      382.77262798078317
    ]
  ],
  "reward": 0.07335714250802994,
  "found_victim": false
}