{
  "seed": 24238,
  "state_vector": [
    0.0381428562104702,
    12.0,
    1.0,
    1.0,
    586.2190551757812,
    109.67377471923828
  ],
  "subgoals": [
    [
      821.6117219804605,
      361.4380626417171
    ],
    [
      99.53762269448336,
      182.01568688202187
    ],
    [
      486.6454831000248,
      161.62282845293248
    ]
  ],
  "reward": 0.0190714281052351,
  "found_victim": false
}