{
  "seed": 25177,
  "state_vector": [
    0.11585713922977448,
    12.0,
    1.0,
    1.0,
    495.7475280761719,
    196.04727172851562
  ],
  "subgoals": [
    [
      499.2010499039912,
      598.3989785615215
    ],
    [
      881.466584889365,
      318.1191442786941
    ],
    [
      751.8332814310104,
      381.8901325711938
    ]
  ],
  "reward": 0.05792856961488724,
  "found_victim": false
}