{
  "seed": 14238,
  "state_vector": [
    0.19900000095367432,
    12.0,
    3.0,
    1.0,
    455.5746765136719,
    629.582275390625
  ],
  "subgoals": [
    [
      468.4863857335447,
      425.48688403584015
    ],
    [
      889.6249394137242,
      635.7251074938727
    ],
    [
      64.83234777136505,
      595.8048212854557
    ]
  ],
  "reward": 0.09950000047683716,
  "found_victim": false
}