{
  "seed": 36651,
  "state_vector": [
    0.08671428263187408,
    12.0,
    3.0,
    1.0,
    805.78955078125,
    185.71710205078125
  ],
  "subgoals": [
    [
      705.8046576606243,
      86.67990504127978
    ],
    [
      800.6559742901883,
      667.780824081585
    ],
    [
      816.7869001087732,
      309.6242842123959
    ]
  ],
  "reward": 0.04335714131593704,
  "found_victim": false
}