{
  "seed": 35873,
  "state_vector": [
    0.13500000536441803,
    12.0,
    3.0,
    1.0,
    374.87237548828125,
    466.16754150390625
  ],
  "subgoals": [
    [
      653.7864676582572,
      460.9678922051062
    ],
    [
      700.590871050203,
      586.8877890281524
    ],
    [
      131.42462287530935,
      498.87695758978566
    ]
  ],
  "reward": 0.06750000268220901,
  "found_victim": false
}