{
  "seed": 46985,
  "state_vector": [
    0.23728571832180023,
    12.0,
    3.0,
    1.0,
    774.4630737304688,
    361.2065734863281
  ],
  "subgoals": [
    [
      247.54058733685912,
      422.31208590881954
    ],
    [
      147.21322206132726,
      487.9903645513045
    ],
    [
      338.9939205425851,
      487.74063274511144
    ]
  ],
  "reward": 0.11864285916090012,
  "found_victim": false
}