{
  "seed": 29586,
  "state_vector": [
    0.1459999978542328,
    12.0,
    1.0,
    1.0,
    248.99244689941406,
    94.25248718261719
  ],
  "subgoals": [
    [
      878.1340383445789,
      615.030432547169
    ],
    [
      234.3444532533118,
      319.0188306873231
    ],
    [
      192.15445477928444,
      430.19715604397555
    ]
  ],
  "reward": 0.0729999989271164,
  "found_victim": false
}