{
  "seed": 56462,
  "state_vector": [
    0.12557142972946167,
    12.0,
    2.0,
    1.0,
    420.7328796386719,
    371.1874084472656
  ],
  "subgoals": [
    [
      411.3267576073752,
      385.20094662337243
    ],
    [
      183.67183526576463,
      146.41306379092407
    ],
    [
      927.3855662517158,
      264.651585677089
    ]
  ],
  "reward": 0.06278571486473083,
  "found_victim": false
}