{
  "seed": 79318,
  "state_vector": [
    0.10899999737739563,
    12.0,
    3.0,
    1.0,
    942.0859985351562,
    208.68748474121094
  ],
  "subgoals": [
    [
      106.29026826898867,
      580.4852950767233
    ],
    [
      454.8071181507356,
      104.395523111491
    ],
    [
      758.0833779459449,
      183.26574821791667
    ]
  ],
  "reward": 0.054499998688697815,
  "found_victim": false
}