{
  "seed": 3698,
  "state_vector": [
    0.23199999332427979,
    12.0,
    2.0,
    1.0,
    722.5254516601562,
    462.0164489746094
  ],
  "subgoals": [
    [
      94.9391620030124,
      65.88841410645408
    ],
    [
      393.5188312898942,
      514.697947667052
    ],
    [
      761.7235982015615,
      151.88648744945098
    ]
  ],
  "reward": 0.11599999666213989,
  "found_victim": false
}