{
  "seed": 54419,
  "state_vector": [
    0.07514286041259766,
    12.0,
    3.0,
    1.0,
    951.6715698242188,
    244.5338897705078
  ],
  "subgoals": [
    [
      96.51889990268037,
      268.2806995973547
    ],
    [
      935.8987810677239,
      211.13015342272007
    ],
    [
      138.2843744696287,
      564.4712717084179
    ]
  ],
  "reward": 0.03757143020629883,
  "found_victim": false
}