{
  "seed": 56278,
  "state_vector": [
    0.09685714542865753,
    12.0,
    3.0,
    1.0,
    641.6360473632812,
    147.6886444091797
  ],
  "subgoals": [
    [
      676.6086590428633,
      284.3469489542017
    ],
    [
      857.8838825764878,
      105.16398825438152
    ],
    [
      762.2763379872233,
      600.8700853847585
    ]
  ],
  "reward": 0.048428572714328766,
  "found_victim": false
}