{
  "seed": 19436,
  "state_vector": [
    0.18071427941322327,
    12.0,
    3.0,
    1.0,
    938.9307861328125,
    410.0150146484375
  ],
  "subgoals": [
    [
      834.1536622266524,
      273.5168136939688
    ],
    [
      211.91104432495783,
      33.26769265269
    ],
    [
      643.0695390569692,
      669.3053254200322
    ]
  ],
  "reward": 0.09035713970661163,
  "found_victim": false
}