{
  "seed": 88871,
  "state_vector": [
    0.1087142825126648,
    12.0,
    3.0,
    1.0,
    765.01708984375,
    232.17349243164062
  ],
  "subgoals": [
    [
      889.9476920595164,
      327.44777651537726
    ],
    [
      339.0870526926438,
      153.6519783254397
    ],
    [
      689.3504176545474,
      610.0614763721392
    ]
  ],
  "reward": 0.0543571412563324,
  "found_victim": false
}