{
  "seed": 798,
  "state_vector": [
    0.04899999871850014,
    12.0,
    2.0,
    1.0,
    962.3642578125,
    76.08397674560547
  ],
  "subgoals": [
    [
      275.32940870574004,
      523.9029488888866
    ],
    [
      823.7783342620567,
      436.01257569546243
    ],
    [
      196.99721134933438,
      403.3249943292883
    ]
  ],
  "reward": 0.02449999935925007,
  "found_victim": false
}