{
  "seed": 97833,
  "state_vector": [
    0.11271428316831589,
    12.0,
    3.0,
    1.0,
    874.6437377929688,
    260.6070556640625
  ],
  "subgoals": [
    [
      516.2705764627457,
      653.4932881626695
    ],
    [
      799.8531226580706,
      529.4285113809876
    ],
    [
      574.9984334483552,
      337.69784847150646
    ]
  ],
  "reward": 0.056357141584157944,
  "found_victim": false
}