{
  "seed": 25762,
  "state_vector": [
    0.16028571128845215,
    12.0,
    3.0,
    1.0,
    643.1593627929688,
    502.25146484375
  ],
  "subgoals": [
    [
      357.1598249474122,
      273.0721613492941
    ],
    [
      37.15793681064816,
      382.4949873307392
    ],
    [
      589.3216446289017,
      226.45122875780464
    ]
  ],
  "reward": 0.08014285564422607,
  "found_victim": false
}