{
  "seed": 33624,
  "state_vector": [
    0.0698571428656578,
    12.0,
    3.0,
    1.0,
    807.4833984375,
    242.8367462158203
  ],
  "subgoals": [
    [
      103.12021364175534,
      603.4138230683668
    ],
    [
      399.73557090600985,
      234.93693289240127
    ],
    [
      505.61060355116047,
      652.3990085785464
    ]
  ],
  "reward": 0.0349285714328289,
  "found_victim": false
}