{
  "seed": 15745,
  "state_vector": [
    0.1071428582072258,
    12.0,
    3.0,
    1.0,
    365.4864501953125,
    508.32745361328125
  ],
  "subgoals": [
    [
      345.47491156944767,
      270.14784323564874
    ],
    [
      631.6520271866398,
      269.5139404311159
    ],
    [
      128.53894017167147,
      635.098172061477
    ]
  ],
  "reward": 0.0535714291036129,
  "found_victim": false
}