{
  "seed": 58100,
  "state_vector": [
    0.14000000059604645,
    12.0,
    3.0,
    1.0,
    676.2967529296875,
    387.3892517089844
  ],
  "subgoals": [
    [
      194.70889635052623,
      632.1301551033641
    ],
    [
      657.1120705579584,
      338.2237146626597
    ],
    [
      399.9805056052221,
      601.5180799231404
    ]
  ],
  "reward": 0.07000000029802322,
  "found_victim": false
}