{
  "seed": 25522,
  "state_vector": [
    0.13199999928474426,
    12.0,
    3.0,
    1.0,
    947.3688354492188,
    300.7671203613281
  ],
  "subgoals": [
    [
      605.5736245215892,
      435.4392056527717
    ],
    [
      357.69125553243504,
      575.8926394406354
    ],
    [
      378.2303991143536,
      582.4131028023809
    ]
  ],
  "reward": 0.06599999964237213,
  "found_victim": false
}