{
  "seed": 69460,
  "state_vector": [
    0.08914285898208618,
    12.0,
    3.0,
    1.0,
    645.5673828125,
    211.95816040039062
  ],
  "subgoals": [
    [
      157.06404511891355,
      316.78533332164307
    ],
    [
      637.5086249262692,
      633.1945555112667
    ],
    [
      769.6438248689086,
      199.0183560170115
    ]
  ],
  "reward": 0.04457142949104309,
  "found_victim": false
}