{
  "seed": 89201,
  "state_vector": [
    0.13014285266399384,
    12.0,
    3.0,
    1.0,
    558.3840942382812,
    464.5646667480469
  ],
  "subgoals": [
    [
      133.75468240975817,
      50.88581498804807
    ],
    [
      893.3930876011508,
      79.02949415461194
    ],
    [
      355.65738470856866,
      550.9844846435694
    ]
  ],
  "reward": 0.06507142633199692,
  "found_victim": false
}