{
  "seed": 62914,
  "state_vector": [
    0.11728571355342865,
    12.0,
    3.0,
    1.0,
    899.2035522460938,
    231.41766357421875
  ],
  "subgoals": [
    [
      133.15065737788154,
      519.684528978749
    ],
    [
      417.7210640446911,
      127.4629144591514
    ],
    [
      386.9533834679666,
      484.32376317328533
    ]
  ],
  "reward": 0.058642856776714325,
  "found_victim": false
}