{
  "seed": 25247,
  "state_vector": [
    0.1648571491241455,
    12.0,
    3.0,
    1.0,
    675.5582885742188,
    260.5352478027344
  ],
  "subgoals": [
    [
      331.86509525127707,
      158.82179628038637
    ],
    [
      263.5095474598593,
      323.2376615564108
    ],
    [
      272.4977644381455,
      115.1095214724591
    ]
  ],
  "reward": 0.08242857456207275,
  "found_victim": false
}