{
  "seed": 76053,
  "state_vector": [
    0.17428570985794067,
    12.0,
    3.0,
    1.0,
    760.917236328125,
    418.63153076171875
  ],
  "subgoals": [
    [
      181.20425666616754,
      182.29416207994893
    ],
    [
      395.11218616967363,
      627.6923920255181
    ],
    [
      841.2124793335698,
      189.66095334671826
    ]
  ],
  "reward": 0.08714285492897034,
  "found_victim": false
}