{
  "seed": 11292,
  "state_vector": [
    0.1282857209444046,
    12.0,
    3.0,
    1.0,
    530.983642578125,
    359.0987548828125
  ],
  "subgoals": [
    [
      631.8944414845419,
      666.8588928638194
    ],
    [
      782.1307721439942,
      70.7106668051253
    ],
    [
      207.22759973053783,
      251.5381446161119
    ]
  ],
  "reward": 0.0641428604722023,
  "found_victim": false
}