{
  "seed": 86908,
  "state_vector": [
    0.20085714757442474,
    12.0,
    2.0,
    1.0,
    171.98269653320312,
    371.0885009765625
  ],
  "subgoals": [
    [
      838.4188887267131,
      469.36260297564723
    ],
    [
      510.36809284767855,
      291.17367387060796
    ],
    [
      380.47599188821596,
      306.3816075401396
    ]
  ],
  "reward": 0.10042857378721237,
  "found_victim": false
}