{
  "seed": 66716,
  "state_vector": [
    0.19357143342494965,
    12.0,
    2.0,
    1.0,
    495.60968017578125,
    555.1136474609375
  ],
  "subgoals": [
    [
      510.75939895088834,
      446.0343337341721
    ],
    [
      554.3501861688488,
      372.04531413800856
    ],
    [
      280.3188990087409,
      386.13620989373857
    ]
  ],
  "reward": 0.09678571671247482,
  "found_victim": false
}