{
  "seed": 25449,
  "state_vector": [
    0.136428564786911,
    12.0,
    3.0,
    1.0,
    979.4185791015625,
    447.04229736328125
  ],
  "subgoals": [
    [
      435.24123153076266,
      525.3175571740956
    ],
    [
      269.9202850953237,
      622.7135049158433
    ],
    [
      799.0442380040369,
      450.8651846305627
    ]
  ],
  "reward": 0.0682142823934555,
  "found_victim": false
}