{
  "seed": 91149,
  "state_vector": [
    0.09071428328752518,
    12.0,
    3.0,
    1.0,
    720.4329223632812,
    208.26463317871094
  ],
  "subgoals": [
    [
      228.21077409502232,
      77.81289732053132
    ],
    [
      633.3394087428762,
      130.8684244514314
    ],
    [
      964.0086864111385,
      404.799832492512
    ]
  ],
  "reward": 0.04535714164376259,
  "found_victim": false
}