{
  "seed": 33186,
  "state_vector": [
    0.15214285254478455,
    12.0,
    3.0,
    1.0,
    770.2120361328125,
    332.6070251464844
  ],
  "subgoals": [
    [
      916.8338971649633,
      487.56022633593943
    ],
    [
      135.72783540787998,
      342.7272623739569
    ],
    [
      266.8081907144803,
      32.04138978240891
    ]
  ],
  "reward": 0.07607142627239227,
  "found_victim": false
}