{
  "seed": 59545,
  "state_vector": [
    0.050857141613960266,
    12.0,
    3.0,
    1.0,
    796.3392333984375,
    83.9494400024414
  ],
  "subgoals": [
    [
      948.0065140983149,
      555.7517741317783
    ],
    [
      555.6041640555745,
      376.87987585529174
    ],
    [
      839.6992782640008,
      369.56104931919424
    ]
  ],
  "reward": 0.025428570806980133,
  "found_victim": false
}