{
  "seed": 99567,
  "state_vector": [
    0.09114285558462143,
    12.0,
    3.0,
    1.0,
    1033.2247314453125,
    356.21746826171875
  ],
  "subgoals": [
    [
      524.4714174719486,
      504.9368877535828
    ],
    [
      643.7975070241465,
      336.5840967770836
    ],
    [
      727.1521924559994,
      479.585308760347
    ]
  ],
  "reward": 0.045571427792310715,
  "found_victim": false
}