{
  "seed": 81042,
  "state_vector": [
    0.07242856919765472,
    12.0,
    3.0,
    1.0,
    860.1876831054688,
    437.4656066894531
  ],
  "subgoals": [
    [
      964.5650782292905,
      503.1528640097184
    ],
    [
      482.86160561503993,
      106.17212559207253
    ],
    [
      937.3229850604866,
      229.18683980033683
    ]
  ],
  "reward": 0.03621428459882736,
  "found_victim": false
}