{
  "seed": 98943,
  "state_vector": [
    0.22614285349845886,
    12.0,
    3.0,
    1.0,
    168.06210327148438,
    473.6707458496094
  ],
  "subgoals": [
    [
      400.1442308321217,
      631.1871233616861
    ],
    [
      895.0070653403649,
      550.1640367782808
    ],
    [
      342.3573094405716,
      317.1629168868219
    ]
  ],
  "reward": 0.11307142674922943,
  "found_victim": false
}