{
  "seed": 98296,
  "state_vector": [
    0.11214285343885422,
    12.0,
    3.0,
    1.0,
    246.09059143066406,
    155.17657470703125
  ],
  "subgoals": [
    [
      682.4669482238484,
      266.07976793663806
    ],
    [
      121.17680689343351,
      126.89060482879917
    ],
    [
      795.9651669595618,
      230.52151011777676
    ]
  ],
  "reward": 0.05607142671942711,
  "found_victim": false
}