{
  "seed": 59472,
  "state_vector": [
    0.2247142791748047,
    12.0,
    3.0,
    1.0,
    487.87646484375,
    409.2991638183594
  ],
  "subgoals": [
    [
      679.6946584125795,
      87.72417031265583
    ],
    [
      402.1097773539127,
      666.301917971491
    ],
    [
      221.58778665879993,
      595.714296646867
    ]
  ],
  "reward": 0.11235713958740234,
  "found_victim": false
}