{
  "seed": 91194,
  "state_vector": [
    0.07357142865657806,
    12.0,
    0.0,
    1.0,
    574.2169189453125,
    410.71734619140625
  ],
  "subgoals": [
    [
      161.82544013523594,
      618.8054043088597
    ],
    [
      964.8474164721314,
      536.1248960034063
    ],
    [
      515.8902575003665,
      512.7483981344999
    ]
  ],
  "reward": 0.03678571432828903,
  "found_victim": false
}