{
  "seed": 26641,
  "state_vector": [
    0.19114285707473755,
    12.0,
    3.0,
    1.0,
    741.7310791015625,
    568.8468627929688
  ],
  "subgoals": [
    [
      249.4567996166079,
      597.7389842816947
    ],
    [
      151.3141698460095,
      182.68104526403226
    ],
    [
      481.67166543598734,
      495.1830900967086
    ]
  ],
  "reward": 0.09557142853736877,
  "found_victim": false
}