{
  "seed": 15084,
  "state_vector": [
    0.06285714358091354,
    12.0,
    1.0,
    1.0,
    623.21923828125,
    196.09922790527344
  ],
  "subgoals": [
    [
      39.00458316136074,
      336.64000442990647
    ],
    [
      414.3473952286696,
      419.8934392368444
    ],
    [
      203.97726216918977,
      401.2115396731804
    ]
  ],
  "reward": 0.03142857179045677,
  "found_victim": false
}