{
  "seed": 869,
  "state_vector": [
    0.1362857073545456,
    12.0,
    3.0,
    1.0,
    645.056884765625,
    284.80291748046875
  ],
  "subgoals": [
    [
      533.7209520357178,
      95.75531864616963
    ],
    [
      451.5061368129666,
      343.9389636426757
    ],
    [
      759.8936406664452,
      191.42166685747398
    ]
  ],
  "reward": 0.0681428536772728,
  "found_victim": false
}