{
  "seed": 8140,
  "state_vector": [
    0.21814285218715668,
    12.0,
    3.0,
    1.0,
    347.1307678222656,
    372.49078369140625
  ],
  "subgoals": [
    [
      346.56072588578377,
      409.9974326815638
    ],
    [
      567.3552663904132,
      526.737702070918
    ],
    [
      353.25949335370683,
      569.3841464248768
    ]
  ],
  "reward": 0.10907142609357834,
  "found_victim": false
}