{
  "seed": 50614,
  "state_vector": [
    0.13442857563495636,
    12.0,
    3.0,
    1.0,
    110.85645294189453,
    259.837890625
  ],
  "subgoals": [
    [
      801.4352210721029,
      324.4476991679417
    ],
    [
      301.35351959591543,
      271.70520998390805
    ],
    [
      767.9889211813769,
      271.4798294153615
    ]
  ],
  "reward": 0.06721428781747818,
  "found_victim": false
}