{
  "seed": 56532,
  "state_vector": [
    0.11957142502069473,
    12.0,
    3.0,
    1.0,
    913.6968994140625,
    175.64862060546875
  ],
  "subgoals": [
    [
      248.0688722198943,
      122.86388059793637
    ],
    [
      65.32962752777014,
      281.7691733933807
    ],
    [
      759.5054328333792,
      318.97042995622536
    ]
  ],
  "reward": 0.059785712510347366,
  "found_victim": false
}