{
  "seed": 69070,
  "state_vector": [
    0.1589999943971634,
    12.0,
    3.0,
    1.0,
    226.3157501220703,
    366.92425537109375
  ],
  "subgoals": [
    [
      926.9344557739784,
      457.5307701179227
    ],
    [
      188.10784725338067,
      76.07722282447632
    ],
    [
      645.7466500090367,
      455.3523098654982
    ]
  ],
  "reward": 0.0794999971985817,
  "found_victim": false
}