{
  "seed": 25749,
  "state_vector": [
    0.1874285787343979,
    12.0,
    3.0,
    1.0,
    348.6013488769531,
    526.3320922851562
  ],
  "subgoals": [
    [
      678.5075177304363,
      383.1872903008485
    ],
    [
      955.5159416997403,
      471.2194621638293
    ],
    [
      514.8652813429612,
      329.99804208131593
    ]
  ],
  "reward": 0.09371428936719894,
  "found_victim": false
}