{
  "seed": 45615,
  "state_vector": [
    0.1565714329481125,
    12.0,
    3.0,
    1.0,
    208.77565002441406,
    453.03094482421875
  ],
  "subgoals": [
    [
      175.07470604151408,
      113.27555239078372
    ],
    [
      711.7424167994961,
      324.0269116699051
    ],
    [
      583.0932838510206,
      424.54558113007954
    ]
  ],
  "reward": 0.07828571647405624,
  "found_victim": false
}