{
  "seed": 1298,
  "state_vector": [
    0.13685713708400726,
    12.0,
    3.0,
    1.0,
    435.1883850097656,
    364.3219909667969
  ],
  "subgoals": [
    [
      511.94095484502003,
      120.94761306208419
    ],
    [
      447.9811348173402,
      595.0109686567314
    ],
    [
      314.4722620027292,
      328.50165561368146
    ]
  ],
  "reward": 0.06842856854200363,
  "found_victim": false
}