{
  "seed": 66741,
  "state_vector": [
    0.18371428549289703,
    12.0,
    3.0,
    1.0,
    191.81028747558594,
    508.3946228027344
  ],
  "subgoals": [
    [
      123.585022611178,
      426.7491795942524
    ],
    [
      558.5973555076047,
      308.2742895912714
    ],
    [
      123.72112847113245,
      657.1462076513923
    ]
  ],
  "reward": 0.09185714274644852,
  "found_victim": false
}