{
  "seed": 31770,
  "state_vector": [
    0.14057143032550812,
    12.0,
    3.0,
    1.0,
    738.0724487304688,
    451.1934814453125
  ],
  "subgoals": [
    [
      421.7593125405897,
      411.0705573060671
    ],
    [
      654.4441171615877,
      622.343311170299
    ],
    [
      412.5072110991201,
      534.8448847428448
    ]
  ],
  "reward": 0.07028571516275406,
  "found_victim": false
}