{
  "seed": 79015,
  "state_vector": [
    0.0722857117652893,
    12.0,
    3.0,
    1.0,
    473.2906799316406,
    210.7462158203125
  ],
  "subgoals": [
    [
      572.9681989621702,
      587.8848676795683
    ],
    [
      901.7444986741449,
      351.27706725500934
    ],
    [
      267.22558561089556,
      320.2518422657571
    ]
  ],
  "reward": 0.03614285588264465,
  "found_victim": false
}