{
  "seed": 59541,
  "state_vector": [
    0.199571430683136,
    12.0,
    3.0,
    1.0,
    657.172119140625,
    399.06390380859375
  ],
  "subgoals": [
    [
      590.6424689157157,
      72.34193039191737
    ],
    [
      466.55804598989744,
      577.6162849534877
    ],
    [
      126.46231951771672,
      287.6826160198269
    ]
  ],
  "reward": 0.099785715341568,
  "found_victim": false
}