{
  "seed": 42751,
  "state_vector": [
    0.15628571808338165,
    12.0,
    3.0,
    1.0,
    828.3629150390625,
    273.9153747558594
  ],
  "subgoals": [
    [
      304.80632936392516,
      128.84288276578587
    ],
    [
      132.04756277620635,
      611.1933863295552
    ],
    [
      515.1589670199804,
      556.9934608178045
    ]
  ],
  "reward": 0.07814285904169083,
  "found_victim": false
}