{
  "seed": 2157,
  "state_vector": [
    0.14742857217788696,
    12.0,
    3.0,
    1.0,
    939.5772705078125,
    216.6984405517578
  ],
  "subgoals": [
    [
      121.06315630670349,
      385.85151199001973
    ],
    [
      726.9697955151214,
      82.0800341479724
    ],
    [
      379.5491513850979,
      307.37468394408006
    ]
  ],
  "reward": 0.07371428608894348,
  "found_victim": false
}