{
  "seed": 39973,
  "state_vector": [
    0.1395714282989502,
    12.0,
    2.0,
    1.0,
    631.1417236328125,
    170.18772888183594
  ],
  "subgoals": [
    [
      969.7428020562957,
      529.4805244703836
    ],
    [
      831.7143873389,
      601.93690803087
    ],
    [
      372.0503846549854,
      392.4964087245992
    ]
  ],
  "reward": 0.0697857141494751,
  "found_victim": false
}