{
  "seed": 57018,
  "state_vector": [
    0.13614284992218018,
    12.0,
    3.0,
    1.0,
    786.1089477539062,
    343.05938720703125
  ],
  "subgoals": [
    [
      343.29784866176976,
      533.1862182828309
    ],
    [
      867.2888945549257,
      513.4100828162265
    ],
    [
      554.6085597213159,
      571.1192516848257
    ]
  ],
  "reward": 0.06807142496109009,
  "found_victim": false
}