{
  "seed": 45243,
  "state_vector": [
    0.1647142916917801,
    12.0,
    3.0,
    1.0,
    369.2435302734375,
    408.2969970703125
  ],
  "subgoals": [
    [
      802.3183372476155,
      376.4046181598004
    ],
    [
      119.27964972823685,
      120.47246524388456
    ],
    [
      859.6469530762321,
      113.22913627708985
    ]
  ],
  "reward": 0.08235714584589005,
  "found_victim": false
}