{
  "seed": 6514,
  "state_vector": [
    0.07728571444749832,
    12.0,
    3.0,
    1.0,
    18.878942489624023,
    479.1273193359375
  ],
  "subgoals": [
    [
      404.9357477238964,
      304.35304079518994
    ],
    [
      211.92639748778168,
      37.02333308180677
    ],
    [
      794.0772280378359,
      338.2285837001902
    ]
  ],
  "reward": 1.0,
  "found_victim": true
}