{
  "seed": 76715,
  "state_vector": [
    0.10357142984867096,
    12.0,
    3.0,
    1.0,
    969.6650390625,
    110.80752563476562
  ],
  "subgoals": [
    [
      735.2843573734204,
      493.6764268965617
    ],
    [
      338.337323120159,
      321.18654338236007
    ],
    [
      808.2137548463902,
      67.41726693614311
    ]
  ],
  "reward": 0.05178571492433548,
  "found_victim": false
}