{
  "seed": 65583,
  "state_vector": [
    0.1794285774230957,
    12.0,
    3.0,
    1.0,
    1100.7733154296875,
    417.5959777832031
  ],
  "subgoals": [
    [
      952.8071503019773,
      94.16255057126726
    ],
    [
      225.62136305137906,
      311.4114021287201
    ],
    [
      667.3523245406693,
      30.676814919309336
    ]
  ],
  "reward": 0.08971428871154785,
  "found_victim": false
}