{
  "seed": 91986,
  "state_vector": [
    0.11985713988542557,
    12.0,
    3.0,
    1.0,
    530.6023559570312,
    187.4029998779297
  ],
  "subgoals": [
    [
      585.0303161669746,
      75.51975121503901
    ],
    [
      252.13088578208354,
      378.7866345501869
    ],
    [
      890.3263564256717,
      294.6088282915049
    ]
  ],
  "reward": 0.059928569942712784,
  "found_victim": false
}