{
  "seed": 17009,
  "state_vector": [
    0.1517142802476883,
    12.0,
    3.0,
    1.0,
    817.9089965820312,
    449.7547302246094
  ],
  "subgoals": [
    [
      757.7520704952681,
      608.9760504633753
    ],
    [
      278.39982249008415,
      622.7617084565359
    ],
    [
      370.97060170662,
      653.5020611554991
    ]
  ],
  "reward": 0.07585714012384415,
  "found_victim": false
}