{
  "seed": 41623,
  "state_vector": [
    0.06057142838835716,
    12.0,
    3.0,
    1.0,
    890.24462890625,
    270.69781494140625
  ],
  "subgoals": [
    [
      371.5145261075373,
      624.7156364791738
    ],
    [
      666.5080407868408,
      269.9804243102349
    ],
    [
      694.7027070054421,
      464.8528310255235
    ]
  ],
  "reward": 0.03028571419417858,
  "found_victim": false
}