{
  "seed": 37720,
  "state_vector": [
    0.22214286029338837,
    12.0,
    2.0,
    1.0,
    244.39138793945312,
    201.28768920898438
  ],
  "subgoals": [
    [
      580.2009203015973,
      388.8651915627366
    ],
    [
      99.25130321900362,
      194.2945746209292
    ],
    [
      300.43578256970517,
      432.11844910589525
    ]
  ],
  "reward": 0.11107143014669418,
  "found_victim": false
}