{
  "seed": 72141,
  "state_vector": [
    0.1080000028014183,
    12.0,
    0.0,
    1.0,
    501.9626770019531,
    333.5346374511719
  ],
  "subgoals": [
    [
      69.07197224804126,
      48.93274642127821
    ],
    [
      825.4037903387808,
      300.4085911436377
    ],
    [
      359.6151820288021,
      604.8693383739583
    ]
  ],
  "reward": 0.05400000140070915,
  "found_victim": false
}