{
  "seed": 22776,
  "state_vector": [
    0.06457142531871796,
    12.0,
    3.0,
    1.0,
    535.16748046875,
    379.3171081542969
  ],
  "subgoals": [
    [
      833.4715234594674,
      667.433535419732
    ],
    [
      146.78169866557272,
      245.90844458461538
    ],
    [
      368.3273624486489,
      119.26684267027802
    ]
  ],
  "reward": 0.03228571265935898,
  "found_victim": false
}