{
  "seed": 38544,
  "state_vector": [
    0.11371428519487381,
    12.0,
    3.0,
    1.0,
    846.2592163085938,
    224.1693878173828
  ],
  "subgoals": [
    [
      351.6274158831955,
      73.66727728644975
    ],
    [
      192.62729023892095,
      298.4434597110038
    ],
    [
      137.3945514580964,
      296.9671870628059
    ]
  ],
  "reward": 0.056857142597436905,
  "found_victim": false
}