{
  "seed": 50605,
  "state_vector": [
    0.21299999952316284,
    12.0,
    3.0,
    1.0,
    737.5765380859375,
    242.7267303466797
  ],
  "subgoals": [
    [
      850.2473252879539,
      526.9206773074998
    ],
    [
      198.12471653387607,
      518.1823658021325
    ],
    [
      196.58184602200097,
      470.06974431082534
    ]
  ],
  "reward": 0.10649999976158142,
  "found_victim": false
}