{
  "seed": 25574,
  "state_vector": [
    0.04114285856485367,
    12.0,
    3.0,
    1.0,
    730.3972778320312,
    264.0921936035156
  ],
  "subgoals": [
    [
      924.1481198539343,
      54.98466366830918
    ],
    [
      679.0599353508418,
      368.55867068251564
    ],
    [
      174.75546718952475,
      531.3924741775622
    ]
  ],
  "reward": 0.020571429282426834,
  "found_victim": false
}