{
  "seed": 31843,
  "state_vector": [
    0.13128571212291718,
    12.0,
    3.0,
    1.0,
    574.00927734375,
    340.51959228515625
  ],
  "subgoals": [
    [
      245.5915723469297,
      186.03457529899515
    ],
    [
      636.1957652592758,
      465.3404444900647
    ],
    [
      121.42075843953236,
      633.1953301250338
    ]
  ],
  "reward": 0.06564285606145859,
  "found_victim": false
}