{
  "seed": 56798,
  "state_vector": [
    0.2224285751581192,
    12.0,
    3.0,
    1.0,
    912.8261108398438,
    279.807373046875
  ],
  "subgoals": [
    [
      961.2786699705811,
      173.42196509224252
    ],
    [
      110.16613612390333,
      667.5906616332749
    ],
    [
      286.1494053319419,
      545.8553416569681
    ]
  ],
  "reward": 0.1112142875790596,
  "found_victim": false
}