{
  "seed": 53513,
  "state_vector": [
    0.12128571420907974,
    12.0,
    2.0,
    1.0,
    562.9431762695312,
    229.67665100097656
  ],
  "subgoals": [
    [
      494.1847935825784,
      619.7488908916681
    ],
    [
      676.5841814183442,
      203.9891077364265
    ],
    [
      648.7675906709746,
      354.2887584291192
    ]
  ],
  "reward": 0.06064285710453987,
  "found_victim": false
}