{
  "seed": 18577,
  "state_vector": [
    0.06385714560747147,
    12.0,
    0.0,
    1.0,
    791.8497314453125,
    308.4075927734375
  ],
  "subgoals": [
    [
      864.9624044168183,
      600.6021545266499
    ],
    [
      726.2936866727092,
      638.182277594366
    ],
    [
      141.89164390707728,
      534.2604034825825
    ]
  ],
  "reward": 0.03192857280373573,
  "found_victim": false
}