{
  "seed": 10927,
  "state_vector": [
    0.12714286148548126,
    12.0,
    1.0,
    1.0,
    654.5997924804688,
    175.17808532714844
  ],
  "subgoals": [
    [
      636.4481068115215,
      85.04892984901694
    ],
    [
      192.698533540573,
      191.71014509025525
    ],
    [
      63.34717064605955,
      114.25468486818026
    ]
  ],
  "reward": 0.06357143074274063,
  "found_victim": false
}