{
  "seed": 31101,
  "state_vector": [
    0.10485713928937912,
    12.0,
    3.0,
    1.0,
    344.29547119140625,
    527.8491821289062
  ],
  "subgoals": [
    [
      137.9203136885465,
      42.12289574941593
    ],
    [
      79.48625509353451,
      388.9030004326996
    ],
    [
      822.7278378871089,
      30.466541882528446
    ]
  ],
  "reward": 0.05242856964468956,
  "found_victim": false
}