{
  "seed": 7643,
  "state_vector": [
    0.16014285385608673,
    12.0,
    3.0,
    1.0,
    606.9163208007812,
    441.5151062011719
  ],
  "subgoals": [
    [
      489.0934406922933,
      508.7506123227055
    ],
    [
      638.6166216274798,
      439.1585537603402
    ],
    [
      477.6442178140804,
      154.2598341639441
    ]
  ],
  "reward": 0.08007142692804337,
  "found_victim": false
}