{
  "seed": 33751,
  "state_vector": [
    0.21471428871154785,
    12.0,
    3.0,
    1.0,
    304.1146545410156,
    413.4904479980469
  ],
  "subgoals": [
    [
      788.9617656297439,
      114.15844671323853
    ],
    [
      729.2914684660483,
      135.70149896642292
    ],
    [
      546.1869754081573,
      232.59293215802913
    ]
  ],
  "reward": 0.10735714435577393,
  "found_victim": false
}