{
  "seed": 80343,
  "state_vector": [
    0.07885714620351791,
    12.0,
    3.0,
    1.0,
    890.3738403320312,
    184.01853942871094
  ],
  "subgoals": [
    [
      51.16639224138274,
      57.84678900003996
    ],
    [
      923.4911650326048,
      292.0005031412612
    ],
    [
      156.06458941894164,
      65.73081572450477
    ]
  ],
  "reward": 0.03942857310175896,
  "found_victim": false
}