{
  "seed": 55523,
  "state_vector": [
    0.243428573012352,
    12.0,
    3.0,
    1.0,
    537.7684326171875,
    389.7969055175781
  ],
  "subgoals": [
    [
      846.8130542585831,
      33.66680781334907
    ],
    [
      660.4958252114698,
      480.77942825030965
    ],
    [
      481.26555734399415,
      436.45623525749755
    ]
  ],
  "reward": 0.121714286506176,
  "found_victim": false
}