{
  "seed": 36,
  "state_vector": [
    0.14557142555713654,
    12.0,
    3.0,
    1.0,
    632.6449584960938,
    220.809326171875
  ],
  "subgoals": [
    [
      373.92330909220397,
      251.0033167936693
    ],
    [
      441.16642422886184,
      562.963244211728
    ],
    [
      105.03700147147845,
      376.3798482879938
    ]
  ],
  "reward": 0.07278571277856827,
  "found_victim": false
}