{
  "seed": 5124,
  "state_vector": [
    0.22514285147190094,
    12.0,
    3.0,
    1.0,
    269.3680725097656,
    513.1679077148438
  ],
  "subgoals": [
    [
      140.34781526709298,
      666.5371896922112
    ],
    [
      642.5012483898795,
      56.014936646599764
    ],
    [
      848.518674078518,
      265.80999458896684
    ]
  ],
  "reward": 0.11257142573595047,
  "found_victim": false
}