{
  "seed": 9088,
  "state_vector": [
    0.20399999618530273,
    12.0,
    0.0,
    1.0,
    832.7440185546875,
    398.04486083984375
  ],
  "subgoals": [
    [
      425.7280810903885,
      100.58090746820987
    ],
    [
      817.6349497904012,
      515.3164166952957
    ],
    [
      560.1596624060035,
      487.99685688277066
    ]
  ],
  "reward": 0.10199999809265137,
  "found_victim": false
}