{
  "seed": 26061,
  "state_vector": [
    0.1720000058412552,
    12.0,
    3.0,
    1.0,
    585.0751953125,
    466.2721252441406
  ],
  "subgoals": [
    [
      172.55321486304823,
      324.9846279350526
    ],
    [
      312.2522243004593,
      634.9379076426561
    ],
    [
      723.7658681484972,
      136.3697409903255
    ]
  ],
  "reward": 0.0860000029206276,
  "found_victim": false
}