{
  "seed": 90813,
  "state_vector": [
    0.043714284896850586,
    12.0,
    3.0,
    1.0,
    839.3084106445312,
    68.64203643798828
  ],
  "subgoals": [
    [
      967.9195058016174,
      105.35530893436622
    ],
    [
      514.522850200917,
      53.40864309797311
    ],
    [
      45.655850048378696,
      560.9924528880779
    ]
  ],
  "reward": 0.021857142448425293,
  "found_victim": false
}