{
  "seed": 16185,
  "state_vector": [
    0.2004285752773285,
    12.0,
    3.0,
    1.0,
    547.0299072265625,
    307.77490234375
  ],
  "subgoals": [
    [
      206.2967197207634,
      190.18921428716135
    ],
    [
      752.1223876759356,
      213.74446747556618
    ],
    [
      405.5562031866898,
      240.092742033406
    ]
  ],
  "reward": 0.10021428763866425,
  "found_victim": false
}