{
  "seed": 43597,
  "state_vector": [
    0.07914285361766815,
    12.0,
    3.0,
    1.0,
    644.6470336914062,
    314.977783203125
  ],
  "subgoals": [
    [
      734.6523597319975,
      545.8025411136848
    ],
    [
      343.7908258059083,
      70.11367276214358
    ],
    [
      151.92617806663117,
      268.70635263074246
    ]
  ],
  "reward": 0.039571426808834076,
  "found_victim": false
}