{
  "seed": 37809,
  "state_vector": [
    0.248285710811615,
    12.0,
    3.0,
    1.0,
    760.4783935546875,
    331.71435546875
  ],
  "subgoals": [
    [
      488.3556541968557,
      425.7542952723753
    ],
    [
      838.80864825836,
      210.82553514821007
    ],
    [
      707.4999177227519,
      107.21568182856515
    ]
  ],
  "reward": 0.1241428554058075,
  "found_victim": false
}