{
  "seed": 47308,
  "state_vector": [
    0.10114285349845886,
    12.0,
    3.0,
    1.0,
    709.2932739257812,
    102.82579803466797
  ],
  "subgoals": [
    [
      687.9518719802396,
      274.8743209301482
    ],
    [
      604.1392793574904,
      372.05008734466253
    ],
    [
      956.6144986624,
      436.4511738010797
    ]
  ],
  "reward": 0.05057142674922943,
  "found_victim": false
}