{
  "seed": 99112,
  "state_vector": [
    0.08814285695552826,
    12.0,
    3.0,
    1.0,
    964.10107421875,
    389.3887939453125
  ],
  "subgoals": [
    [
      72.12837314615152,
      419.8158062633044
    ],
    [
      344.7310049841496,
      174.63495406637458
    ],
    [
      832.7963056117567,
      314.16875157740753
    ]
  ],
  "reward": 0.04407142847776413,
  "found_victim": false
}