{
  "seed": 56188,
  "state_vector": [
    0.23600000143051147,
    12.0,
    3.0,
    1.0,
    933.0433959960938,
    479.54840087890625
  ],
  "subgoals": [
    [
      289.1734932343371,
      250.38682836715495
    ],
    [
      728.3542163896382,
      220.11139142895274
    ],
    [
      818.5345107037743,
      122.3568589388767
    ]
  ],
  "reward": 0.11800000071525574,
  "found_victim": false
}