{
  "seed": 92059,
  "state_vector": [
    0.08785714209079742,
    12.0,
    3.0,
    1.0,
    1023.6566162109375,
    494.80999755859375
  ],
  "subgoals": [
    [
      391.6415152591646,
      478.16217698403733
    ],
    [
      435.6532858945109,
      536.26604650807
    ],
    [
      355.4606612209094,
      397.0518096723272
    ]
  ],
  "reward": 0.04392857104539871,
  "found_victim": false
}