{
  "seed": 22226,
  "state_vector": [
    0.14271429181098938,
    12.0,
    3.0,
    1.0,
    411.64349365234375,
    499.5254821777344
  ],
  "subgoals": [
    [
      89.73548325083397,
      323.5378649316749
    ],
    [
      694.9047072988387,
      534.8355723128527
    ],
    [
      464.75281112209467,
      229.48263429076098
    ]
  ],
  "reward": 0.07135714590549469,
  "found_victim": false
}