{
  "seed": 48910,
  "state_vector": [
    0.22028571367263794,
    12.0,
    2.0,
    1.0,
    750.44775390625,
    226.4116668701172
  ],
  "subgoals": [
    [
      784.8369180076768,
      173.20968492036764
    ],
    [
      542.727361842049,
      234.2613436645468
    ],
    [
      693.0745526171155,
      241.84719355646132
    ]
  ],
  "reward": 0.11014285683631897,
  "found_victim": false
}