{
  "seed": 58148,
  "state_vector": [
    0.1468571424484253,
    12.0,
    0.0,
    1.0,
    837.3277587890625,
    166.14190673828125
  ],
  "subgoals": [
    [
      826.9996017951171,
      392.50189645927185
    ],
    [
      672.1911986088779,
      518.3720231638433
    ],
    [
      262.0111487377036,
      662.0242129883994
    ]
  ],
  "reward": 0.07342857122421265,
  "found_victim": false
}