{
  "seed": 85806,
  "state_vector": [
    0.19200000166893005,
    12.0,
    3.0,
    1.0,
    342.2065124511719,
    538.8660278320312
  ],
  "subgoals": [
    [
      43.258061586376726,
      543.1116042504786
    ],
    [
      762.6509344298127,
      399.1191627806678
    ],
    [
      858.7393158142091,
      79.9558457446053
    ]
  ],
  "reward": 0.09600000083446503,
  "found_victim": false
}