{
  "seed": 8772,
  "state_vector": [
    0.02800000086426735,
    12.0,
    2.0,
    1.0,
    803.013916015625,
    84.39298248291016
  ],
  "subgoals": [
    [
      573.5497978474026,
      46.53866997561167
    ],
    [
      387.24228613600974,
      619.0898317811989
    ],
    [
      828.8180598147593,
      352.58091709676506
    ]
  ],
  "reward": 0.014000000432133675,
  "found_victim": false
}