{
  "seed": 35273,
  "state_vector": [
    0.019428571686148643,
    12.0,
    3.0,
    1.0,
    574.2766723632812,
    244.08799743652344
  ],
  "subgoals": [
    [
      692.7626302399901,
      392.18593621660887
    ],
    [
      245.1847499102656,
      533.4349302280748
    ],
    [
      747.5563032003195,
      214.0442203888622
    ]
  ],
  "reward": 0.009714285843074322,
  "found_victim": false
}