{
  "seed": 13018,
  "state_vector": [
    0.14842857420444489,
    12.0,
    2.0,
    1.0,
    594.340087890625,
    195.88038635253906
  ],
  "subgoals": [
    [
      81.29922103476838,
      593.340113858728
    ],
    [
      849.8357726839192,
      336.68269919284717
    ],
    [
      568.3289143598384,
      537.5327406101882
    ]
  ],
  "reward": 0.07421428710222244,
  "found_victim": false
}