{
  "seed": 50336,
  "state_vector": [
    0.18299999833106995,
    1.0,
    1.0,
    1.0,
    573.8391723632812,
    313.32562255859375
  ],
  "subgoals": [
    [
      295.0,
      325.0
    ],
    [
      735.0,
      405.0
    ],
    [
      325.0,
      335.0
    ],
    [
      735.0,
      405.0
    ],
    [
      325.0,
      345.0
    ],
    [
      735.0,
      405.0
    ]
  ],
  "reward": 0.09149999916553497,
  "found_victim": false
}