{
  "seed": 63729,
  "state_vector": [
    0.21085713803768158,
    12.0,
    3.0,
    1.0,
    765.5466918945312,
    330.94830322265625
  ],
  "subgoals": [
    [
      943.3352855232029,
      277.711111237312
    ],
    [
      812.3748984226659,
      324.2770828460062
    ],
    [
      895.3185985920954,
      578.6482719221968
    ]
  ],
  "reward": 0.10542856901884079,
  "found_victim": false
}