{
  "seed": 14319,
  "state_vector": [
    0.14900000393390656,
    12.0,
    3.0,
    1.0,
    518.57421875,
    525.0056762695312
  ],
  "subgoals": [
    [
      326.42476412109596,
      248.85975160262183
    ],
    [
      77.77112907241124,
      362.49558443205785
    ],
    [
      370.3713506643778,
      239.07591332212306
    ]
  ],
  "reward": 0.07450000196695328,
  "found_victim": false
}