{
  "metadata": {
    "timestamp": "20251124_210413",
    "simulation_time": "3.10s",
    "result": "failure",
    "screenshot_path": "simulation_screenshots/sim_20251124_210413_final_failure.png"
  },
  "statistics": {
    "simulation_duration": 3.1019999999999954,
    "alive_small_agents": 0,
    "total_small_agents": 6,
    "alive_large_agents": 0,
    "total_large_agents": 3,
    "map_id": 6,
    "spawn_times": 6,
    "dead_agents": 30,
    "coverage_percentage": 0.0,
    "victim_rescued": false,
    "obstacles_count": 10,
    "danger_zones_count": 15,
    "explored_safe_count": 70
  },
  "agent_details": {
    "small_agents": [],
    "large_agents": [
      {
        "id": 1,
        "alive": false,
        "energycost": 27.41545448952637,
        "final_position": [
          485,
          565
        ],
        "trajectory_length": 15,
        "hist_traj": [
          [
            567,
            638
          ],
          [
            565,
            635
          ],
          [
            555,
            635
          ],
          [
            545,
            635
          ],
          [
            535,
            635
          ],
          [
            525,
            635
          ],
          [
            515,
            625
          ],
          [
            505,
            625
          ],
          [
            505,
            625
          ],
          [
            505,
            615
          ],
          [
            505,
            605
          ],
          [
            505,
            595
          ],
          [
            495,
            585
          ],
          [
            495,
            575
          ],
          [
            485,
            565
          ]
        ],
        "known_cells": 887,
        "total_cells": 7000,
        "known_percentage": 12.671428571428573,
        "son_agents": [
          1003,
          1004,
          1005
        ]
      },
      {
        "id": 0,
        "alive": false,
        "energycost": 57.41545448952637,
        "final_position": [
          705,
          475
        ],
        "trajectory_length": 31,
        "hist_traj": [
          [
            567,
            638
          ],
          [
            565,
            635
          ],
          [
            575,
            635
          ],
          [
            585,
            635
          ],
          [
            595,
            635
          ],
          [
            605,
            635
          ],
          [
            615,
            635
          ],
          [
            625,
            635
          ],
          [
            635,
            635
          ],
          [
            635,
            635
          ],
          [
            645,
            635
          ],
          [
            655,
            625
          ],
          [
            665,
            625
          ],
          [
            675,
            615
          ],
          [
            685,
            615
          ],
          [
            695,
            605
          ],
          [
            705,
            605
          ],
          [
            705,
            605
          ],
          [
            705,
            595
          ],
          [
            705,
            585
          ],
          [
            705,
            575
          ],
          [
            705,
            565
          ],
          [
            705,
            555
          ],
          [
            705,
            545
          ],
          [
            705,
            535
          ],
          [
            705,
            525
          ],
          [
            705,
            515
          ],
          [
            705,
            505
          ],
          [
            705,
            495
          ],
          [
            705,
            485
          ],
          [
            705,
            475
          ]
        ],
        "known_cells": 1402,
        "total_cells": 7000,
        "known_percentage": 20.02857142857143,
        "son_agents": [
          1000,
          1001,
          1002
        ]
      },
      {
        "id": 2,
        "alive": false,
        "energycost": 79.35657998648063,
        "final_position": [
          705,
          475
        ],
        "trajectory_length": 38,
        "hist_traj": [
          [
            567,
            638
          ],
          [
            565,
            635
          ],
          [
            565,
            625
          ],
          [
            565,
            615
          ],
          [
            575,
            605
          ],
          [
            575,
            595
          ],
          [
            575,
            585
          ],
          [
            585,
            575
          ],
          [
            585,
            575
          ],
          [
            595,
            575
          ],
          [
            605,
            575
          ],
          [
            615,
            585
          ],
          [
            625,
            585
          ],
          [
            635,
            595
          ],
          [
            645,
            595
          ],
          [
            655,
            605
          ],
          [
            665,
            605
          ],
          [
            675,
            615
          ],
          [
            685,
            615
          ],
          [
            695,
            615
          ],
          [
            705,
            625
          ],
          [
            705,
            625
          ],
          [
            705,
            615
          ],
          [
            705,
            605
          ],
          [
            705,
            595
          ],
          [
            715,
            585
          ],
          [
            715,
            575
          ],
          [
            725,
            565
          ],
          [
            725,
            555
          ],
          [
            735,
            545
          ],
          [
            735,
            535
          ],
          [
            735,
            525
          ],
          [
            745,
            515
          ],
          [
            745,
            515
          ],
          [
            735,
            505
          ],
          [
            725,
            495
          ],
          [
            715,
            485
          ],
          [
            705,
            475
          ]
        ],
        "known_cells": 1782,
        "total_cells": 7000,
        "known_percentage": 25.457142857142856,
        "son_agents": [
          1006,
          1007,
          1008
        ]
      }
    ]
  }
}