{
  "metadata": {
    "timestamp": "20251124_195544",
    "simulation_time": "3.28s",
    "result": "failure",
    "screenshot_path": "simulation_screenshots/sim_20251124_195544_final_failure.png"
  },
  "statistics": {
    "simulation_duration": 3.281999999999992,
    "alive_small_agents": 0,
    "total_small_agents": 6,
    "alive_large_agents": 0,
    "total_large_agents": 3,
    "map_id": 2,
    "spawn_times": 9,
    "dead_agents": 34,
    "coverage_percentage": 0.0,
    "victim_rescued": false,
    "obstacles_count": 10,
    "danger_zones_count": 15,
    "explored_safe_count": 70
  },
  "agent_details": {
    "small_agents": [
      {
        "id": 1004,
        "alive": false,
        "energycost": 12.274612999142867,
        "final_position": [
          625,
          225
        ],
        "trajectory_length": 13,
        "hist_traj": [
          [
            723,
            273
          ],
          [
            725,
            275
          ],
          [
            715,
            275
          ],
          [
            705,
            275
          ],
          [
            695,
            275
          ],
          [
            685,
            265
          ],
          [
            675,
            265
          ],
          [
            665,
            255
          ],
          [
            655,
            255
          ],
          [
            655,
            255
          ],
          [
            645,
            245
          ],
          [
            635,
            235
          ],
          [
            625,
            225
          ]
        ],
        "explored_cells": 676,
        "has_goal": true,
        "goal_position": [
          615,
          225
        ]
      },
      {
        "id": 1001,
        "alive": false,
        "energycost": 28.002535060500726,
        "final_position": [
          535,
          225
        ],
        "trajectory_length": 26,
        "hist_traj": [
          [
            723,
            273
          ],
          [
            725,
            275
          ],
          [
            715,
            285
          ],
          [
            705,
            295
          ],
          [
            695,
            305
          ],
          [
            695,
            315
          ],
          [
            685,
            325
          ],
          [
            685,
            335
          ],
          [
            685,
            335
          ],
          [
            675,
            325
          ],
          [
            665,
            325
          ],
          [
            655,
            315
          ],
          [
            645,
            315
          ],
          [
            635,
            305
          ],
          [
            625,
            305
          ],
          [
            615,
            295
          ],
          [
            605,
            295
          ],
          [
            595,
            285
          ],
          [
            585,
            285
          ],
          [
            585,
            285
          ],
          [
            575,
            275
          ],
          [
            565,
            265
          ],
          [
            555,
            255
          ],
          [
            545,
            245
          ],
          [
            535,
            235
          ],
          [
            535,
            225
          ]
        ],
        "explored_cells": 856,
        "has_goal": true,
        "goal_position": [
          525,
          215
        ]
      },
      {
        "id": 1003,
        "alive": false,
        "energycost": 38.759894373381435,
        "final_position": [
          625,
          225
        ],
        "trajectory_length": 38,
        "hist_traj": [
          [
            723,
            273
          ],
          [
            725,
            275
          ],
          [
            735,
            275
          ],
          [
            745,
            275
          ],
          [
            755,
            265
          ],
          [
            765,
            265
          ],
          [
            775,
            255
          ],
          [
            785,
            255
          ],
          [
            785,
            255
          ],
          [
            775,
            255
          ],
          [
            765,
            255
          ],
          [
            755,
            255
          ],
          [
            745,
            255
          ],
          [
            735,
            255
          ],
          [
            725,
            255
          ],
          [
            715,
            255
          ],
          [
            705,
            255
          ],
          [
            695,
            255
          ],
          [
            685,
            255
          ],
          [
            675,
            265
          ],
          [
            665,
            265
          ],
          [
            655,
            275
          ],
          [
            645,
            275
          ],
          [
            635,
            285
          ],
          [
            625,
            285
          ],
          [
            615,
            295
          ],
          [
            605,
            295
          ],
          [
            595,
            295
          ],
          [
            585,
            305
          ],
          [
            585,
            305
          ],
          [
            595,
            295
          ],
          [
            605,
            285
          ],
          [
            605,
            275
          ],
          [
            615,
            265
          ],
          [
            615,
            255
          ],
          [
            615,
            245
          ],
          [
            625,
            235
          ],
          [
            625,
            225
          ]
        ],
        "explored_cells": 850,
        "has_goal": true,
        "goal_position": [
          635,
          215
        ]
      },
      {
        "id": 1010,
        "alive": false,
        "energycost": 19.86039943676977,
        "final_position": [
          645,
          135
        ],
        "trajectory_length": 20,
        "hist_traj": [
          [
            723,
            273
          ],
          [
            725,
            275
          ],
          [
            715,
            265
          ],
          [
            705,
            255
          ],
          [
            695,
            245
          ],
          [
            685,
            245
          ],
          [
            675,
            245
          ],
          [
            665,
            245
          ],
          [
            655,
            245
          ],
          [
            645,
            235
          ],
          [
            645,
            225
          ],
          [
            645,
            215
          ],
          [
            645,
            205
          ],
          [
            645,
            195
          ],
          [
            645,
            185
          ],
          [
            645,
            175
          ],
          [
            645,
            165
          ],
          [
            645,
            155
          ],
          [
            645,
            145
          ],
          [
            645,
            135
          ]
        ],
        "explored_cells": 1590,
        "has_goal": true,
        "goal_position": [
          645,
          125
        ]
      }
    ],
    "large_agents": [
      {
        "id": 1,
        "alive": false,
        "energycost": 42.69136162201669,
        "final_position": [
          625,
          225
        ],
        "trajectory_length": 20,