{
  "metadata": {
    "timestamp": "20251124_220716",
    "simulation_time": "2.24s",
    "result": "failure",
    "screenshot_path": "simulation_screenshots/sim_20251124_220716_final_failure.png"
  },
  "statistics": {
    "simulation_duration": 2.241999999999995,
    "alive_small_agents": 0,
    "total_small_agents": 6,
    "alive_large_agents": 0,
    "total_large_agents": 3,
    "map_id": 12,
    "spawn_times": 7,
    "dead_agents": 32,
    "coverage_percentage": 0.0,
    "victim_rescued": false,
    "obstacles_count": 10,
    "danger_zones_count": 15,
    "explored_safe_count": 70
  },
  "agent_details": {
    "small_agents": [
      {
        "id": 1003,
        "alive": false,
        "energycost": 8.928849361675066,
        "final_position": [
          475,
          295
        ],
        "trajectory_length": 11,
        "hist_traj": [
          [
            475,
            375
          ],
          [
            475,
            375
          ],
          [
            475,
            365
          ],
          [
            475,
            355
          ],
          [
            475,
            345
          ],
          [
            475,
            335
          ],
          [
            475,
            325
          ],
          [
            475,
            315
          ],
          [
            485,
            305
          ],
          [
            485,
            305
          ],
          [
            475,
            295
          ]
        ],
        "explored_cells": 774,
        "has_goal": true,
        "goal_position": [
          465,
          285
        ]
      },
      {
        "id": 1002,
        "alive": false,
        "energycost": 22.51463579930197,
        "final_position": [
          485,
          295
        ],
        "trajectory_length": 25,
        "hist_traj": [
          [
            475,
            375
          ],
          [
            475,
            375
          ],
          [
            475,
            385
          ],
          [
            475,
            395
          ],
          [
            475,
            405
          ],
          [
            475,
            415
          ],
          [
            475,
            425
          ],
          [
            475,
            435
          ],
          [
            485,
            445
          ],
          [
            485,
            445
          ],
          [
            485,
            435
          ],
          [
            485,
            425
          ],
          [
            485,
            415
          ],
          [
            485,
            405
          ],
          [
            485,
            395
          ],
          [
            485,
            385
          ],
          [
            485,
            375
          ],
          [
            485,
            365
          ],
          [
            485,
            355
          ],
          [
            485,
            345
          ],
          [
            485,
            335
          ],
          [
            485,
            325
          ],
          [
            485,
            315
          ],
          [
            485,
            305
          ],
          [
            485,
            295
          ]
        ],
        "explored_cells": 874,
        "has_goal": true,
        "goal_position": [
          485,
          285
        ]
      }
    ],
    "large_agents": [
      {
        "id": 1,
        "alive": false,
        "energycost": 17.857698723350133,
        "final_position": [
          475,
          295
        ],
        "trajectory_length": 11,
        "hist_traj": [
          [
            475,
            375
          ],
          [
            475,
            375
          ],
          [
            475,
            365
          ],
          [
            475,
            355
          ],
          [
            475,
            345
          ],
          [
            475,
            335
          ],
          [
            475,
            325
          ],
          [
            465,
            315
          ],
          [
            465,
            305
          ],
          [
            465,
            305
          ],
          [
            475,
            295
          ]
        ],
        "known_cells": 891,
        "total_cells": 7000,
        "known_percentage": 12.728571428571428,
        "son_agents": [
          1003,
          1004,
          1005
        ]
      },
      {
        "id": 0,
        "alive": false,
        "energycost": 24.82826147182728,
        "final_position": [
          485,
          295
        ],
        "trajectory_length": 12,
        "hist_traj": [
          [
            475,
            375
          ],
          [
            475,
            375
          ],
          [
            485,
            365
          ],
          [
            495,
            355
          ],
          [
            505,
            345
          ],
          [
            515,
            335
          ],
          [
            525,
            335
          ],
          [
            525,
            335
          ],
          [
            515,
            325
          ],
          [
            505,
            315
          ],
          [
            495,
            305
          ],
          [
            485,
            295
          ]
        ],
        "known_cells": 963,
        "total_cells": 7000,
        "known_percentage": 13.757142857142856,
        "son_agents": [
          1000,
          1001,
          1002
        ]
      },
      {
        "id": 2,
        "alive": false,
        "energycost": 102.76938696878155,
        "final_position": [
          465,
          295
        ],
        "trajectory_length": 47,