{
  "metadata": {
    "timestamp": "20251124_210335",
    "simulation_time": "2.11s",
    "result": "failure",
    "screenshot_path": "simulation_screenshots/sim_20251124_210335_final_failure.png"
  },
  "statistics": {
    "simulation_duration": 2.1059999999999963,
    "alive_small_agents": 0,
    "total_small_agents": 6,
    "alive_large_agents": 0,
    "total_large_agents": 3,
    "map_id": 6,
    "spawn_times": 6,
    "dead_agents": 30,
    "coverage_percentage": 0.0,
    "victim_rescued": false,
    "obstacles_count": 10,
    "danger_zones_count": 15,
    "explored_safe_count": 70
  },
  "agent_details": {
    "small_agents": [],
    "large_agents": [
      {
        "id": 1,
        "alive": false,
        "energycost": 34.24388161427256,
        "final_position": [
          485,
          565
        ],
        "trajectory_length": 18,
        "hist_traj": [
          [
            567,
            638
          ],
          [
            565,
            635
          ],
          [
            555,
            635
          ],
          [
            545,
            635
          ],
          [
            535,
            645
          ],
          [
            525,
            645
          ],
          [
            515,
            645
          ],
          [
            505,
            655
          ],
          [
            505,
            655
          ],
          [
            505,
            645
          ],
          [
            505,
            635
          ],
          [
            505,
            625
          ],
          [
            505,
            615
          ],
          [
            505,
            605
          ],
          [
            505,
            595
          ],
          [
            495,
            585
          ],
          [
            495,
            575
          ],
          [
            485,
            565
          ]
        ],
        "known_cells": 1034,
        "total_cells": 7000,
        "known_percentage": 14.771428571428572,
        "son_agents": [
          1003,
          1004,
          1005
        ]
      },
      {
        "id": 2,
        "alive": false,
        "energycost": 34.58702736478018,
        "final_position": [
          485,
          575
        ],
        "trajectory_length": 19,
        "hist_traj": [
          [
            567,
            638
          ],
          [
            565,
            635
          ],
          [
            565,
            625
          ],
          [
            565,
            615
          ],
          [
            575,
            605
          ],
          [
            575,
            595
          ],
          [
            575,
            585
          ],
          [
            585,
            575
          ],
          [
            585,
            575
          ],
          [
            575,
            575
          ],
          [
            565,
            575
          ],
          [
            555,
            575
          ],
          [
            545,
            575
          ],
          [
            535,
            575
          ],
          [
            525,
            575
          ],
          [
            515,
            575
          ],
          [
            505,
            575
          ],
          [
            495,
            575
          ],
          [
            485,
            575
          ]
        ],
        "known_cells": 1076,
        "total_cells": 7000,
        "known_percentage": 15.371428571428572,
        "son_agents": [
          1006,
          1007,
          1008
        ]
      },
      {
        "id": 0,
        "alive": false,
        "energycost": 59.35657998648066,
        "final_position": [
          485,
          615
        ],
        "trajectory_length": 27,
        "hist_traj": [
          [
            567,
            638
          ],
          [
            565,
            635
          ],
          [
            565,
            625
          ],
          [
            565,
            615
          ],
          [
            565,
            605
          ],
          [
            565,
            595
          ],
          [
            555,
            585
          ],
          [
            555,
            575
          ],
          [
            555,
            575
          ],
          [
            545,
            585
          ],
          [
            535,
            595
          ],
          [
            525,
            605
          ],
          [
            515,
            615
          ],
          [
            505,
            625
          ],
          [
            495,
            635
          ],
          [
            485,
            645
          ],
          [
            475,
            645
          ],
          [
            465,
            655
          ],
          [
            455,
            655
          ],
          [
            445,
            655
          ],
          [
            435,
            665
          ],
          [
            435,
            665
          ],
          [
            445,
            655
          ],
          [
            455,
            645
          ],
          [
            465,
            635
          ],
          [
            475,
            625
          ],
          [
            485,
            615
          ]
        ],
        "known_cells": 1311,
        "total_cells": 7000,
        "known_percentage": 18.728571428571428,
        "son_agents": [
          1000,
          1001,
          1002
        ]
      }
    ]
  }
}