{
  "metadata": {
    "timestamp": "20251124_221049",
    "simulation_time": "2.29s",
    "result": "failure",
    "screenshot_path": "simulation_screenshots/sim_20251124_221049_final_failure.png"
  },
  "statistics": {
    "simulation_duration": 2.2879999999999954,
    "alive_small_agents": 0,
    "total_small_agents": 6,
    "alive_large_agents": 0,
    "total_large_agents": 3,
    "map_id": 12,
    "spawn_times": 11,
    "dead_agents": 35,
    "coverage_percentage": 0.0,
    "victim_rescued": false,
    "obstacles_count": 10,
    "danger_zones_count": 15,
    "explored_safe_count": 70
  },
  "agent_details": {
    "small_agents": [
      {
        "id": 1001,
        "alive": false,
        "energycost": 23.828344298286734,
        "final_position": [
          465,
          295
        ],
        "trajectory_length": 23,
        "hist_traj": [
          [
            475,
            375
          ],
          [
            475,
            375
          ],
          [
            485,
            385
          ],
          [
            495,
            395
          ],
          [
            505,
            405
          ],
          [
            505,
            415
          ],
          [
            505,
            425
          ],
          [
            515,
            435
          ],
          [
            515,
            435
          ],
          [
            505,
            425
          ],
          [
            495,
            415
          ],
          [
            485,
            405
          ],
          [
            485,
            395
          ],
          [
            475,
            385
          ],
          [
            475,
            375
          ],
          [
            475,
            365
          ],
          [
            465,
            355
          ],
          [
            465,
            345
          ],
          [
            465,
            335
          ],
          [
            465,
            325
          ],
          [
            465,
            315
          ],
          [
            465,
            305
          ],
          [
            465,
            295
          ]
        ],
        "explored_cells": 860,
        "has_goal": true,
        "goal_position": [
          455,
          285
        ]
      },
      {
        "id": 1007,
        "alive": false,
        "energycost": 22.999917173540545,
        "final_position": [
          465,
          295
        ],
        "trajectory_length": 23,
        "hist_traj": [
          [
            475,
            375
          ],
          [
            475,
            375
          ],
          [
            465,
            385
          ],
          [
            465,
            395
          ],
          [
            455,
            405
          ],
          [
            445,
            415
          ],
          [
            435,
            425
          ],
          [
            435,
            435
          ],
          [
            435,
            435
          ],
          [
            435,
            425
          ],
          [
            445,
            415
          ],
          [
            455,
            405
          ],
          [
            465,
            395
          ],
          [
            465,
            385
          ],
          [
            465,
            375
          ],
          [
            465,
            365
          ],
          [
            465,
            355
          ],
          [
            465,
            345
          ],
          [
            465,
            335
          ],
          [
            465,
            325
          ],
          [
            465,
            315
          ],
          [
            465,
            305
          ],
          [
            465,
            295
          ]
        ],
        "explored_cells": 847,
        "has_goal": true,
        "goal_position": [
          465,
          285
        ]
      },
      {
        "id": 1003,
        "alive": false,
        "energycost": 20.828344298286737,
        "final_position": [
          485,
          285
        ],
        "trajectory_length": 21,
        "hist_traj": [
          [
            475,
            375
          ],
          [
            475,
            375
          ],
          [
            475,
            365
          ],
          [
            475,
            355
          ],
          [
            475,
            345
          ],
          [
            475,
            335
          ],
          [
            475,
            325
          ],
          [
            475,
            315
          ],
          [
            485,
            305
          ],
          [
            485,
            305
          ],
          [
            495,
            295
          ],
          [
            505,
            285
          ],
          [
            515,
            275
          ],
          [
            515,
            265
          ],
          [
            515,
            255
          ],
          [
            525,
            245
          ],
          [
            525,
            245
          ],
          [
            515,
            255
          ],
          [
            505,
            265
          ],
          [
            495,
            275
          ],
          [
            485,
            285
          ]
        ],
        "explored_cells": 866,
        "has_goal": true,
        "goal_position": [
          475,
          295
        ]
      },
      {
        "id": 1010,
        "alive": false,
        "energycost": 8.100422236928875,
        "final_position": [
          475,
          295
        ],
        "trajectory_length": 10,
        "hist_traj": [
          [
            475,
            375
          ],
          [
            475,
            375
          ],
          [
            475,
            365
          ],
          [
            475,
            355
          ],
          [
            475,
            345
          ],
          [
            475,
            335
          ],
          [
            475,
            325
          ],
          [
            475,
            315
          ],
          [
            475,
            305
          ],
          [
            475,
            295
          ]
        ],
        "explored_cells": 1374,
        "has_goal": true,
        "goal_position": [
          465,
          285
        ]
      },
      {
        "id": 1008,
        "alive": false,
        "energycost": 33.313625672525305,
        "final_position": [
          555,
          255
        ],
        "trajectory_length": 31,