{
  "metadata": {
    "timestamp": "20251124_213833",
    "simulation_time": "2.27s",
    "result": "failure",
    "screenshot_path": "simulation_screenshots/sim_20251124_213833_final_failure.png"
  },
  "statistics": {
    "simulation_duration": 2.273999999999995,
    "alive_small_agents": 0,
    "total_small_agents": 6,
    "alive_large_agents": 0,
    "total_large_agents": 3,
    "map_id": 8,
    "spawn_times": 9,
    "dead_agents": 33,
    "coverage_percentage": 0.0,
    "victim_rescued": false,
    "obstacles_count": 10,
    "danger_zones_count": 15,
    "explored_safe_count": 70
  },
  "agent_details": {
    "small_agents": [
      {
        "id": 1007,
        "alive": false,
        "energycost": 31.29668089080651,
        "final_position": [
          815,
          515
        ],
        "trajectory_length": 29,
        "hist_traj": [
          [
            705,
            559
          ],
          [
            705,
            555
          ],
          [
            705,
            565
          ],
          [
            695,
            575
          ],
          [
            695,
            585
          ],
          [
            685,
            595
          ],
          [
            685,
            605
          ],
          [
            675,
            615
          ],
          [
            675,
            625
          ],
          [
            675,
            625
          ],
          [
            685,
            615
          ],
          [
            695,
            605
          ],
          [
            705,
            595
          ],
          [
            715,
            585
          ],
          [
            725,
            585
          ],
          [
            735,
            585
          ],
          [
            745,
            575
          ],
          [
            755,
            575
          ],
          [
            765,
            565
          ],
          [
            775,
            565
          ],
          [
            785,
            555
          ],
          [
            795,
            555
          ],
          [
            805,
            545
          ],
          [
            815,
            545
          ],
          [
            825,
            535
          ],
          [
            835,
            535
          ],
          [
            835,
            535
          ],
          [
            825,
            525
          ],
          [
            815,
            515
          ]
        ],
        "explored_cells": 960,
        "has_goal": true,
        "goal_position": [
          805,
          505
        ]
      },
      {
        "id": 1001,
        "alive": false,
        "energycost": 28.225613078941034,
        "final_position": [
          795,
          475
        ],
        "trajectory_length": 28,
        "hist_traj": [
          [
            705,
            559
          ],
          [
            705,
            555
          ],
          [
            705,
            545
          ],
          [
            705,
            535
          ],
          [
            705,
            525
          ],
          [
            705,
            515
          ],
          [
            705,
            505
          ],
          [
            715,
            495
          ],
          [
            715,
            495
          ],
          [
            715,
            485
          ],
          [
            705,
            475
          ],
          [
            705,
            465
          ],
          [
            695,
            455
          ],
          [
            695,
            445
          ],
          [
            685,
            435
          ],
          [
            685,
            425
          ],
          [
            685,
            425
          ],
          [
            695,
            425
          ],
          [
            705,
            435
          ],
          [
            715,
            435
          ],
          [
            725,
            445
          ],
          [
            735,
            445
          ],
          [
            745,
            455
          ],
          [
            755,
            455
          ],
          [
            765,
            465
          ],
          [
            775,
            465
          ],
          [
            785,
            475
          ],
          [
            795,
            475
          ]
        ],
        "explored_cells": 958,
        "has_goal": true,
        "goal_position": [
          805,
          475
        ]
      },
      {
        "id": 1000,
        "alive": false,
        "energycost": 40.29668089080651,
        "final_position": [
          805,
          515
        ],
        "trajectory_length": 38,
        "hist_traj": [
          [
            705,
            559
          ],
          [
            705,
            555
          ],
          [
            695,
            545
          ],
          [
            685,
            545
          ],
          [
            675,
            535
          ],
          [
            665,
            535
          ],
          [
            655,
            525
          ],
          [
            645,
            525
          ],
          [
            645,
            525
          ],
          [
            655,
            535
          ],
          [
            665,
            545
          ],
          [
            675,
            555
          ],
          [
            685,
            565
          ],
          [
            695,
            575
          ],
          [
            705,
            585
          ],
          [
            715,
            595
          ],
          [
            725,
            595
          ],
          [
            735,
            605
          ],
          [
            745,
            605
          ],
          [
            755,
            615
          ],
          [
            765,
            615
          ],
          [
            775,
            625
          ],
          [
            785,
            625
          ],
          [
            795,
            625
          ],
          [
            805,
            635
          ],
          [
            805,
            635
          ],
          [
            805,
            625
          ],
          [
            805,
            615
          ],
          [
            805,
            605
          ],
          [
            805,
            595
          ],
          [
            805,
            585
          ],
          [
            805,
            575
          ],
          [
            805,
            565
          ],
          [
            805,
            555
          ],
          [
            805,
            545
          ],
          [
            805,
            535
          ],
          [
            805,
            525
          ],
          [
            805,
            515
          ]
        ],
        "explored_cells": 1062,
        "has_goal": true,
        "goal_position": [
          805,
          505
        ]
      }
    ],
    "large_agents": [
      {
        "id": 2,
        "alive": false,
        "energycost": 43.96594478364349,
        "final_position": [
          605,
          525
        ],
        "trajectory_length": 22,