{
  "metadata": {
    "timestamp": "20251124_221014",
    "simulation_time": "2.25s",
    "result": "failure",
    "screenshot_path": "simulation_screenshots/sim_20251124_221014_final_failure.png"
  },
  "statistics": {
    "simulation_duration": 2.247999999999996,
    "alive_small_agents": 0,
    "total_small_agents": 6,
    "alive_large_agents": 0,
    "total_large_agents": 3,
    "map_id": 12,
    "spawn_times": 10,
    "dead_agents": 34,
    "coverage_percentage": 0.0,
    "victim_rescued": false,
    "obstacles_count": 10,
    "danger_zones_count": 15,
    "explored_safe_count": 70
  },
  "agent_details": {
    "small_agents": [
      {
        "id": 1004,
        "alive": false,
        "energycost": 23.828344298286734,
        "final_position": [
          465,
          295
        ],
        "trajectory_length": 23,
        "hist_traj": [
          [
            475,
            375
          ],
          [
            475,
            375
          ],
          [
            485,
            385
          ],
          [
            495,
            395
          ],
          [
            505,
            405
          ],
          [
            505,
            415
          ],
          [
            505,
            425
          ],
          [
            515,
            435
          ],
          [
            515,
            435
          ],
          [
            505,
            425
          ],
          [
            495,
            415
          ],
          [
            485,
            405
          ],
          [
            485,
            395
          ],
          [
            475,
            385
          ],
          [
            475,
            375
          ],
          [
            475,
            365
          ],
          [
            465,
            355
          ],
          [
            465,
            345
          ],
          [
            465,
            335
          ],
          [
            465,
            325
          ],
          [
            465,
            315
          ],
          [
            465,
            305
          ],
          [
            465,
            295
          ]
        ],
        "explored_cells": 860,
        "has_goal": true,
        "goal_position": [
          455,
          285
        ]
      },
      {
        "id": 1003,
        "alive": false,
        "energycost": 23.343062924048162,
        "final_position": [
          465,
          295
        ],
        "trajectory_length": 25,
        "hist_traj": [
          [
            475,
            375
          ],
          [
            475,
            375
          ],
          [
            475,
            385
          ],
          [
            475,
            395
          ],
          [
            475,
            405
          ],
          [
            475,
            415
          ],
          [
            475,
            425
          ],
          [
            475,
            435
          ],
          [
            485,
            445
          ],
          [
            485,
            445
          ],
          [
            485,
            435
          ],
          [
            485,
            425
          ],
          [
            485,
            415
          ],
          [
            485,
            405
          ],
          [
            485,
            395
          ],
          [
            485,
            385
          ],
          [
            485,
            375
          ],
          [
            485,
            365
          ],
          [
            485,
            355
          ],
          [
            485,
            345
          ],
          [
            485,
            335
          ],
          [
            485,
            325
          ],
          [
            475,
            315
          ],
          [
            475,
            305
          ],
          [
            465,
            295
          ]
        ],
        "explored_cells": 872,
        "has_goal": true,
        "goal_position": [
          465,
          285
        ]
      },
      {
        "id": 1009,
        "alive": false,
        "energycost": 8.100422236928875,
        "final_position": [
          475,
          295
        ],
        "trajectory_length": 10,
        "hist_traj": [
          [
            475,
            375
          ],
          [
            475,
            375
          ],
          [
            475,
            365
          ],
          [
            475,
            355
          ],
          [
            475,
            345
          ],
          [
            475,
            335
          ],
          [
            475,
            325
          ],
          [
            475,
            315
          ],
          [
            475,
            305
          ],
          [
            475,
            295
          ]
        ],
        "explored_cells": 1163,
        "has_goal": true,
        "goal_position": [
          465,
          285
        ]
      },
      {
        "id": 1010,
        "alive": false,
        "energycost": 11.343062924048162,
        "final_position": [
          485,
          275
        ],
        "trajectory_length": 12,
        "hist_traj": [
          [
            475,
            375
          ],
          [
            475,
            375
          ],
          [
            475,
            365
          ],
          [
            475,
            355
          ],
          [
            475,
            345
          ],
          [
            475,
            335
          ],
          [
            475,
            325
          ],
          [
            475,
            315
          ],
          [
            485,
            305
          ],
          [
            495,
            295
          ],
          [
            495,
            285
          ],
          [
            485,
            275
          ]
        ],
        "explored_cells": 1362,
        "has_goal": true,
        "goal_position": [
          475,
          265
        ]
      }
    ],
    "large_agents": [
      {
        "id": 1,
        "alive": false,
        "energycost": 17.02927159860394,
        "final_position": [
          465,
          295
        ],
        "trajectory_length": 11,
        "hist_traj": [
          [
            475,
            375
          ],
          [
            475,
            375
          ],
          [
            475,
            365
          ],
          [
            475,
            355
          ],
          [
            475,
            345
          ],
          [
            475,
            335
          ],
          [
            475,
            325
          ],
          [
            465,
            315
          ],
          [
            465,
            305
          ],
          [
            465,
            305
          ],
          [
            465,
            295
          ]
        ],
        "known_cells": 862,
        "total_cells": 7000,
        "known_percentage": 12.314285714285713,
        "son_agents": [
          1003,
          1004,
          1005
        ]
      },
      {
        "id": 0,
        "alive": false,
        "energycost": 33.999834347081084,
        "final_position": [
          495,
          245
        ],
        "trajectory_length": 17,