{
  "metadata": {
    "timestamp": "20251124_210318",
    "simulation_time": "2.24s",
    "result": "failure",
    "screenshot_path": "simulation_screenshots/sim_20251124_210318_final_failure.png"
  },
  "statistics": {
    "simulation_duration": 2.2399999999999958,
    "alive_small_agents": 0,
    "total_small_agents": 6,
    "alive_large_agents": 0,
    "total_large_agents": 3,
    "map_id": 6,
    "spawn_times": 6,
    "dead_agents": 30,
    "coverage_percentage": 0.0,
    "victim_rescued": false,
    "obstacles_count": 10,
    "danger_zones_count": 15,
    "explored_safe_count": 70
  },
  "agent_details": {
    "small_agents": [],
    "large_agents": [
      {
        "id": 2,
        "alive": false,
        "energycost": 34.58702736478018,
        "final_position": [
          485,
          575
        ],
        "trajectory_length": 19,
        "hist_traj": [
          [
            567,
            638
          ],
          [
            565,
            635
          ],
          [
            565,
            625
          ],
          [
            565,
            615
          ],
          [
            575,
            605
          ],
          [
            575,
            595
          ],
          [
            575,
            585
          ],
          [
            585,
            575
          ],
          [
            585,
            575
          ],
          [
            575,
            575
          ],
          [
            565,
            575
          ],
          [
            555,
            575
          ],
          [
            545,
            575
          ],
          [
            535,
            575
          ],
          [
            525,
            575
          ],
          [
            515,
            575
          ],
          [
            505,
            575
          ],
          [
            495,
            575
          ],
          [
            485,
            575
          ]
        ],
        "known_cells": 949,
        "total_cells": 7000,
        "known_percentage": 13.557142857142857,
        "son_agents": [
          1006,
          1007,
          1008
        ]
      },
      {
        "id": 0,
        "alive": false,
        "energycost": 45.2144443627497,
        "final_position": [
          485,
          615
        ],
        "trajectory_length": 22,
        "hist_traj": [
          [
            567,
            638
          ],
          [
            565,
            635
          ],
          [
            555,
            635
          ],
          [
            545,
            635
          ],
          [
            535,
            635
          ],
          [
            525,
            635
          ],
          [
            515,
            625
          ],
          [
            505,
            625
          ],
          [
            505,
            625
          ],
          [
            495,
            635
          ],
          [
            485,
            645
          ],
          [
            475,
            645
          ],
          [
            465,
            655
          ],
          [
            455,
            655
          ],
          [
            445,
            665
          ],
          [
            435,
            665
          ],
          [
            435,
            665
          ],
          [
            445,
            655
          ],
          [
            455,
            645
          ],
          [
            465,
            635
          ],
          [
            475,
            625
          ],
          [
            485,
            615
          ]
        ],
        "known_cells": 1175,
        "total_cells": 7000,
        "known_percentage": 16.785714285714285,
        "son_agents": [
          1000,
          1001,
          1002
        ]
      },
      {
        "id": 1,
        "alive": false,
        "energycost": 73.69972573698826,
        "final_position": [
          485,
          575
        ],
        "trajectory_length": 35,
        "hist_traj": [
          [
            567,
            638
          ],
          [
            565,
            635
          ],
          [
            565,
            625
          ],
          [
            565,
            615
          ],
          [
            565,
            605
          ],
          [
            565,
            595
          ],
          [
            555,
            585
          ],
          [
            555,
            575
          ],
          [
            555,
            575
          ],
          [
            565,
            565
          ],
          [
            575,
            555
          ],
          [
            585,
            545
          ],
          [
            595,
            535
          ],
          [
            605,
            535
          ],
          [
            615,
            525
          ],
          [
            625,
            525
          ],
          [
            635,
            515
          ],
          [
            645,
            515
          ],
          [
            645,
            515
          ],
          [
            635,
            515
          ],
          [
            625,
            515
          ],
          [
            615,
            515
          ],
          [
            605,
            515
          ],
          [
            595,
            525
          ],
          [
            585,
            525
          ],
          [
            575,
            535
          ],
          [
            565,
            535
          ],
          [
            555,
            545
          ],
          [
            545,
            545
          ],
          [
            535,
            545
          ],
          [
            525,
            555
          ],
          [
            515,
            555
          ],
          [
            505,
            565
          ],
          [
            495,
            565
          ],
          [
            485,
            575
          ]
        ],
        "known_cells": 1514,
        "total_cells": 7000,
        "known_percentage": 21.628571428571426,
        "son_agents": [
          1003,
          1004,
          1005
        ]
      }
    ]
  }
}