{
  "metadata": {
    "timestamp": "20251124_201554",
    "simulation_time": "2.27s",
    "result": "failure",
    "screenshot_path": "simulation_screenshots/sim_20251124_201554_final_failure.png"
  },
  "statistics": {
    "simulation_duration": 2.266999999999996,
    "alive_small_agents": 0,
    "total_small_agents": 6,
    "alive_large_agents": 0,
    "total_large_agents": 3,
    "map_id": 22,
    "spawn_times": 10,
    "dead_agents": 34,
    "coverage_percentage": 0.0,
    "victim_rescued": false,
    "obstacles_count": 10,
    "danger_zones_count": 15,
    "explored_safe_count": 70
  },
  "agent_details": {
    "small_agents": [
      {
        "id": 1001,
        "alive": false,
        "energycost": 21.628538650224755,
        "final_position": [
          825,
          175
        ],
        "trajectory_length": 24,
        "hist_traj": [
          [
            815,
            247
          ],
          [
            815,
            245
          ],
          [
            815,
            255
          ],
          [
            815,
            265
          ],
          [
            815,
            275
          ],
          [
            815,
            285
          ],
          [
            815,
            295
          ],
          [
            815,
            305
          ],
          [
            815,
            315
          ],
          [
            815,
            315
          ],
          [
            815,
            305
          ],
          [
            815,
            295
          ],
          [
            815,
            285
          ],
          [
            815,
            275
          ],
          [
            815,
            265
          ],
          [
            815,
            255
          ],
          [
            815,
            245
          ],
          [
            815,
            235
          ],
          [
            815,
            225
          ],
          [
            815,
            215
          ],
          [
            815,
            205
          ],
          [
            815,
            195
          ],
          [
            825,
            185
          ],
          [
            825,
            175
          ]
        ],
        "explored_cells": 726,
        "has_goal": true,
        "goal_position": [
          835,
          165
        ]
      },
      {
        "id": 1003,
        "alive": false,
        "energycost": 27.599101398701904,
        "final_position": [
          745,
          345
        ],
        "trajectory_length": 25,
        "hist_traj": [
          [
            815,
            247
          ],
          [
            815,
            245
          ],
          [
            815,
            235
          ],
          [
            825,
            225
          ],
          [
            835,
            215
          ],
          [
            835,
            205
          ],
          [
            835,
            195
          ],
          [
            845,
            185
          ],
          [
            845,
            185
          ],
          [
            835,
            195
          ],
          [
            825,
            205
          ],
          [
            815,
            215
          ],
          [
            805,
            225
          ],
          [
            795,
            235
          ],
          [
            785,
            245
          ],
          [
            785,
            255
          ],
          [
            785,
            265
          ],
          [
            775,
            275
          ],
          [
            775,
            285
          ],
          [
            765,
            295
          ],
          [
            765,
            305
          ],
          [
            755,
            315
          ],
          [
            755,
            325
          ],
          [
            745,
            335
          ],
          [
            745,
            345
          ]
        ],
        "explored_cells": 799,
        "has_goal": true,
        "goal_position": [
          735,
          355
        ]
      },
      {
        "id": 1002,
        "alive": false,
        "energycost": 18.87117933734404,
        "final_position": [
          865,
          125
        ],
        "trajectory_length": 21,
        "hist_traj": [
          [
            815,
            247
          ],
          [
            815,
            245
          ],
          [
            815,
            235
          ],
          [
            825,
            225
          ],
          [
            835,
            225
          ],
          [
            845,
            215
          ],
          [
            855,
            215
          ],
          [
            865,
            205
          ],
          [
            875,
            205
          ],
          [
            875,
            205
          ],
          [
            875,
            195
          ],
          [
            875,
            185
          ],
          [
            875,
            175
          ],
          [
            875,
            165
          ],
          [
            875,
            155
          ],
          [
            875,
            145
          ],
          [
            875,
            135
          ],
          [
            885,
            125
          ],
          [
            885,
            125
          ],
          [
            875,
            125
          ],
          [
            865,
            125
          ]
        ],
        "explored_cells": 752,
        "has_goal": true,
        "goal_position": [
          855,
          115
        ]
      },
      {
        "id": 1008,
        "alive": false,
        "energycost": 35.25595564819428,
        "final_position": [
          835,
          75
        ],
        "trajectory_length": 32,
        "hist_traj": [
          [
            815,
            247
          ],
          [
            815,
            245
          ],
          [
            805,
            235
          ],
          [
            795,
            225
          ],
          [
            785,
            215
          ],
          [
            775,
            215
          ],
          [
            765,
            205
          ],
          [
            755,
            205
          ],
          [
            755,
            205
          ],
          [
            745,
            205
          ],
          [
            735,
            205
          ],
          [
            725,
            205
          ],
          [
            715,
            205
          ],
          [
            705,
            205
          ],
          [
            695,
            195
          ],
          [
            685,
            195
          ],
          [
            685,
            195
          ],
          [
            695,
            185
          ],
          [
            705,
            175
          ],
          [
            715,
            165
          ],
          [
            725,
            155
          ],
          [
            735,
            145
          ],
          [
            745,
            135
          ],
          [
            755,
            125
          ],
          [
            765,
            115
          ],
          [
            775,
            105
          ],
          [
            785,
            95
          ],
          [
            795,
            85
          ],
          [
            805,
            75
          ],
          [
            815,
            75
          ],
          [
            825,
            75
          ],
          [
            835,
            75
          ]
        ],
        "explored_cells": 934,
        "has_goal": false,
        "goal_position": null
      }
    ],