{
  "metadata": {
    "timestamp": "20251124_201755",
    "simulation_time": "3.16s",
    "result": "failure",
    "screenshot_path": "simulation_screenshots/sim_20251124_201755_final_failure.png"
  },
  "statistics": {
    "simulation_duration": 3.1649999999999943,
    "alive_small_agents": 0,
    "total_small_agents": 6,
    "alive_large_agents": 0,
    "total_large_agents": 3,
    "map_id": 24,
    "spawn_times": 9,
    "dead_agents": 33,
    "coverage_percentage": 0.0,
    "victim_rescued": false,
    "obstacles_count": 10,
    "danger_zones_count": 15,
    "explored_safe_count": 70
  },
  "agent_details": {
    "small_agents": [
      {
        "id": 1006,
        "alive": false,
        "energycost": 23.427528523448093,
        "final_position": [
          865,
          175
        ],
        "trajectory_length": 20,
        "hist_traj": [
          [
            815,
            247
          ],
          [
            815,
            245
          ],
          [
            805,
            255
          ],
          [
            795,
            265
          ],
          [
            785,
            275
          ],
          [
            775,
            275
          ],
          [
            765,
            275
          ],
          [
            755,
            285
          ],
          [
            755,
            285
          ],
          [
            765,
            275
          ],
          [
            775,
            265
          ],
          [
            785,
            255
          ],
          [
            795,
            245
          ],
          [
            805,
            235
          ],
          [
            815,
            225
          ],
          [
            825,
            215
          ],
          [
            835,
            205
          ],
          [
            845,
            195
          ],
          [
            855,
            185
          ],
          [
            865,
            175
          ]
        ],
        "explored_cells": 748,
        "has_goal": true,
        "goal_position": [
          865,
          165
        ]
      },
      {
        "id": 1005,
        "alive": false,
        "energycost": 27.5991013987019,
        "final_position": [
          705,
          345
        ],
        "trajectory_length": 26,
        "hist_traj": [
          [
            815,
            247
          ],
          [
            815,
            245
          ],
          [
            805,
            235
          ],
          [
            805,
            225
          ],
          [
            795,
            215
          ],
          [
            795,
            205
          ],
          [
            785,
            195
          ],
          [
            785,
            185
          ],
          [
            785,
            185
          ],
          [
            775,
            195
          ],
          [
            765,
            205
          ],
          [
            755,
            215
          ],
          [
            745,
            225
          ],
          [
            735,
            235
          ],
          [
            735,
            245
          ],
          [
            725,
            255
          ],
          [
            725,
            265
          ],
          [
            715,
            275
          ],
          [
            715,
            285
          ],
          [
            705,
            295
          ],
          [
            705,
            305
          ],
          [
            695,
            315
          ],
          [
            695,
            325
          ],
          [
            695,
            325
          ],
          [
            705,
            335
          ],
          [
            705,
            345
          ]
        ],
        "explored_cells": 852,
        "has_goal": true,
        "goal_position": [
          715,
          355
        ]
      },
      {
        "id": 1003,
        "alive": false,
        "energycost": 20.942247149209518,
        "final_position": [
          795,
          385
        ],
        "trajectory_length": 21,
        "hist_traj": [
          [
            815,
            247
          ],
          [
            815,
            245
          ],
          [
            805,
            255
          ],
          [
            795,
            265
          ],
          [
            785,
            275
          ],
          [
            785,
            285
          ],
          [
            775,
            295
          ],
          [
            775,
            305
          ],
          [
            775,
            305
          ],
          [
            785,
            315
          ],
          [
            795,
            325
          ],
          [
            805,
            335
          ],
          [
            805,
            345
          ],
          [
            815,
            355
          ],
          [
            815,
            365
          ],
          [
            815,
            375
          ],
          [
            825,
            385
          ],
          [
            825,
            385
          ],
          [
            815,
            385
          ],
          [
            805,
            385
          ],
          [
            795,
            385
          ]
        ],
        "explored_cells": 787,
        "has_goal": true,
        "goal_position": [
          785,
          385
        ]
      }
    ],
    "large_agents": [
      {
        "id": 0,
        "alive": false,
        "energycost": 33.884494298419035,
        "final_position": [
          825,
          155
        ],
        "trajectory_length": 16,
        "hist_traj": [
          [
            815,
            247
          ],
          [
            815,
            245
          ],
          [
            805,
            245
          ],
          [
            795,
            245
          ],
          [
            785,
            235
          ],
          [
            775,
            235
          ],
          [
            765,
            225
          ],
          [
            755,
            225
          ],
          [
            755,
            225
          ],
          [
            765,
            215
          ],
          [
            775,
            205
          ],
          [
            785,
            195
          ],
          [
            795,
            185
          ],
          [
            805,
            175
          ],
          [
            815,
            165
          ],
          [
            825,
            155
          ]
        ],
        "known_cells": 788,
        "total_cells": 7000,
        "known_percentage": 11.257142857142858,
        "son_agents": [
          1000,
          1001,
          1002
        ]
      },
      {
        "id": 1,
        "alive": false,
        "energycost": 109.68348417164232,
        "final_position": [
          795,
          385
        ],
        "trajectory_length": 52,