{
  "metadata": {
    "timestamp": "20251124_213956",
    "simulation_time": "2.25s",
    "result": "failure",
    "screenshot_path": "simulation_screenshots/sim_20251124_213956_final_failure.png"
  },
  "statistics": {
    "simulation_duration": 2.2489999999999943,
    "alive_small_agents": 0,
    "total_small_agents": 6,
    "alive_large_agents": 0,
    "total_large_agents": 3,
    "map_id": 8,
    "spawn_times": 12,
    "dead_agents": 36,
    "coverage_percentage": 0.0,
    "victim_rescued": false,
    "obstacles_count": 10,
    "danger_zones_count": 15,
    "explored_safe_count": 70
  },
  "agent_details": {
    "small_agents": [
      {
        "id": 1002,
        "alive": false,
        "energycost": 11.982972391821745,
        "final_position": [
          615,
          555
        ],
        "trajectory_length": 12,
        "hist_traj": [
          [
            705,
            559
          ],
          [
            705,
            555
          ],
          [
            695,
            545
          ],
          [
            685,
            545
          ],
          [
            675,
            535
          ],
          [
            665,
            535
          ],
          [
            655,
            525
          ],
          [
            645,
            525
          ],
          [
            645,
            525
          ],
          [
            635,
            535
          ],
          [
            625,
            545
          ],
          [
            615,
            555
          ]
        ],
        "explored_cells": 812,
        "has_goal": true,
        "goal_position": [
          605,
          565
        ]
      },
      {
        "id": 1005,
        "alive": false,
        "energycost": 20.468253766060318,
        "final_position": [
          815,
          515
        ],
        "trajectory_length": 19,
        "hist_traj": [
          [
            705,
            559
          ],
          [
            705,
            555
          ],
          [
            715,
            565
          ],
          [
            725,
            575
          ],
          [
            735,
            585
          ],
          [
            735,
            595
          ],
          [
            745,
            605
          ],
          [
            745,
            605
          ],
          [
            755,
            595
          ],
          [
            765,
            585
          ],
          [
            775,
            575
          ],
          [
            785,
            565
          ],
          [
            795,
            555
          ],
          [
            805,
            545
          ],
          [
            815,
            535
          ],
          [
            815,
            525
          ],
          [
            825,
            515
          ],
          [
            825,
            515
          ],
          [
            815,
            515
          ]
        ],
        "explored_cells": 897,
        "has_goal": true,
        "goal_position": [
          805,
          515
        ]
      },
      {
        "id": 1000,
        "alive": false,
        "energycost": 32.05404020368722,
        "final_position": [
          795,
          485
        ],
        "trajectory_length": 31,
        "hist_traj": [
          [
            705,
            559
          ],
          [
            705,
            555
          ],
          [
            715,
            565
          ],
          [
            725,
            575
          ],
          [
            735,
            585
          ],
          [
            745,
            585
          ],
          [
            755,
            585
          ],
          [
            765,
            595
          ],
          [
            765,
            595
          ],
          [
            765,
            585
          ],
          [
            765,
            575
          ],
          [
            765,
            565
          ],
          [
            765,
            555
          ],
          [
            765,
            545
          ],
          [
            765,
            535
          ],
          [
            765,
            525
          ],
          [
            765,
            515
          ],
          [
            765,
            505
          ],
          [
            765,
            495
          ],
          [
            765,
            485
          ],
          [
            765,
            475
          ],
          [
            755,
            465
          ],
          [
            755,
            455
          ],
          [
            745,
            445
          ],
          [
            745,
            435
          ],
          [
            745,
            435
          ],
          [
            755,
            445
          ],
          [
            765,
            455
          ],
          [
            775,
            465
          ],
          [
            785,
            475
          ],
          [
            795,
            485
          ]
        ],
        "explored_cells": 971,
        "has_goal": true,
        "goal_position": [
          805,
          495
        ]
      },
      {
        "id": 1006,
        "alive": false,
        "energycost": 35.22561307894103,
        "final_position": [
          595,
          525
        ],
        "trajectory_length": 35,
        "hist_traj": [
          [
            705,
            559
          ],
          [
            705,
            555
          ],
          [
            695,
            565
          ],
          [
            685,
            575
          ],
          [
            675,
            585
          ],
          [
            665,
            585
          ],
          [
            655,
            585
          ],
          [
            645,
            595
          ],
          [
            645,
            595
          ],
          [
            645,
            585
          ],
          [
            645,
            575
          ],
          [
            645,
            565
          ],
          [
            645,
            555
          ],
          [
            645,
            545
          ],
          [
            645,
            535
          ],
          [
            645,
            525
          ],
          [
            645,
            515
          ],
          [
            645,
            505
          ],
          [
            645,
            495
          ],
          [
            645,
            485
          ],
          [
            645,
            475
          ],
          [
            645,
            465
          ],
          [
            645,
            455
          ],
          [
            635,
            445
          ],
          [
            635,
            435
          ],
          [
            635,
            435
          ],
          [
            625,
            445
          ],
          [
            625,
            455
          ],
          [
            615,
            465
          ],
          [
            615,
            475
          ],
          [
            605,
            485
          ],
          [
            605,
            495
          ],
          [
            595,
            505
          ],
          [
            595,
            515
          ],
          [
            595,
            525
          ]
        ],
        "explored_cells": 973,
        "has_goal": true,
        "goal_position": [
          585,
          535
        ]
      },
      {
        "id": 1008,
        "alive": false,
        "energycost": 32.19617582741818,
        "final_position": [
          595,
          525
        ],
        "trajectory_length": 27,