{
  "metadata": {
    "timestamp": "20251124_200012",
    "simulation_time": "2.24s",
    "result": "failure",
    "screenshot_path": "simulation_screenshots/sim_20251124_200012_final_failure.png"
  },
  "statistics": {
    "simulation_duration": 2.237999999999994,
    "alive_small_agents": 0,
    "total_small_agents": 6,
    "alive_large_agents": 0,
    "total_large_agents": 3,
    "map_id": 6,
    "spawn_times": 10,
    "dead_agents": 34,
    "coverage_percentage": 0.0,
    "victim_rescued": false,
    "obstacles_count": 10,
    "danger_zones_count": 15,
    "explored_safe_count": 70
  },
  "agent_details": {
    "small_agents": [
      {
        "id": 1007,
        "alive": false,
        "energycost": 18.517253686262155,
        "final_position": [
          625,
          225
        ],
        "trajectory_length": 18,
        "hist_traj": [
          [
            723,
            273
          ],
          [
            725,
            275
          ],
          [
            715,
            285
          ],
          [
            705,
            295
          ],
          [
            695,
            305
          ],
          [
            685,
            305
          ],
          [
            675,
            305
          ],
          [
            665,
            315
          ],
          [
            665,
            315
          ],
          [
            665,
            305
          ],
          [
            665,
            295
          ],
          [
            655,
            285
          ],
          [
            655,
            275
          ],
          [
            645,
            265
          ],
          [
            645,
            255
          ],
          [
            635,
            245
          ],
          [
            635,
            235
          ],
          [
            625,
            225
          ]
        ],
        "explored_cells": 725,
        "has_goal": true,
        "goal_position": [
          625,
          215
        ]
      },
      {
        "id": 1008,
        "alive": false,
        "energycost": 24.274612999142867,
        "final_position": [
          565,
          225
        ],
        "trajectory_length": 26,
        "hist_traj": [
          [
            723,
            273
          ],
          [
            725,
            275
          ],
          [
            715,
            275
          ],
          [
            705,
            275
          ],
          [
            695,
            275
          ],
          [
            685,
            275
          ],
          [
            675,
            275
          ],
          [
            665,
            275
          ],
          [
            655,
            275
          ],
          [
            655,
            275
          ],
          [
            645,
            275
          ],
          [
            635,
            285
          ],
          [
            625,
            285
          ],
          [
            615,
            295
          ],
          [
            605,
            295
          ],
          [
            595,
            305
          ],
          [
            585,
            305
          ],
          [
            585,
            305
          ],
          [
            585,
            295
          ],
          [
            585,
            285
          ],
          [
            585,
            275
          ],
          [
            585,
            265
          ],
          [
            585,
            255
          ],
          [
            575,
            245
          ],
          [
            575,
            235
          ],
          [
            565,
            225
          ]
        ],
        "explored_cells": 811,
        "has_goal": true,
        "goal_position": [
          565,
          215
        ]
      },
      {
        "id": 1009,
        "alive": false,
        "energycost": 12.688826561515963,
        "final_position": [
          625,
          215
        ],
        "trajectory_length": 12,
        "hist_traj": [
          [
            723,
            273
          ],
          [
            725,
            275
          ],
          [
            715,
            265
          ],
          [
            705,
            255
          ],
          [
            695,
            245
          ],
          [
            685,
            245
          ],
          [
            675,
            245
          ],
          [
            665,
            245
          ],
          [
            655,
            245
          ],
          [
            645,
            235
          ],
          [
            635,
            225
          ],
          [
            625,
            215
          ]
        ],
        "explored_cells": 1044,
        "has_goal": true,
        "goal_position": [
          615,
          215
        ]
      },
      {
        "id": 1002,
        "alive": false,
        "energycost": 31.93146724863525,
        "final_position": [
          625,
          225
        ],
        "trajectory_length": 32,
        "hist_traj": [
          [
            723,
            273
          ],
          [
            725,
            275
          ],
          [
            735,
            275
          ],
          [
            745,
            275
          ],
          [
            755,
            275
          ],
          [
            765,
            275
          ],
          [
            775,
            275
          ],
          [
            785,
            275
          ],
          [
            785,
            275
          ],
          [
            775,
            265
          ],
          [
            775,
            255
          ],
          [
            775,
            245
          ],
          [
            775,
            235
          ],
          [
            775,
            225
          ],
          [
            775,
            215
          ],
          [
            775,
            205
          ],
          [
            765,
            195
          ],
          [
            755,
            185
          ],
          [
            745,
            175
          ],
          [
            735,
            175
          ],
          [
            735,
            175
          ],
          [
            725,
            175
          ],
          [
            715,
            185
          ],
          [
            705,
            185
          ],
          [
            695,
            195
          ],
          [
            685,
            195
          ],
          [
            675,
            195
          ],
          [
            665,
            195
          ],
          [
            655,
            195
          ],
          [
            645,
            205
          ],
          [
            635,
            215
          ],
          [
            625,
            225
          ]
        ],
        "explored_cells": 849,
        "has_goal": true,
        "goal_position": [
          615,
          225
        ]
      }
    ],
    "large_agents": [
      {
        "id": 1,
        "alive": false,
        "energycost": 47.17664299625527,
        "final_position": [
          625,
          225
        ],
        "trajectory_length": 21,