{
  "metadata": {
    "timestamp": "20251124_213638",
    "simulation_time": "2.07s",
    "result": "failure",
    "screenshot_path": "simulation_screenshots/sim_20251124_213638_final_failure.png"
  },
  "statistics": {
    "simulation_duration": 2.068999999999996,
    "alive_small_agents": 0,
    "total_small_agents": 6,
    "alive_large_agents": 0,
    "total_large_agents": 3,
    "map_id": 8,
    "spawn_times": 6,
    "dead_agents": 30,
    "coverage_percentage": 0.0,
    "victim_rescued": false,
    "obstacles_count": 10,
    "danger_zones_count": 15,
    "explored_safe_count": 70
  },
  "agent_details": {
    "small_agents": [],
    "large_agents": [
      {
        "id": 1,
        "alive": false,
        "energycost": 32.45122615788206,
        "final_position": [
          615,
          555
        ],
        "trajectory_length": 15,
        "hist_traj": [
          [
            705,
            559
          ],
          [
            705,
            555
          ],
          [
            695,
            545
          ],
          [
            695,
            535
          ],
          [
            685,
            525
          ],
          [
            685,
            515
          ],
          [
            675,
            505
          ],
          [
            675,
            495
          ],
          [
            675,
            495
          ],
          [
            665,
            505
          ],
          [
            655,
            515
          ],
          [
            645,
            525
          ],
          [
            635,
            535
          ],
          [
            625,
            545
          ],
          [
            615,
            555
          ]
        ],
        "known_cells": 1049,
        "total_cells": 7000,
        "known_percentage": 14.985714285714286,
        "son_agents": [
          1003,
          1004,
          1005
        ]
      },
      {
        "id": 0,
        "alive": false,
        "energycost": 45.965944783643494,
        "final_position": [
          585,
          575
        ],
        "trajectory_length": 24,
        "hist_traj": [
          [
            705,
            559
          ],
          [
            705,
            555
          ],
          [
            705,
            565
          ],
          [
            705,
            575
          ],
          [
            705,
            585
          ],
          [
            705,
            595
          ],
          [
            705,
            605
          ],
          [
            695,
            615
          ],
          [
            695,
            625
          ],
          [
            695,
            625
          ],
          [
            685,
            625
          ],
          [
            675,
            625
          ],
          [
            665,
            625
          ],
          [
            655,
            625
          ],
          [
            645,
            615
          ],
          [
            635,
            615
          ],
          [
            625,
            605
          ],
          [
            615,
            605
          ],
          [
            605,
            595
          ],
          [
            595,
            595
          ],
          [
            585,
            585
          ],
          [
            575,
            585
          ],
          [
            575,
            585
          ],
          [
            585,
            575
          ]
        ],
        "known_cells": 1332,
        "total_cells": 7000,
        "known_percentage": 19.02857142857143,
        "son_agents": [
          1000,
          1001,
          1002
        ]
      },
      {
        "id": 2,
        "alive": false,
        "energycost": 61.62279903313588,
        "final_position": [
          815,
          515
        ],
        "trajectory_length": 31,
        "hist_traj": [
          [
            705,
            559
          ],
          [
            705,
            555
          ],
          [
            695,
            555
          ],
          [
            685,
            555
          ],
          [
            675,
            565
          ],
          [
            665,
            565
          ],
          [
            655,
            565
          ],
          [
            645,
            575
          ],
          [
            645,
            575
          ],
          [
            655,
            575
          ],
          [
            665,
            575
          ],
          [
            675,
            575
          ],
          [
            685,
            575
          ],
          [
            695,
            575
          ],
          [
            705,
            575
          ],
          [
            715,
            565
          ],
          [
            725,
            565
          ],
          [
            735,
            565
          ],
          [
            745,
            555
          ],
          [
            755,
            555
          ],
          [
            765,
            545
          ],
          [
            775,
            545
          ],
          [
            785,
            535
          ],
          [
            795,
            535
          ],
          [
            805,
            525
          ],
          [
            815,
            525
          ],
          [
            825,
            515
          ],
          [
            835,
            515
          ],
          [
            835,
            515
          ],
          [
            825,
            515
          ],
          [
            815,
            515
          ]
        ],
        "known_cells": 1530,
        "total_cells": 7000,
        "known_percentage": 21.857142857142858,
        "son_agents": [
          1006,
          1007,
          1008
        ]
      }
    ]
  }
}