{
  "metadata": {
    "timestamp": "20251124_221603",
    "simulation_time": "3.25s",
    "result": "failure",
    "screenshot_path": "simulation_screenshots/sim_20251124_221603_final_failure.png"
  },
  "statistics": {
    "simulation_duration": 3.2519999999999905,
    "alive_small_agents": 0,
    "total_small_agents": 6,
    "alive_large_agents": 0,
    "total_large_agents": 3,
    "map_id": 12,
    "spawn_times": 11,
    "dead_agents": 35,
    "coverage_percentage": 0.0,
    "victim_rescued": false,
    "obstacles_count": 10,
    "danger_zones_count": 15,
    "explored_safe_count": 70
  },
  "agent_details": {
    "small_agents": [
      {
        "id": 1003,
        "alive": false,
        "energycost": 24.41413073591364,
        "final_position": [
          475,
          245
        ],
        "trajectory_length": 24,
        "hist_traj": [
          [
            475,
            375
          ],
          [
            475,
            375
          ],
          [
            485,
            375
          ],
          [
            495,
            375
          ],
          [
            505,
            375
          ],
          [
            515,
            375
          ],
          [
            525,
            375
          ],
          [
            535,
            375
          ],
          [
            545,
            385
          ],
          [
            545,
            385
          ],
          [
            535,
            375
          ],
          [
            535,
            365
          ],
          [
            525,
            355
          ],
          [
            525,
            345
          ],
          [
            525,
            335
          ],
          [
            515,
            325
          ],
          [
            515,
            315
          ],
          [
            505,
            305
          ],
          [
            505,
            295
          ],
          [
            495,
            285
          ],
          [
            495,
            275
          ],
          [
            485,
            265
          ],
          [
            485,
            255
          ],
          [
            475,
            245
          ]
        ],
        "explored_cells": 913,
        "has_goal": true,
        "goal_position": [
          475,
          235
        ]
      },
      {
        "id": 1005,
        "alive": false,
        "energycost": 22.999917173540545,
        "final_position": [
          465,
          295
        ],
        "trajectory_length": 23,
        "hist_traj": [
          [
            475,
            375
          ],
          [
            475,
            375
          ],
          [
            465,
            385
          ],
          [
            465,
            395
          ],
          [
            455,
            405
          ],
          [
            445,
            415
          ],
          [
            435,
            425
          ],
          [
            435,
            435
          ],
          [
            435,
            435
          ],
          [
            435,
            425
          ],
          [
            445,
            415
          ],
          [
            455,
            405
          ],
          [
            465,
            395
          ],
          [
            465,
            385
          ],
          [
            465,
            375
          ],
          [
            465,
            365
          ],
          [
            465,
            355
          ],
          [
            465,
            345
          ],
          [
            465,
            335
          ],
          [
            465,
            325
          ],
          [
            465,
            315
          ],
          [
            465,
            305
          ],
          [
            465,
            295
          ]
        ],
        "explored_cells": 847,
        "has_goal": true,
        "goal_position": [
          465,
          285
        ]
      },
      {
        "id": 1000,
        "alive": false,
        "energycost": 31.899412110152216,
        "final_position": [
          555,
          255
        ],
        "trajectory_length": 29,
        "hist_traj": [
          [
            475,
            375
          ],
          [
            475,
            375
          ],
          [
            465,
            385
          ],
          [
            465,
            395
          ],
          [
            455,
            405
          ],
          [
            445,
            405
          ],
          [
            435,
            405
          ],
          [
            425,
            415
          ],
          [
            415,
            415
          ],
          [
            415,
            415
          ],
          [
            425,
            405
          ],
          [
            435,
            405
          ],
          [
            445,
            405
          ],
          [
            455,
            405
          ],
          [
            465,
            395
          ],
          [
            475,
            385
          ],
          [
            485,
            375
          ],
          [
            495,
            365
          ],
          [
            505,
            355
          ],
          [
            515,
            345
          ],
          [
            515,
            335
          ],
          [
            525,
            325
          ],
          [
            525,
            315
          ],
          [
            535,
            305
          ],
          [
            535,
            295
          ],
          [
            545,
            285
          ],
          [
            545,
            275
          ],
          [
            545,
            265
          ],
          [
            555,
            255
          ]
        ],
        "explored_cells": 914,
        "has_goal": false,
        "goal_position": null
      },
      {
        "id": 1010,
        "alive": false,
        "energycost": 8.100422236928875,
        "final_position": [
          475,
          295
        ],
        "trajectory_length": 10,
        "hist_traj": [
          [
            475,
            375
          ],
          [
            475,
            375
          ],
          [
            475,
            365
          ],
          [
            475,
            355
          ],
          [
            475,
            345
          ],
          [
            475,
            335
          ],
          [
            475,
            325
          ],
          [
            475,
            315
          ],
          [
            475,
            305
          ],
          [
            475,
            295
          ]
        ],
        "explored_cells": 1440,
        "has_goal": true,
        "goal_position": [
          465,
          285
        ]
      },
      {
        "id": 1007,
        "alive": false,
        "energycost": 75.18368335761407,
        "final_position": [
          565,
          555
        ],
        "trajectory_length": 66,