{
  "metadata": {
    "timestamp": "20251124_221647",
    "simulation_time": "2.29s",
    "result": "failure",
    "screenshot_path": "simulation_screenshots/sim_20251124_221647_final_failure.png"
  },
  "statistics": {
    "simulation_duration": 2.293999999999995,
    "alive_small_agents": 0,
    "total_small_agents": 6,
    "alive_large_agents": 0,
    "total_large_agents": 3,
    "map_id": 12,
    "spawn_times": 10,
    "dead_agents": 34,
    "coverage_percentage": 0.0,
    "victim_rescued": false,
    "obstacles_count": 10,
    "danger_zones_count": 15,
    "explored_safe_count": 70
  },
  "agent_details": {
    "small_agents": [
      {
        "id": 1003,
        "alive": false,
        "energycost": 22.51463579930197,
        "final_position": [
          465,
          295
        ],
        "trajectory_length": 25,
        "hist_traj": [
          [
            475,
            375
          ],
          [
            475,
            375
          ],
          [
            475,
            385
          ],
          [
            475,
            395
          ],
          [
            475,
            405
          ],
          [
            475,
            415
          ],
          [
            475,
            425
          ],
          [
            465,
            435
          ],
          [
            465,
            445
          ],
          [
            465,
            445
          ],
          [
            465,
            435
          ],
          [
            465,
            425
          ],
          [
            465,
            415
          ],
          [
            465,
            405
          ],
          [
            465,
            395
          ],
          [
            465,
            385
          ],
          [
            465,
            375
          ],
          [
            465,
            365
          ],
          [
            465,
            355
          ],
          [
            465,
            345
          ],
          [
            465,
            335
          ],
          [
            465,
            325
          ],
          [
            465,
            315
          ],
          [
            465,
            305
          ],
          [
            465,
            295
          ]
        ],
        "explored_cells": 859,
        "has_goal": true,
        "goal_position": [
          475,
          285
        ]
      },
      {
        "id": 1004,
        "alive": false,
        "energycost": 30.727839234898404,
        "final_position": [
          555,
          255
        ],
        "trajectory_length": 27,
        "hist_traj": [
          [
            475,
            375
          ],
          [
            475,
            375
          ],
          [
            465,
            385
          ],
          [
            465,
            395
          ],
          [
            455,
            405
          ],
          [
            445,
            415
          ],
          [
            435,
            425
          ],
          [
            435,
            435
          ],
          [
            435,
            435
          ],
          [
            445,
            425
          ],
          [
            455,
            415
          ],
          [
            465,
            405
          ],
          [
            475,
            395
          ],
          [
            485,
            385
          ],
          [
            495,
            375
          ],
          [
            505,
            365
          ],
          [
            505,
            355
          ],
          [
            515,
            345
          ],
          [
            515,
            335
          ],
          [
            525,
            325
          ],
          [
            525,
            315
          ],
          [
            535,
            305
          ],
          [
            535,
            295
          ],
          [
            545,
            285
          ],
          [
            545,
            275
          ],
          [
            545,
            265
          ],
          [
            555,
            255
          ]
        ],
        "explored_cells": 929,
        "has_goal": false,
        "goal_position": null
      },
      {
        "id": 1010,
        "alive": false,
        "energycost": 8.100422236928875,
        "final_position": [
          475,
          295
        ],
        "trajectory_length": 10,
        "hist_traj": [
          [
            475,
            375
          ],
          [
            475,
            375
          ],
          [
            475,
            365
          ],
          [
            475,
            355
          ],
          [
            475,
            345
          ],
          [
            475,
            335
          ],
          [
            475,
            325
          ],
          [
            475,
            315
          ],
          [
            475,
            305
          ],
          [
            475,
            295
          ]
        ],
        "explored_cells": 1418,
        "has_goal": true,
        "goal_position": [
          465,
          285
        ]
      },
      {
        "id": 1008,
        "alive": false,
        "energycost": 39.82834429828672,
        "final_position": [
          485,
          295
        ],
        "trajectory_length": 40,
        "hist_traj": [
          [
            475,
            375
          ],
          [
            475,
            375
          ],
          [
            485,
            385
          ],
          [
            495,
            395
          ],
          [
            505,
            405
          ],
          [
            515,
            405
          ],
          [
            525,
            405
          ],
          [
            535,
            415
          ],
          [
            535,
            415
          ],
          [
            535,
            425
          ],
          [
            535,
            435
          ],
          [
            535,
            445
          ],
          [
            535,
            455
          ],
          [
            535,
            465
          ],
          [
            535,
            475
          ],
          [
            535,
            485
          ],
          [
            525,
            495
          ],
          [
            525,
            505
          ],
          [
            525,
            505
          ],
          [
            525,
            495
          ],
          [
            525,
            485
          ],
          [
            525,
            475
          ],
          [
            525,
            465
          ],
          [
            525,
            455
          ],
          [
            525,
            445
          ],
          [
            525,
            435
          ],
          [
            525,
            425
          ],
          [
            525,
            415
          ],
          [
            525,
            405
          ],
          [
            525,
            395
          ],
          [
            525,
            385
          ],
          [
            515,
            375
          ],
          [
            515,
            365
          ],
          [
            505,
            355
          ],
          [
            505,
            345
          ],
          [
            505,
            335
          ],
          [
            495,
            325
          ],
          [
            495,
            315
          ],
          [
            485,
            305
          ],
          [
            485,
            295
          ]
        ],
        "explored_cells": 961,
        "has_goal": true,
        "goal_position": [
          475,
          285
        ]
      }
    ],