{
  "metadata": {
    "timestamp": "20251124_214040",
    "simulation_time": "2.31s",
    "result": "failure",
    "screenshot_path": "simulation_screenshots/sim_20251124_214040_final_failure.png"
  },
  "statistics": {
    "simulation_duration": 2.3149999999999946,
    "alive_small_agents": 0,
    "total_small_agents": 6,
    "alive_large_agents": 0,
    "total_large_agents": 3,
    "map_id": 8,
    "spawn_times": 9,
    "dead_agents": 33,
    "coverage_percentage": 0.0,
    "victim_rescued": false,
    "obstacles_count": 10,
    "danger_zones_count": 15,
    "explored_safe_count": 70
  },
  "agent_details": {
    "small_agents": [
      {
        "id": 1008,
        "alive": false,
        "energycost": 12.982972391821745,
        "final_position": [
          615,
          565
        ],
        "trajectory_length": 13,
        "hist_traj": [
          [
            705,
            559
          ],
          [
            705,
            555
          ],
          [
            695,
            545
          ],
          [
            685,
            545
          ],
          [
            675,
            535
          ],
          [
            665,
            535
          ],
          [
            655,
            525
          ],
          [
            645,
            525
          ],
          [
            645,
            525
          ],
          [
            635,
            535
          ],
          [
            625,
            545
          ],
          [
            625,
            555
          ],
          [
            615,
            565
          ]
        ],
        "explored_cells": 822,
        "has_goal": true,
        "goal_position": [
          615,
          575
        ]
      },
      {
        "id": 1000,
        "alive": false,
        "energycost": 19.740331704702456,
        "final_position": [
          795,
          495
        ],
        "trajectory_length": 21,
        "hist_traj": [
          [
            705,
            559
          ],
          [
            705,
            555
          ],
          [
            695,
            545
          ],
          [
            695,
            535
          ],
          [
            685,
            525
          ],
          [
            685,
            515
          ],
          [
            675,
            505
          ],
          [
            675,
            495
          ],
          [
            675,
            495
          ],
          [
            685,
            495
          ],
          [
            695,
            495
          ],
          [
            705,
            495
          ],
          [
            715,
            495
          ],
          [
            725,
            495
          ],
          [
            735,
            495
          ],
          [
            745,
            495
          ],
          [
            755,
            495
          ],
          [
            765,
            495
          ],
          [
            775,
            495
          ],
          [
            785,
            495
          ],
          [
            795,
            495
          ]
        ],
        "explored_cells": 894,
        "has_goal": true,
        "goal_position": [
          805,
          505
        ]
      },
      {
        "id": 1001,
        "alive": false,
        "energycost": 38.53932157792578,
        "final_position": [
          715,
          345
        ],
        "trajectory_length": 35,
        "hist_traj": [
          [
            705,
            559
          ],
          [
            705,
            555
          ],
          [
            695,
            565
          ],
          [
            685,
            575
          ],
          [
            675,
            585
          ],
          [
            665,
            585
          ],
          [
            655,
            585
          ],
          [
            645,
            595
          ],
          [
            645,
            595
          ],
          [
            645,
            585
          ],
          [
            645,
            575
          ],
          [
            645,
            565
          ],
          [
            645,
            555
          ],
          [
            645,
            545
          ],
          [
            645,
            535
          ],
          [
            645,
            525
          ],
          [
            645,
            515
          ],
          [
            645,
            505
          ],
          [
            635,
            495
          ],
          [
            635,
            485
          ],
          [
            625,
            475
          ],
          [
            625,
            465
          ],
          [
            615,
            455
          ],
          [
            615,
            445
          ],
          [
            615,
            445
          ],
          [
            625,
            435
          ],
          [
            635,
            425
          ],
          [
            645,
            415
          ],
          [
            655,
            405
          ],
          [
            665,
            395
          ],
          [
            675,
            385
          ],
          [
            685,
            375
          ],
          [
            695,
            365
          ],
          [
            705,
            355
          ],
          [
            715,
            345
          ]
        ],
        "explored_cells": 1053,
        "has_goal": true,
        "goal_position": [
          725,
          335
        ]
      }
    ],
    "large_agents": [
      {
        "id": 2,
        "alive": false,
        "energycost": 65.42178890635921,
        "final_position": [
          615,
          575
        ],
        "trajectory_length": 30,
        "hist_traj": [
          [
            705,
            559
          ],
          [
            705,
            555
          ],
          [
            715,
            545
          ],
          [
            715,
            535
          ],
          [
            725,
            525
          ],
          [
            725,
            515
          ],
          [
            725,
            505
          ],
          [
            735,
            495
          ],
          [
            735,
            495
          ],
          [
            735,
            485
          ],
          [
            735,
            475
          ],
          [
            725,
            465
          ],
          [
            725,
            455
          ],
          [
            715,
            445
          ],
          [
            715,
            435
          ],
          [
            715,
            435
          ],
          [
            705,
            445
          ],
          [
            695,
            455
          ],
          [
            685,
            465
          ],
          [
            675,
            475
          ],
          [
            665,
            485
          ],
          [
            655,
            495
          ],
          [
            645,
            505
          ],
          [
            635,
            515
          ],
          [
            625,
            525
          ],
          [
            625,
            535
          ],
          [
            625,
            545
          ],
          [
            625,
            555
          ],
          [
            625,
            565
          ],
          [
            615,
            575
          ]
        ],
        "known_cells": 1673,
        "total_cells": 7000,
        "known_percentage": 23.9,
        "son_agents": [
          1006,
          1007,
          1009
        ]
      },
      {
        "id": 1,
        "alive": false,
        "energycost": 78.593361781613,