{
  "metadata": {
    "timestamp": "20251124_213410",
    "simulation_time": "3.08s",
    "result": "failure",
    "screenshot_path": "simulation_screenshots/sim_20251124_213410_final_failure.png"
  },
  "statistics": {
    "simulation_duration": 3.078999999999995,
    "alive_small_agents": 0,
    "total_small_agents": 6,
    "alive_large_agents": 0,
    "total_large_agents": 3,
    "map_id": 8,
    "spawn_times": 8,
    "dead_agents": 32,
    "coverage_percentage": 0.0,
    "victim_rescued": false,
    "obstacles_count": 10,
    "danger_zones_count": 15,
    "explored_safe_count": 70
  },
  "agent_details": {
    "small_agents": [
      {
        "id": 1006,
        "alive": false,
        "energycost": 15.22561307894103,
        "final_position": [
          615,
          565
        ],
        "trajectory_length": 14,
        "hist_traj": [
          [
            705,
            559
          ],
          [
            705,
            555
          ],
          [
            695,
            545
          ],
          [
            685,
            535
          ],
          [
            675,
            525
          ],
          [
            665,
            515
          ],
          [
            655,
            505
          ],
          [
            655,
            505
          ],
          [
            645,
            515
          ],
          [
            635,
            525
          ],
          [
            635,
            535
          ],
          [
            625,
            545
          ],
          [
            625,
            555
          ],
          [
            615,
            565
          ]
        ],
        "explored_cells": 842,
        "has_goal": true,
        "goal_position": [
          615,
          575
        ]
      },
      {
        "id": 1009,
        "alive": false,
        "energycost": 9.497691017583172,
        "final_position": [
          615,
          555
        ],
        "trajectory_length": 11,
        "hist_traj": [
          [
            705,
            559
          ],
          [
            705,
            555
          ],
          [
            695,
            555
          ],
          [
            685,
            555
          ],
          [
            675,
            555
          ],
          [
            665,
            555
          ],
          [
            655,
            555
          ],
          [
            645,
            555
          ],
          [
            635,
            555
          ],
          [
            625,
            555
          ],
          [
            615,
            555
          ]
        ],
        "explored_cells": 1277,
        "has_goal": true,
        "goal_position": [
          605,
          555
        ]
      }
    ],
    "large_agents": [
      {
        "id": 1,
        "alive": false,
        "energycost": 87.76493465686677,
        "final_position": [
          615,
          535
        ],
        "trajectory_length": 42,
        "hist_traj": [
          [
            705,
            559
          ],
          [
            705,
            555
          ],
          [
            705,
            565
          ],
          [
            705,
            575
          ],
          [
            705,
            585
          ],
          [
            705,
            595
          ],
          [
            705,
            605
          ],
          [
            705,
            615
          ],
          [
            715,
            625
          ],
          [
            715,
            625
          ],
          [
            715,
            615
          ],
          [
            715,
            605
          ],
          [
            715,
            595
          ],
          [
            715,
            585
          ],
          [
            715,
            575
          ],
          [
            715,
            565
          ],
          [
            715,
            555
          ],
          [
            715,
            545
          ],
          [
            715,
            535
          ],
          [
            715,
            525
          ],
          [
            715,
            515
          ],
          [
            715,
            505
          ],
          [
            715,
            495
          ],
          [
            715,
            485
          ],
          [
            715,
            475
          ],
          [
            715,
            465
          ],
          [
            715,
            455
          ],
          [
            715,
            445
          ],
          [
            715,
            435
          ],
          [
            725,
            425
          ],
          [
            725,
            425
          ],
          [
            715,
            435
          ],
          [
            705,
            445
          ],
          [
            695,
            455
          ],
          [
            685,
            465
          ],
          [
            675,
            475
          ],
          [
            665,
            485
          ],
          [
            655,
            495
          ],
          [
            645,
            505
          ],
          [
            635,
            515
          ],
          [
            625,
            525
          ],
          [
            615,
            535
          ]
        ],
        "known_cells": 1415,
        "total_cells": 7000,
        "known_percentage": 20.214285714285715,
        "son_agents": [
          1003,
          1004,
          1005
        ]
      },
      {
        "id": 2,
        "alive": false,
        "energycost": 82.25021603110538,
        "final_position": [
          615,
          545
        ],
        "trajectory_length": 38,