{
  "metadata": {
    "timestamp": "20251124_203942",
    "simulation_time": "3.14s",
    "result": "failure",
    "screenshot_path": "simulation_screenshots/sim_20251124_203942_final_failure.png"
  },
  "statistics": {
    "simulation_duration": 3.1419999999999906,
    "alive_small_agents": 0,
    "total_small_agents": 6,
    "alive_large_agents": 0,
    "total_large_agents": 3,
    "map_id": 3,
    "spawn_times": 11,
    "dead_agents": 36,
    "coverage_percentage": 0.0,
    "victim_rescued": false,
    "obstacles_count": 10,
    "danger_zones_count": 15,
    "explored_safe_count": 70
  },
  "agent_details": {
    "small_agents": [
      {
        "id": 1002,
        "alive": false,
        "energycost": 16.942247149209518,
        "final_position": [
          825,
          155
        ],
        "trajectory_length": 16,
        "hist_traj": [
          [
            815,
            247
          ],
          [
            815,
            245
          ],
          [
            805,
            235
          ],
          [
            795,
            225
          ],
          [
            785,
            215
          ],
          [
            775,
            215
          ],
          [
            765,
            205
          ],
          [
            755,
            205
          ],
          [
            755,
            205
          ],
          [
            765,
            195
          ],
          [
            775,
            185
          ],
          [
            785,
            175
          ],
          [
            795,
            165
          ],
          [
            805,
            165
          ],
          [
            815,
            165
          ],
          [
            825,
            155
          ]
        ],
        "explored_cells": 721,
        "has_goal": true,
        "goal_position": [
          835,
          145
        ]
      },
      {
        "id": 1000,
        "alive": false,
        "energycost": 22.942247149209518,
        "final_position": [
          825,
          175
        ],
        "trajectory_length": 22,
        "hist_traj": [
          [
            815,
            247
          ],
          [
            815,
            245
          ],
          [
            805,
            255
          ],
          [
            795,
            265
          ],
          [
            785,
            275
          ],
          [
            785,
            285
          ],
          [
            775,
            295
          ],
          [
            775,
            305
          ],
          [
            775,
            305
          ],
          [
            775,
            295
          ],
          [
            775,
            285
          ],
          [
            785,
            275
          ],
          [
            785,
            265
          ],
          [
            795,
            255
          ],
          [
            795,
            245
          ],
          [
            805,
            235
          ],
          [
            805,
            225
          ],
          [
            805,
            215
          ],
          [
            815,
            205
          ],
          [
            815,
            195
          ],
          [
            825,
            185
          ],
          [
            825,
            175
          ]
        ],
        "explored_cells": 737,
        "has_goal": true,
        "goal_position": [
          835,
          165
        ]
      },
      {
        "id": 1005,
        "alive": false,
        "energycost": 26.528033586836422,
        "final_position": [
          795,
          355
        ],
        "trajectory_length": 26,
        "hist_traj": [
          [
            815,
            247
          ],
          [
            815,
            245
          ],
          [
            815,
            235
          ],
          [
            825,
            225
          ],
          [
            835,
            215
          ],
          [
            835,
            205
          ],
          [
            835,
            195
          ],
          [
            845,
            185
          ],
          [
            845,
            185
          ],
          [
            845,
            195
          ],
          [
            845,
            205
          ],
          [
            835,
            215
          ],
          [
            825,
            225
          ],
          [
            815,
            235
          ],
          [
            815,
            245
          ],
          [
            815,
            255
          ],
          [
            815,
            265
          ],
          [
            815,
            275
          ],
          [
            815,
            285
          ],
          [
            815,
            295
          ],
          [
            815,
            305
          ],
          [
            815,
            315
          ],
          [
            815,
            325
          ],
          [
            805,
            335
          ],
          [
            805,
            345
          ],
          [
            795,
            355
          ]
        ],
        "explored_cells": 772,
        "has_goal": true,
        "goal_position": [
          795,
          365
        ]
      },
      {
        "id": 1008,
        "alive": false,
        "energycost": 23.11382002446333,
        "final_position": [
          865,
          165
        ],
        "trajectory_length": 24,
        "hist_traj": [
          [
            815,
            247
          ],
          [
            815,
            245
          ],
          [
            815,
            235
          ],
          [
            825,
            225
          ],
          [
            835,
            225
          ],
          [
            845,
            215
          ],
          [
            855,
            215
          ],
          [
            865,
            205
          ],
          [
            875,
            205
          ],
          [
            875,
            205
          ],
          [
            885,
            195
          ],
          [
            895,
            185
          ],
          [
            905,
            175
          ],
          [
            915,
            175
          ],
          [
            925,
            165
          ],
          [
            935,
            165
          ],
          [
            935,
            165
          ],
          [
            925,
            165
          ],
          [
            915,
            165
          ],
          [
            905,
            165
          ],
          [
            895,
            165
          ],
          [
            885,
            165
          ],
          [
            875,
            165
          ],
          [
            865,
            165
          ]
        ],
        "explored_cells": 764,
        "has_goal": true,
        "goal_position": [
          855,
          165
        ]
      },
      {
        "id": 1010,
        "alive": false,
        "energycost": 17.04275221259785,
        "final_position": [
          795,
          405
        ],
        "trajectory_length": 18,