{
  "metadata": {
    "timestamp": "20251124_203526",
    "simulation_time": "2.30s",
    "result": "failure",
    "screenshot_path": "simulation_screenshots/sim_20251124_203526_final_failure.png"
  },
  "statistics": {
    "simulation_duration": 2.3049999999999957,
    "alive_small_agents": 0,
    "total_small_agents": 6,
    "alive_large_agents": 0,
    "total_large_agents": 3,
    "map_id": 3,
    "spawn_times": 11,
    "dead_agents": 35,
    "coverage_percentage": 0.0,
    "victim_rescued": false,
    "obstacles_count": 10,
    "danger_zones_count": 15,
    "explored_safe_count": 70
  },
  "agent_details": {
    "small_agents": [
      {
        "id": 1000,
        "alive": false,
        "energycost": 12.285392899717136,
        "final_position": [
          785,
          345
        ],
        "trajectory_length": 13,
        "hist_traj": [
          [
            815,
            247
          ],
          [
            815,
            245
          ],
          [
            805,
            255
          ],
          [
            795,
            265
          ],
          [
            785,
            275
          ],
          [
            785,
            285
          ],
          [
            775,
            295
          ],
          [
            775,
            305
          ],
          [
            775,
            305
          ],
          [
            775,
            315
          ],
          [
            775,
            325
          ],
          [
            785,
            335
          ],
          [
            785,
            345
          ]
        ],
        "explored_cells": 701,
        "has_goal": true,
        "goal_position": [
          795,
          355
        ]
      },
      {
        "id": 1008,
        "alive": false,
        "energycost": 22.285392899717134,
        "final_position": [
          745,
          345
        ],
        "trajectory_length": 23,
        "hist_traj": [
          [
            815,
            247
          ],
          [
            815,
            245
          ],
          [
            805,
            235
          ],
          [
            795,
            225
          ],
          [
            785,
            215
          ],
          [
            775,
            215
          ],
          [
            765,
            205
          ],
          [
            755,
            205
          ],
          [
            755,
            205
          ],
          [
            755,
            215
          ],
          [
            755,
            225
          ],
          [
            755,
            235
          ],
          [
            755,
            245
          ],
          [
            755,
            255
          ],
          [
            755,
            265
          ],
          [
            755,
            275
          ],
          [
            755,
            285
          ],
          [
            755,
            295
          ],
          [
            755,
            305
          ],
          [
            755,
            315
          ],
          [
            755,
            325
          ],
          [
            745,
            335
          ],
          [
            745,
            345
          ]
        ],
        "explored_cells": 802,
        "has_goal": true,
        "goal_position": [
          735,
          355
        ]
      },
      {
        "id": 1003,
        "alive": false,
        "energycost": 33.35646071158261,
        "final_position": [
          795,
          415
        ],
        "trajectory_length": 33,
        "hist_traj": [
          [
            815,
            247
          ],
          [
            815,
            245
          ],
          [
            815,
            235
          ],
          [
            825,
            225
          ],
          [
            835,
            215
          ],
          [
            835,
            205
          ],
          [
            835,
            195
          ],
          [
            845,
            185
          ],
          [
            845,
            185
          ],
          [
            845,
            195
          ],
          [
            845,
            205
          ],
          [
            835,
            215
          ],
          [
            825,
            225
          ],
          [
            815,
            235
          ],
          [
            815,
            245
          ],
          [
            815,
            255
          ],
          [
            815,
            265
          ],
          [
            815,
            275
          ],
          [
            815,
            285
          ],
          [
            815,
            295
          ],
          [
            815,
            305
          ],
          [
            815,
            315
          ],
          [
            815,
            325
          ],
          [
            815,
            335
          ],
          [
            815,
            345
          ],
          [
            815,
            355
          ],
          [
            815,
            365
          ],
          [
            815,
            375
          ],
          [
            825,
            385
          ],
          [
            825,
            385
          ],
          [
            815,
            395
          ],
          [
            805,
            405
          ],
          [
            795,
            415
          ]
        ],
        "explored_cells": 854,
        "has_goal": true,
        "goal_position": [
          795,
          425
        ]
      },
      {
        "id": 1002,
        "alive": false,
        "energycost": 27.18488783632881,
        "final_position": [
          775,
          345
        ],
        "trajectory_length": 26,
        "hist_traj": [
          [
            815,
            247
          ],
          [
            815,
            245
          ],
          [
            805,
            245
          ],
          [
            795,
            245
          ],
          [
            785,
            255
          ],
          [
            775,
            255
          ],
          [
            765,
            255
          ],
          [
            755,
            265
          ],
          [
            755,
            265
          ],
          [
            745,
            265
          ],
          [
            735,
            265
          ],
          [
            725,
            265
          ],
          [
            715,
            265
          ],
          [
            705,
            265
          ],
          [
            695,
            255
          ],
          [
            685,
            255
          ],
          [
            685,
            255
          ],
          [
            695,
            265
          ],
          [
            705,
            275
          ],
          [
            715,
            285
          ],
          [
            725,
            295
          ],
          [
            735,
            305
          ],
          [
            745,
            315
          ],
          [
            755,
            325
          ],
          [
            765,
            335
          ],
          [
            775,
            345
          ]
        ],
        "explored_cells": 822,
        "has_goal": true,
        "goal_position": [
          785,
          355
        ]
      },
      {
        "id": 1009,
        "alive": false,
        "energycost": 14.356460711582613,
        "final_position": [
          715,
          345
        ],
        "trajectory_length": 12,