{
  "metadata": {
    "timestamp": "20251124_213726",
    "simulation_time": "2.12s",
    "result": "failure",
    "screenshot_path": "simulation_screenshots/sim_20251124_213726_final_failure.png"
  },
  "statistics": {
    "simulation_duration": 2.120999999999995,
    "alive_small_agents": 0,
    "total_small_agents": 6,
    "alive_large_agents": 0,
    "total_large_agents": 3,
    "map_id": 8,
    "spawn_times": 6,
    "dead_agents": 30,
    "coverage_percentage": 0.0,
    "victim_rescued": false,
    "obstacles_count": 10,
    "danger_zones_count": 15,
    "explored_safe_count": 70
  },
  "agent_details": {
    "small_agents": [],
    "large_agents": [
      {
        "id": 1,
        "alive": false,
        "energycost": 57.965944783643494,
        "final_position": [
          585,
          575
        ],
        "trajectory_length": 30,
        "hist_traj": [
          [
            705,
            559
          ],
          [
            705,
            555
          ],
          [
            715,
            565
          ],
          [
            725,
            575
          ],
          [
            735,
            585
          ],
          [
            745,
            585
          ],
          [
            755,
            585
          ],
          [
            765,
            595
          ],
          [
            765,
            595
          ],
          [
            755,
            595
          ],
          [
            745,
            595
          ],
          [
            735,
            595
          ],
          [
            725,
            595
          ],
          [
            715,
            595
          ],
          [
            705,
            595
          ],
          [
            695,
            595
          ],
          [
            685,
            595
          ],
          [
            675,
            595
          ],
          [
            665,
            595
          ],
          [
            655,
            595
          ],
          [
            645,
            595
          ],
          [
            635,
            595
          ],
          [
            625,
            595
          ],
          [
            615,
            595
          ],
          [
            605,
            595
          ],
          [
            595,
            595
          ],
          [
            585,
            585
          ],
          [
            575,
            585
          ],
          [
            575,
            585
          ],
          [
            585,
            575
          ]
        ],
        "known_cells": 1320,
        "total_cells": 7000,
        "known_percentage": 18.857142857142858,
        "son_agents": [
          1003,
          1004,
          1005
        ]
      },
      {
        "id": 2,
        "alive": false,
        "energycost": 57.42178890635921,
        "final_position": [
          805,
          465
        ],
        "trajectory_length": 26,
        "hist_traj": [
          [
            705,
            559
          ],
          [
            705,
            555
          ],
          [
            695,
            555
          ],
          [
            685,
            555
          ],
          [
            675,
            555
          ],
          [
            665,
            555
          ],
          [
            655,
            545
          ],
          [
            645,
            545
          ],
          [
            645,
            545
          ],
          [
            655,
            535
          ],
          [
            665,
            525
          ],
          [
            675,
            515
          ],
          [
            685,
            505
          ],
          [
            695,
            495
          ],
          [
            705,
            485
          ],
          [
            715,
            475
          ],
          [
            725,
            465
          ],
          [
            735,
            455
          ],
          [
            745,
            445
          ],
          [
            755,
            445
          ],
          [
            765,
            435
          ],
          [
            775,
            435
          ],
          [
            775,
            435
          ],
          [
            785,
            445
          ],
          [
            795,
            455
          ],
          [
            805,
            465
          ]
        ],
        "known_cells": 1450,
        "total_cells": 7000,
        "known_percentage": 20.714285714285715,
        "son_agents": [
          1006,
          1007,
          1008
        ]
      },
      {
        "id": 0,
        "alive": false,
        "energycost": 47.76493465686683,
        "final_position": [
          535,
          575
        ],
        "trajectory_length": 22,
        "hist_traj": [
          [
            705,
            559
          ],
          [
            705,
            555
          ],
          [
            695,
            555
          ],
          [
            685,
            555
          ],
          [
            675,
            565
          ],
          [
            665,
            565
          ],
          [
            655,
            565
          ],
          [
            645,
            575
          ],
          [
            645,
            575
          ],
          [
            635,
            585
          ],
          [
            625,
            595
          ],
          [
            615,
            605
          ],
          [
            605,
            615
          ],
          [
            595,
            625
          ],
          [
            585,
            635
          ],
          [
            585,
            635
          ],
          [
            575,
            625
          ],
          [
            565,
            615
          ],
          [
            555,
            605
          ],
          [
            545,
            595
          ],
          [
            535,
            585
          ],
          [
            535,
            575
          ]
        ],
        "known_cells": 1641,
        "total_cells": 7000,
        "known_percentage": 23.442857142857143,
        "son_agents": [
          1000,
          1001,
          1002
        ]
      }
    ]
  }
}