{
  "metadata": {
    "timestamp": "20251124_213916",
    "simulation_time": "2.16s",
    "result": "failure",
    "screenshot_path": "simulation_screenshots/sim_20251124_213916_final_failure.png"
  },
  "statistics": {
    "simulation_duration": 2.157999999999995,
    "alive_small_agents": 0,
    "total_small_agents": 6,
    "alive_large_agents": 0,
    "total_large_agents": 3,
    "map_id": 8,
    "spawn_times": 7,
    "dead_agents": 31,
    "coverage_percentage": 0.0,
    "victim_rescued": false,
    "obstacles_count": 10,
    "danger_zones_count": 15,
    "explored_safe_count": 70
  },
  "agent_details": {
    "small_agents": [
      {
        "id": 1003,
        "alive": false,
        "energycost": 39.225613078941024,
        "final_position": [
          615,
          525
        ],
        "trajectory_length": 39,
        "hist_traj": [
          [
            705,
            559
          ],
          [
            705,
            555
          ],
          [
            705,
            565
          ],
          [
            695,
            575
          ],
          [
            695,
            585
          ],
          [
            685,
            595
          ],
          [
            685,
            605
          ],
          [
            675,
            615
          ],
          [
            675,
            625
          ],
          [
            675,
            625
          ],
          [
            675,
            615
          ],
          [
            675,
            605
          ],
          [
            675,
            595
          ],
          [
            675,
            585
          ],
          [
            675,
            575
          ],
          [
            675,
            565
          ],
          [
            675,
            555
          ],
          [
            675,
            545
          ],
          [
            675,
            535
          ],
          [
            675,
            525
          ],
          [
            675,
            515
          ],
          [
            665,
            505
          ],
          [
            665,
            495
          ],
          [
            655,
            485
          ],
          [
            655,
            475
          ],
          [
            645,
            465
          ],
          [
            645,
            455
          ],
          [
            635,
            445
          ],
          [
            635,
            435
          ],
          [
            635,
            435
          ],
          [
            635,
            445
          ],
          [
            635,
            455
          ],
          [
            635,
            465
          ],
          [
            635,
            475
          ],
          [
            635,
            485
          ],
          [
            625,
            495
          ],
          [
            625,
            505
          ],
          [
            615,
            515
          ],
          [
            615,
            525
          ]
        ],
        "explored_cells": 991,
        "has_goal": true,
        "goal_position": [
          605,
          535
        ]
      }
    ],
    "large_agents": [
      {
        "id": 0,
        "alive": false,
        "energycost": 65.27965328262826,
        "final_position": [
          605,
          575
        ],
        "trajectory_length": 32,
        "hist_traj": [
          [
            705,
            559
          ],
          [
            705,
            555
          ],
          [
            715,
            555
          ],
          [
            725,
            555
          ],
          [
            735,
            555
          ],
          [
            745,
            555
          ],
          [
            755,
            545
          ],
          [
            765,
            545
          ],
          [
            765,
            545
          ],
          [
            755,
            545
          ],
          [
            745,
            545
          ],
          [
            735,
            545
          ],
          [
            725,
            545
          ],
          [
            715,
            545
          ],
          [
            705,
            545
          ],
          [
            695,
            555
          ],
          [
            685,
            555
          ],
          [
            675,
            555
          ],
          [
            665,
            565
          ],
          [
            655,
            565
          ],
          [
            645,
            575
          ],
          [
            635,
            575
          ],
          [
            625,
            585
          ],
          [
            615,
            585
          ],
          [
            605,
            595
          ],
          [
            595,
            595
          ],
          [
            585,
            595
          ],
          [
            575,
            605
          ],
          [
            575,
            605
          ],
          [
            585,
            595
          ],
          [
            595,
            585
          ],
          [
            605,
            575
          ]
        ],
        "known_cells": 1188,
        "total_cells": 7000,
        "known_percentage": 16.97142857142857,
        "son_agents": [
          1000,
          1001,
          1002
        ]
      },
      {
        "id": 2,
        "alive": false,
        "energycost": 51.76493465686683,
        "final_position": [
          795,
          475
        ],
        "trajectory_length": 24,
        "hist_traj": [
          [
            705,
            559
          ],
          [
            705,
            555
          ],
          [
            715,
            545
          ],
          [
            725,
            535
          ],
          [
            735,
            525
          ],
          [
            745,
            515
          ],
          [
            755,
            505
          ],
          [
            755,
            505
          ],
          [
            755,
            495
          ],
          [
            755,
            485
          ],
          [
            745,
            475
          ],
          [
            745,
            465
          ],
          [
            735,
            455
          ],
          [
            735,
            445
          ],
          [
            725,
            435
          ],
          [
            725,
            425
          ],
          [
            725,
            425
          ],
          [
            735,
            435
          ],
          [
            745,
            445
          ],
          [
            755,
            455
          ],
          [
            765,
            465
          ],
          [
            775,
            465
          ],
          [
            785,
            475
          ],
          [
            795,
            475
          ]
        ],
        "known_cells": 1369,
        "total_cells": 7000,
        "known_percentage": 19.557142857142857,
        "son_agents": [
          1006,
          1007,
          1008
        ]
      },
      {
        "id": 1,
        "alive": false,
        "energycost": 80.10808040737444,
        "final_position": [
          815,
          485
        ],
        "trajectory_length": 39,