{
  "metadata": {
    "timestamp": "20251124_214107",
    "simulation_time": "2.12s",
    "result": "failure",
    "screenshot_path": "simulation_screenshots/sim_20251124_214107_final_failure.png"
  },
  "statistics": {
    "simulation_duration": 2.117999999999995,
    "alive_small_agents": 0,
    "total_small_agents": 6,
    "alive_large_agents": 0,
    "total_large_agents": 3,
    "map_id": 8,
    "spawn_times": 7,
    "dead_agents": 31,
    "coverage_percentage": 0.0,
    "victim_rescued": false,
    "obstacles_count": 10,
    "danger_zones_count": 15,
    "explored_safe_count": 70
  },
  "agent_details": {
    "small_agents": [
      {
        "id": 1006,
        "alive": false,
        "energycost": 28.468253766060318,
        "final_position": [
          805,
          465
        ],
        "trajectory_length": 27,
        "hist_traj": [
          [
            705,
            559
          ],
          [
            705,
            555
          ],
          [
            695,
            545
          ],
          [
            685,
            545
          ],
          [
            675,
            535
          ],
          [
            665,
            535
          ],
          [
            655,
            525
          ],
          [
            645,
            525
          ],
          [
            645,
            525
          ],
          [
            655,
            515
          ],
          [
            665,
            505
          ],
          [
            675,
            495
          ],
          [
            685,
            495
          ],
          [
            695,
            495
          ],
          [
            705,
            485
          ],
          [
            715,
            485
          ],
          [
            725,
            475
          ],
          [
            735,
            475
          ],
          [
            745,
            465
          ],
          [
            755,
            465
          ],
          [
            765,
            455
          ],
          [
            775,
            455
          ],
          [
            785,
            445
          ],
          [
            795,
            445
          ],
          [
            795,
            445
          ],
          [
            795,
            455
          ],
          [
            805,
            465
          ]
        ],
        "explored_cells": 966,
        "has_goal": true,
        "goal_position": [
          805,
          475
        ]
      }
    ],
    "large_agents": [
      {
        "id": 1,
        "alive": false,
        "energycost": 46.3090905341511,
        "final_position": [
          615,
          535
        ],
        "trajectory_length": 24,
        "hist_traj": [
          [
            705,
            559
          ],
          [
            705,
            555
          ],
          [
            715,
            545
          ],
          [
            725,
            545
          ],
          [
            735,
            535
          ],
          [
            745,
            535
          ],
          [
            755,
            525
          ],
          [
            765,
            525
          ],
          [
            765,
            525
          ],
          [
            755,
            525
          ],
          [
            745,
            525
          ],
          [
            735,
            525
          ],
          [
            725,
            525
          ],
          [
            715,
            525
          ],
          [
            705,
            525
          ],
          [
            695,
            525
          ],
          [
            685,
            525
          ],
          [
            675,
            525
          ],
          [
            665,
            525
          ],
          [
            655,
            525
          ],
          [
            645,
            525
          ],
          [
            635,
            525
          ],
          [
            625,
            535
          ],
          [
            615,
            535
          ]
        ],
        "known_cells": 1168,
        "total_cells": 7000,
        "known_percentage": 16.685714285714287,
        "son_agents": [
          1003,
          1004,
          1005
        ]
      },
      {
        "id": 0,
        "alive": false,
        "energycost": 56.30909053415111,
        "final_position": [
          805,
          515
        ],
        "trajectory_length": 30,
        "hist_traj": [
          [
            705,
            559
          ],
          [
            705,
            555
          ],
          [
            695,
            555
          ],
          [
            685,
            555
          ],
          [
            675,
            565
          ],
          [
            665,
            565
          ],
          [
            655,
            565
          ],
          [
            645,
            575
          ],
          [
            645,
            575
          ],
          [
            655,
            575
          ],
          [
            665,
            575
          ],
          [
            675,
            575
          ],
          [
            685,
            575
          ],
          [
            695,
            575
          ],
          [
            705,
            575
          ],
          [
            715,
            575
          ],
          [
            725,
            575
          ],
          [
            735,
            575
          ],
          [
            745,
            575
          ],
          [
            755,
            575
          ],
          [
            765,
            575
          ],
          [
            775,
            565
          ],
          [
            785,
            565
          ],
          [
            795,
            555
          ],
          [
            805,
            555
          ],
          [
            805,
            555
          ],
          [
            805,
            545
          ],
          [
            805,
            535
          ],
          [
            805,
            525
          ],
          [
            805,
            515
          ]
        ],
        "known_cells": 1381,
        "total_cells": 7000,
        "known_percentage": 19.728571428571428,
        "son_agents": [
          1000,
          1001,
          1002
        ]
      },
      {
        "id": 2,
        "alive": false,
        "energycost": 67.62279903313588,
        "final_position": [
          585,
          575
        ],
        "trajectory_length": 34,