{
  "metadata": {
    "timestamp": "20251124_220922",
    "simulation_time": "2.27s",
    "result": "failure",
    "screenshot_path": "simulation_screenshots/sim_20251124_220922_final_failure.png"
  },
  "statistics": {
    "simulation_duration": 2.2669999999999964,
    "alive_small_agents": 0,
    "total_small_agents": 6,
    "alive_large_agents": 0,
    "total_large_agents": 3,
    "map_id": 12,
    "spawn_times": 10,
    "dead_agents": 34,
    "coverage_percentage": 0.0,
    "victim_rescued": false,
    "obstacles_count": 10,
    "danger_zones_count": 15,
    "explored_safe_count": 70
  },
  "agent_details": {
    "small_agents": [
      {
        "id": 1006,
        "alive": false,
        "energycost": 22.999917173540545,
        "final_position": [
          465,
          295
        ],
        "trajectory_length": 23,
        "hist_traj": [
          [
            475,
            375
          ],
          [
            475,
            375
          ],
          [
            465,
            385
          ],
          [
            465,
            395
          ],
          [
            455,
            405
          ],
          [
            445,
            415
          ],
          [
            435,
            425
          ],
          [
            435,
            435
          ],
          [
            435,
            435
          ],
          [
            435,
            425
          ],
          [
            445,
            415
          ],
          [
            455,
            405
          ],
          [
            465,
            395
          ],
          [
            465,
            385
          ],
          [
            465,
            375
          ],
          [
            465,
            365
          ],
          [
            465,
            355
          ],
          [
            465,
            345
          ],
          [
            465,
            335
          ],
          [
            465,
            325
          ],
          [
            465,
            315
          ],
          [
            465,
            305
          ],
          [
            465,
            295
          ]
        ],
        "explored_cells": 847,
        "has_goal": true,
        "goal_position": [
          465,
          285
        ]
      },
      {
        "id": 1002,
        "alive": false,
        "energycost": 22.51463579930197,
        "final_position": [
          465,
          295
        ],
        "trajectory_length": 25,
        "hist_traj": [
          [
            475,
            375
          ],
          [
            475,
            375
          ],
          [
            475,
            385
          ],
          [
            475,
            395
          ],
          [
            475,
            405
          ],
          [
            475,
            415
          ],
          [
            475,
            425
          ],
          [
            465,
            435
          ],
          [
            465,
            445
          ],
          [
            465,
            445
          ],
          [
            465,
            435
          ],
          [
            465,
            425
          ],
          [
            465,
            415
          ],
          [
            465,
            405
          ],
          [
            465,
            395
          ],
          [
            465,
            385
          ],
          [
            465,
            375
          ],
          [
            465,
            365
          ],
          [
            465,
            355
          ],
          [
            465,
            345
          ],
          [
            465,
            335
          ],
          [
            465,
            325
          ],
          [
            465,
            315
          ],
          [
            465,
            305
          ],
          [
            465,
            295
          ]
        ],
        "explored_cells": 859,
        "has_goal": true,
        "goal_position": [
          475,
          285
        ]
      },
      {
        "id": 1009,
        "alive": false,
        "energycost": 8.100422236928875,
        "final_position": [
          475,
          295
        ],
        "trajectory_length": 10,
        "hist_traj": [
          [
            475,
            375
          ],
          [
            475,
            375
          ],
          [
            475,
            365
          ],
          [
            475,
            355
          ],
          [
            475,
            345
          ],
          [
            475,
            335
          ],
          [
            475,
            325
          ],
          [
            475,
            315
          ],
          [
            475,
            305
          ],
          [
            475,
            295
          ]
        ],
        "explored_cells": 1177,
        "has_goal": true,
        "goal_position": [
          465,
          285
        ]
      },
      {
        "id": 1010,
        "alive": false,
        "energycost": 21.656771423032925,
        "final_position": [
          585,
          545
        ],
        "trajectory_length": 19,
        "hist_traj": [
          [
            475,
            375
          ],
          [
            475,
            375
          ],
          [
            485,
            385
          ],
          [
            495,
            395
          ],
          [
            505,
            405
          ],
          [
            515,
            415
          ],
          [
            525,
            425
          ],
          [
            535,
            435
          ],
          [
            535,
            445
          ],
          [
            545,
            455
          ],
          [
            545,
            465
          ],
          [
            555,
            475
          ],
          [
            555,
            485
          ],
          [
            565,
            495
          ],
          [
            565,
            505
          ],
          [
            575,
            515
          ],
          [
            575,
            525
          ],
          [
            575,
            535
          ],
          [
            585,
            545
          ]
        ],
        "explored_cells": 1249,
        "has_goal": false,
        "goal_position": null
      }
    ],
    "large_agents": [
      {
        "id": 1,
        "alive": false,
        "energycost": 17.857698723350133,
        "final_position": [
          475,
          295
        ],
        "trajectory_length": 11,
        "hist_traj": [
          [
            475,
            375
          ],
          [
            475,
            375
          ],
          [
            475,
            365
          ],
          [
            475,
            355
          ],
          [
            475,
            345
          ],
          [
            475,
            335
          ],
          [
            475,
            325
          ],
          [
            465,
            315
          ],
          [
            465,
            305
          ],
          [
            465,
            305
          ],
          [
            475,
            295
          ]
        ],
        "known_cells": 909,
        "total_cells": 7000,
        "known_percentage": 12.985714285714286,
        "son_agents": [
          1003,
          1004,
          1005
        ]
      },
      {
        "id": 2,
        "alive": false,
        "energycost": 48.34298009758871,
        "final_position": [
          465,
          295
        ],
        "trajectory_length": 25,