{
  "metadata": {
    "timestamp": "20251124_210214",
    "simulation_time": "3.44s",
    "result": "failure",
    "screenshot_path": "simulation_screenshots/sim_20251124_210214_final_failure.png"
  },
  "statistics": {
    "simulation_duration": 3.439999999999991,
    "alive_small_agents": 0,
    "total_small_agents": 6,
    "alive_large_agents": 0,
    "total_large_agents": 3,
    "map_id": 6,
    "spawn_times": 12,
    "dead_agents": 36,
    "coverage_percentage": 0.0,
    "victim_rescued": false,
    "obstacles_count": 10,
    "danger_zones_count": 15,
    "explored_safe_count": 70
  },
  "agent_details": {
    "small_agents": [
      {
        "id": 1006,
        "alive": false,
        "energycost": 12.707727244763182,
        "final_position": [
          485,
          575
        ],
        "trajectory_length": 14,
        "hist_traj": [
          [
            567,
            638
          ],
          [
            565,
            635
          ],
          [
            555,
            625
          ],
          [
            555,
            615
          ],
          [
            545,
            605
          ],
          [
            545,
            595
          ],
          [
            535,
            585
          ],
          [
            535,
            575
          ],
          [
            535,
            575
          ],
          [
            525,
            575
          ],
          [
            515,
            575
          ],
          [
            505,
            575
          ],
          [
            495,
            575
          ],
          [
            485,
            575
          ]
        ],
        "explored_cells": 763,
        "has_goal": true,
        "goal_position": [
          475,
          575
        ]
      },
      {
        "id": 1002,
        "alive": false,
        "energycost": 24.264076430867235,
        "final_position": [
          485,
          615
        ],
        "trajectory_length": 22,
        "hist_traj": [
          [
            567,
            638
          ],
          [
            565,
            635
          ],
          [
            555,
            625
          ],
          [
            545,
            625
          ],
          [
            535,
            615
          ],
          [
            525,
            615
          ],
          [
            515,
            605
          ],
          [
            505,
            605
          ],
          [
            505,
            605
          ],
          [
            495,
            615
          ],
          [
            485,
            625
          ],
          [
            475,
            635
          ],
          [
            465,
            645
          ],
          [
            455,
            655
          ],
          [
            445,
            655
          ],
          [
            435,
            665
          ],
          [
            435,
            665
          ],
          [
            445,
            655
          ],
          [
            455,
            645
          ],
          [
            465,
            635
          ],
          [
            475,
            625
          ],
          [
            485,
            615
          ]
        ],
        "explored_cells": 793,
        "has_goal": true,
        "goal_position": [
          495,
          605
        ]
      },
      {
        "id": 1008,
        "alive": false,
        "energycost": 25.67828999324033,
        "final_position": [
          475,
          545
        ],
        "trajectory_length": 23,
        "hist_traj": [
          [
            567,
            638
          ],
          [
            565,
            635
          ],
          [
            575,
            625
          ],
          [
            585,
            615
          ],
          [
            595,
            605
          ],
          [
            595,
            595
          ],
          [
            595,
            585
          ],
          [
            605,
            575
          ],
          [
            605,
            575
          ],
          [
            595,
            565
          ],
          [
            585,
            555
          ],
          [
            575,
            545
          ],
          [
            565,
            535
          ],
          [
            555,
            525
          ],
          [
            545,
            515
          ],
          [
            535,
            505
          ],
          [
            525,
            505
          ],
          [
            525,
            505
          ],
          [
            515,
            515
          ],
          [
            505,
            525
          ],
          [
            495,
            535
          ],
          [
            485,
            535
          ],
          [
            475,
            545
          ]
        ],
        "explored_cells": 905,
        "has_goal": true,
        "goal_position": [
          465,
          545
        ]
      },
      {
        "id": 1004,
        "alive": false,
        "energycost": 26.364581494255567,
        "final_position": [
          705,
          475
        ],
        "trajectory_length": 27,
        "hist_traj": [
          [
            567,
            638
          ],
          [
            565,
            635
          ],
          [
            575,
            635
          ],
          [
            585,
            635
          ],
          [
            595,
            635
          ],
          [
            605,
            635
          ],
          [
            615,
            635
          ],
          [
            625,
            635
          ],
          [
            635,
            635
          ],
          [
            635,
            635
          ],
          [
            635,
            625
          ],
          [
            635,
            615
          ],
          [
            635,
            605
          ],
          [
            635,
            595
          ],
          [
            645,
            585
          ],
          [
            645,
            575
          ],
          [
            655,
            565
          ],
          [
            655,
            555
          ],
          [
            655,
            545
          ],
          [
            665,
            535
          ],
          [
            665,
            535
          ],
          [
            675,
            525
          ],
          [
            685,
            515
          ],
          [
            695,
            505
          ],
          [
            695,
            495
          ],
          [
            695,
            485
          ],
          [
            705,
            475
          ]
        ],
        "explored_cells": 917,
        "has_goal": false,
        "goal_position": null
      },
      {
        "id": 1009,
        "alive": false,
        "energycost": 11.77879505662866,
        "final_position": [
          485,
          555
        ],
        "trajectory_length": 10,
        "hist_traj": [
          [
            567,
            638
          ],
          [
            565,
            635
          ],
          [
            555,
            625
          ],
          [
            545,
            615
          ],
          [
            535,
            605
          ],
          [
            525,
            595
          ],
          [
            515,
            585
          ],
          [
            505,
            575
          ],
          [
            495,
            565
          ],
          [
            485,
            555
          ]
        ],
        "explored_cells": 1131,
        "has_goal": true,
        "goal_position": [
          475,
          555
        ]
      },
      {
        "id": 1005,