{
  "metadata": {
    "timestamp": "20251124_220919",
    "simulation_time": "2.34s",
    "result": "failure",
    "screenshot_path": "simulation_screenshots/sim_20251124_220919_final_failure.png"
  },
  "statistics": {
    "simulation_duration": 2.3379999999999965,
    "alive_small_agents": 0,
    "total_small_agents": 6,
    "alive_large_agents": 0,
    "total_large_agents": 3,
    "map_id": 12,
    "spawn_times": 10,
    "dead_agents": 34,
    "coverage_percentage": 0.0,
    "victim_rescued": false,
    "obstacles_count": 10,
    "danger_zones_count": 15,
    "explored_safe_count": 70
  },
  "agent_details": {
    "small_agents": [
      {
        "id": 1006,
        "alive": false,
        "energycost": 22.656771423032925,
        "final_position": [
          465,
          295
        ],
        "trajectory_length": 21,
        "hist_traj": [
          [
            475,
            375
          ],
          [
            475,
            375
          ],
          [
            485,
            385
          ],
          [
            495,
            395
          ],
          [
            505,
            405
          ],
          [
            515,
            405
          ],
          [
            525,
            405
          ],
          [
            535,
            415
          ],
          [
            535,
            415
          ],
          [
            525,
            405
          ],
          [
            515,
            395
          ],
          [
            505,
            385
          ],
          [
            505,
            375
          ],
          [
            495,
            365
          ],
          [
            495,
            355
          ],
          [
            495,
            345
          ],
          [
            485,
            335
          ],
          [
            485,
            325
          ],
          [
            475,
            315
          ],
          [
            475,
            305
          ],
          [
            465,
            295
          ]
        ],
        "explored_cells": 854,
        "has_goal": true,
        "goal_position": [
          465,
          285
        ]
      },
      {
        "id": 1005,
        "alive": false,
        "energycost": 22.999917173540545,
        "final_position": [
          465,
          295
        ],
        "trajectory_length": 23,
        "hist_traj": [
          [
            475,
            375
          ],
          [
            475,
            375
          ],
          [
            465,
            385
          ],
          [
            465,
            395
          ],
          [
            455,
            405
          ],
          [
            445,
            415
          ],
          [
            435,
            425
          ],
          [
            435,
            435
          ],
          [
            435,
            435
          ],
          [
            435,
            425
          ],
          [
            445,
            415
          ],
          [
            455,
            405
          ],
          [
            465,
            395
          ],
          [
            465,
            385
          ],
          [
            465,
            375
          ],
          [
            465,
            365
          ],
          [
            465,
            355
          ],
          [
            465,
            345
          ],
          [
            465,
            335
          ],
          [
            465,
            325
          ],
          [
            465,
            315
          ],
          [
            465,
            305
          ],
          [
            465,
            295
          ]
        ],
        "explored_cells": 847,
        "has_goal": true,
        "goal_position": [
          475,
          285
        ]
      },
      {
        "id": 1004,
        "alive": false,
        "energycost": 30.242557860659833,
        "final_position": [
          555,
          255
        ],
        "trajectory_length": 29,
        "hist_traj": [
          [
            475,
            375
          ],
          [
            475,
            375
          ],
          [
            475,
            385
          ],
          [
            475,
            395
          ],
          [
            475,
            405
          ],
          [
            475,
            415
          ],
          [
            475,
            425
          ],
          [
            465,
            435
          ],
          [
            465,
            445
          ],
          [
            465,
            445
          ],
          [
            475,
            435
          ],
          [
            475,
            425
          ],
          [
            485,
            415
          ],
          [
            485,
            405
          ],
          [
            495,
            395
          ],
          [
            495,
            385
          ],
          [
            505,
            375
          ],
          [
            505,
            365
          ],
          [
            505,
            355
          ],
          [
            515,
            345
          ],
          [
            515,
            335
          ],
          [
            525,
            325
          ],
          [
            525,
            315
          ],
          [
            535,
            305
          ],
          [
            535,
            295
          ],
          [
            545,
            285
          ],
          [
            545,
            275
          ],
          [
            545,
            265
          ],
          [
            555,
            255
          ]
        ],
        "explored_cells": 935,
        "has_goal": false,
        "goal_position": null
      },
      {
        "id": 1011,
        "alive": false,
        "energycost": 11.343062924048162,
        "final_position": [
          485,
          275
        ],
        "trajectory_length": 12,
        "hist_traj": [
          [
            475,
            375
          ],
          [
            475,
            375
          ],
          [
            475,
            365
          ],
          [
            475,
            355
          ],
          [
            475,
            345
          ],
          [
            475,
            335
          ],
          [
            475,
            325
          ],
          [
            475,
            315
          ],
          [
            485,
            305
          ],
          [
            495,
            295
          ],
          [
            495,
            285
          ],
          [
            485,
            275
          ]
        ],
        "explored_cells": 1389,
        "has_goal": true,
        "goal_position": [
          475,
          265
        ]
      }
    ],
    "large_agents": [
      {
        "id": 2,
        "alive": false,
        "energycost": 34.82826147182728,
        "final_position": [
          475,
          295
        ],
        "trajectory_length": 17,