{
  "metadata": {
    "timestamp": "20251124_221531",
    "simulation_time": "3.10s",
    "result": "failure",
    "screenshot_path": "simulation_screenshots/sim_20251124_221531_final_failure.png"
  },
  "statistics": {
    "simulation_duration": 3.103999999999994,
    "alive_small_agents": 0,
    "total_small_agents": 6,
    "alive_large_agents": 0,
    "total_large_agents": 3,
    "map_id": 12,
    "spawn_times": 9,
    "dead_agents": 33,
    "coverage_percentage": 0.0,
    "victim_rescued": false,
    "obstacles_count": 10,
    "danger_zones_count": 15,
    "explored_safe_count": 70
  },
  "agent_details": {
    "small_agents": [
      {
        "id": 1003,
        "alive": false,
        "energycost": 8.928849361675066,
        "final_position": [
          475,
          295
        ],
        "trajectory_length": 11,
        "hist_traj": [
          [
            475,
            375
          ],
          [
            475,
            375
          ],
          [
            475,
            365
          ],
          [
            475,
            355
          ],
          [
            475,
            345
          ],
          [
            475,
            335
          ],
          [
            475,
            325
          ],
          [
            475,
            315
          ],
          [
            485,
            305
          ],
          [
            485,
            305
          ],
          [
            475,
            295
          ]
        ],
        "explored_cells": 774,
        "has_goal": true,
        "goal_position": [
          465,
          285
        ]
      },
      {
        "id": 1008,
        "alive": false,
        "energycost": 22.58570361116745,
        "final_position": [
          555,
          255
        ],
        "trajectory_length": 23,
        "hist_traj": [
          [
            475,
            375
          ],
          [
            475,
            375
          ],
          [
            485,
            375
          ],
          [
            495,
            375
          ],
          [
            505,
            375
          ],
          [
            515,
            375
          ],
          [
            525,
            375
          ],
          [
            535,
            375
          ],
          [
            545,
            385
          ],
          [
            545,
            385
          ],
          [
            545,
            375
          ],
          [
            545,
            365
          ],
          [
            535,
            355
          ],
          [
            525,
            345
          ],
          [
            525,
            335
          ],
          [
            525,
            325
          ],
          [
            525,
            315
          ],
          [
            535,
            305
          ],
          [
            535,
            295
          ],
          [
            545,
            285
          ],
          [
            545,
            275
          ],
          [
            545,
            265
          ],
          [
            555,
            255
          ]
        ],
        "explored_cells": 889,
        "has_goal": false,
        "goal_position": null
      },
      {
        "id": 1005,
        "alive": false,
        "energycost": 24.171490048794354,
        "final_position": [
          465,
          295
        ],
        "trajectory_length": 25,
        "hist_traj": [
          [
            475,
            375
          ],
          [
            475,
            375
          ],
          [
            465,
            385
          ],
          [
            465,
            395
          ],
          [
            455,
            405
          ],
          [
            445,
            405
          ],
          [
            435,
            405
          ],
          [
            425,
            415
          ],
          [
            415,
            415
          ],
          [
            415,
            415
          ],
          [
            425,
            405
          ],
          [
            435,
            405
          ],
          [
            445,
            405
          ],
          [
            455,
            405
          ],
          [
            465,
            395
          ],
          [
            465,
            385
          ],
          [
            465,
            375
          ],
          [
            465,
            365
          ],
          [
            465,
            355
          ],
          [
            465,
            345
          ],
          [
            465,
            335
          ],
          [
            465,
            325
          ],
          [
            465,
            315
          ],
          [
            465,
            305
          ],
          [
            465,
            295
          ]
        ],
        "explored_cells": 839,
        "has_goal": true,
        "goal_position": [
          475,
          285
        ]
      }
    ],
    "large_agents": [
      {
        "id": 2,
        "alive": false,
        "energycost": 34.82826147182728,
        "final_position": [
          475,
          295
        ],
        "trajectory_length": 17,
        "hist_traj": [
          [
            475,
            375
          ],
          [
            475,
            375
          ],
          [
            485,
            375
          ],
          [
            495,
            375
          ],
          [
            505,
            375
          ],
          [
            515,
            375
          ],
          [
            525,
            375
          ],
          [
            535,
            365
          ],
          [
            545,
            365
          ],
          [
            545,
            365
          ],
          [
            535,
            355
          ],
          [
            525,
            345
          ],
          [
            515,
            335
          ],
          [
            505,
            325
          ],
          [
            495,
            315
          ],
          [
            485,
            305
          ],
          [
            475,
            295
          ]
        ],
        "known_cells": 1041,
        "total_cells": 7000,
        "known_percentage": 14.871428571428572,
        "son_agents": [
          1006,
          1007,
          1008
        ]
      },
      {
        "id": 0,
        "alive": false,
        "energycost": 102.0830954677663,
        "final_position": [
          465,
          295
        ],
        "trajectory_length": 45,