{
  "metadata": {
    "timestamp": "20251124_215213",
    "simulation_time": "2.36s",
    "result": "failure",
    "screenshot_path": "simulation_screenshots/sim_20251124_215213_final_failure.png"
  },
  "statistics": {
    "simulation_duration": 2.3589999999999938,
    "alive_small_agents": 0,
    "total_small_agents": 6,
    "alive_large_agents": 0,
    "total_large_agents": 3,
    "map_id": 10,
    "spawn_times": 12,
    "dead_agents": 37,
    "coverage_percentage": 0.0,
    "victim_rescued": false,
    "obstacles_count": 10,
    "danger_zones_count": 15,
    "explored_safe_count": 70
  },
  "agent_details": {
    "small_agents": [
      {
        "id": 1007,
        "alive": false,
        "energycost": 5.462553148040729,
        "final_position": [
          225,
          395
        ],
        "trajectory_length": 7,
        "hist_traj": [
          [
            274,
            390
          ],
          [
            275,
            395
          ],
          [
            265,
            395
          ],
          [
            255,
            395
          ],
          [
            245,
            395
          ],
          [
            235,
            395
          ],
          [
            225,
            395
          ]
        ],
        "explored_cells": 729,
        "has_goal": true,
        "goal_position": [
          215,
          395
        ]
      },
      {
        "id": 1002,
        "alive": false,
        "energycost": 15.533620959906205,
        "final_position": [
          175,
          475
        ],
        "trajectory_length": 16,
        "hist_traj": [
          [
            274,
            390
          ],
          [
            275,
            395
          ],
          [
            265,
            405
          ],
          [
            265,
            415
          ],
          [
            255,
            425
          ],
          [
            255,
            435
          ],
          [
            245,
            445
          ],
          [
            245,
            455
          ],
          [
            245,
            455
          ],
          [
            235,
            455
          ],
          [
            225,
            455
          ],
          [
            215,
            465
          ],
          [
            205,
            465
          ],
          [
            195,
            475
          ],
          [
            185,
            475
          ],
          [
            175,
            475
          ]
        ],
        "explored_cells": 834,
        "has_goal": true,
        "goal_position": [
          165,
          485
        ]
      },
      {
        "id": 1004,
        "alive": false,
        "energycost": 20.01890233414478,
        "final_position": [
          225,
          405
        ],
        "trajectory_length": 18,
        "hist_traj": [
          [
            274,
            390
          ],
          [
            275,
            395
          ],
          [
            275,
            385
          ],
          [
            285,
            375
          ],
          [
            285,
            365
          ],
          [
            295,
            355
          ],
          [
            295,
            345
          ],
          [
            305,
            335
          ],
          [
            305,
            325
          ],
          [
            305,
            325
          ],
          [
            295,
            335
          ],
          [
            285,
            345
          ],
          [
            275,
            355
          ],
          [
            265,
            365
          ],
          [
            255,
            375
          ],
          [
            245,
            385
          ],
          [
            235,
            395
          ],
          [
            225,
            405
          ]
        ],
        "explored_cells": 820,
        "has_goal": true,
        "goal_position": [
          215,
          415
        ]
      },
      {
        "id": 1001,
        "alive": false,
        "energycost": 18.9478345222793,
        "final_position": [
          335,
          475
        ],
        "trajectory_length": 20,
        "hist_traj": [
          [
            274,
            390
          ],
          [
            275,
            395
          ],
          [
            285,
            395
          ],
          [
            295,
            395
          ],
          [
            305,
            385
          ],
          [
            315,
            385
          ],
          [
            325,
            375
          ],
          [
            335,
            375
          ],
          [
            335,
            375
          ],
          [
            335,
            385
          ],
          [
            335,
            395
          ],
          [
            335,
            405
          ],
          [
            345,
            415
          ],
          [
            345,
            425
          ],
          [
            345,
            435
          ],
          [
            355,
            445
          ],
          [
            355,
            445
          ],
          [
            345,
            455
          ],
          [
            335,
            465
          ],
          [
            335,
            475
          ]
        ],
        "explored_cells": 833,
        "has_goal": true,
        "goal_position": [
          335,
          485
        ]
      },
      {
        "id": 1003,
        "alive": false,
        "energycost": 21.19047520939859,
        "final_position": [
          175,
          375
        ],
        "trajectory_length": 21,
        "hist_traj": [
          [
            274,
            390
          ],
          [
            275,
            395
          ],
          [
            265,
            385
          ],
          [
            255,
            375
          ],
          [
            245,
            365
          ],
          [
            235,
            355
          ],
          [
            225,
            345
          ],
          [
            225,
            335
          ],
          [
            225,
            335
          ],
          [
            215,
            335
          ],
          [
            205,
            335
          ],
          [
            195,
            335
          ],
          [
            185,
            335
          ],
          [
            175,
            335
          ],
          [
            165,
            335
          ],
          [
            155,
            335
          ],
          [
            145,
            345
          ],
          [
            145,
            345
          ],
          [
            155,
            355
          ],
          [
            165,
            365
          ],
          [
            175,
            375
          ]
        ],
        "explored_cells": 871,
        "has_goal": true,
        "goal_position": [
          185,
          385
        ]
      },
      {
        "id": 1000,
        "alive": false,
        "energycost": 26.604688771771684,
        "final_position": [
          215,
          375
        ],
        "trajectory_length": 26,