{
  "metadata": {
    "timestamp": "20251124_220335",
    "simulation_time": "2.43s",
    "result": "failure",
    "screenshot_path": "simulation_screenshots/sim_20251124_220335_final_failure.png"
  },
  "statistics": {
    "simulation_duration": 2.432999999999996,
    "alive_small_agents": 0,
    "total_small_agents": 6,
    "alive_large_agents": 0,
    "total_large_agents": 3,
    "map_id": 11,
    "spawn_times": 9,
    "dead_agents": 33,
    "coverage_percentage": 0.0,
    "victim_rescued": false,
    "obstacles_count": 10,
    "danger_zones_count": 15,
    "explored_safe_count": 70
  },
  "agent_details": {
    "small_agents": [
      {
        "id": 1005,
        "alive": false,
        "energycost": 33.87410032724799,
        "final_position": [
          345,
          125
        ],
        "trajectory_length": 36,
        "hist_traj": [
          [
            403,
            83
          ],
          [
            405,
            85
          ],
          [
            415,
            95
          ],
          [
            425,
            95
          ],
          [
            435,
            105
          ],
          [
            445,
            105
          ],
          [
            455,
            105
          ],
          [
            465,
            115
          ],
          [
            465,
            115
          ],
          [
            455,
            115
          ],
          [
            445,
            115
          ],
          [
            435,
            115
          ],
          [
            425,
            115
          ],
          [
            415,
            115
          ],
          [
            405,
            115
          ],
          [
            395,
            115
          ],
          [
            385,
            115
          ],
          [
            375,
            115
          ],
          [
            365,
            115
          ],
          [
            355,
            115
          ],
          [
            345,
            115
          ],
          [
            335,
            115
          ],
          [
            325,
            115
          ],
          [
            315,
            115
          ],
          [
            305,
            115
          ],
          [
            295,
            115
          ],
          [
            285,
            115
          ],
          [
            275,
            125
          ],
          [
            275,
            125
          ],
          [
            285,
            125
          ],
          [
            295,
            125
          ],
          [
            305,
            125
          ],
          [
            315,
            125
          ],
          [
            325,
            125
          ],
          [
            335,
            125
          ],
          [
            345,
            125
          ]
        ],
        "explored_cells": 786,
        "has_goal": true,
        "goal_position": [
          355,
          125
        ]
      },
      {
        "id": 1008,
        "alive": false,
        "energycost": 24.773595263859658,
        "final_position": [
          605,
          135
        ],
        "trajectory_length": 24,
        "hist_traj": [
          [
            403,
            83
          ],
          [
            405,
            85
          ],
          [
            415,
            95
          ],
          [
            425,
            105
          ],
          [
            435,
            115
          ],
          [
            445,
            125
          ],
          [
            455,
            135
          ],
          [
            455,
            135
          ],
          [
            465,
            135
          ],
          [
            475,
            135
          ],
          [
            485,
            125
          ],
          [
            495,
            125
          ],
          [
            505,
            115
          ],
          [
            515,
            115
          ],
          [
            525,
            105
          ],
          [
            535,
            105
          ],
          [
            535,
            105
          ],
          [
            545,
            105
          ],
          [
            555,
            115
          ],
          [
            565,
            115
          ],
          [
            575,
            125
          ],
          [
            585,
            125
          ],
          [
            595,
            135
          ],
          [
            605,
            135
          ]
        ],
        "explored_cells": 788,
        "has_goal": false,
        "goal_position": null
      },
      {
        "id": 1000,
        "alive": false,
        "energycost": 37.01623595097894,
        "final_position": [
          355,
          145
        ],
        "trajectory_length": 35,
        "hist_traj": [
          [
            403,
            83
          ],
          [
            405,
            85
          ],
          [
            415,
            75
          ],
          [
            425,
            65
          ],
          [
            435,
            55
          ],
          [
            445,
            55
          ],
          [
            455,
            45
          ],
          [
            465,
            45
          ],
          [
            465,
            45
          ],
          [
            475,
            45
          ],
          [
            485,
            45
          ],
          [
            495,
            45
          ],
          [
            505,
            45
          ],
          [
            515,
            45
          ],
          [
            525,
            45
          ],
          [
            535,
            55
          ],
          [
            535,
            55
          ],
          [
            525,
            65
          ],
          [
            515,
            65
          ],
          [
            505,
            75
          ],
          [
            495,
            75
          ],
          [
            485,
            85
          ],
          [
            475,
            85
          ],
          [
            465,
            95
          ],
          [
            455,
            95
          ],
          [
            445,
            95
          ],
          [
            435,
            105
          ],
          [
            425,
            105
          ],
          [
            415,
            115
          ],
          [
            405,
            115
          ],
          [
            395,
            125
          ],
          [
            385,
            125
          ],
          [
            375,
            135
          ],
          [
            365,
            135
          ],
          [
            355,
            145
          ]
        ],
        "explored_cells": 790,
        "has_goal": true,
        "goal_position": [
          345,
          145
        ]
      }
    ],
    "large_agents": [
      {
        "id": 1,
        "alive": false,
        "energycost": 15.748200654495976,
        "final_position": [
          345,
          125
        ],
        "trajectory_length": 8,
        "hist_traj": [
          [
            403,
            83
          ],
          [
            405,
            85
          ],
          [
            395,
            95
          ],
          [
            385,
            105
          ],
          [
            375,
            115
          ],
          [
            365,
            115
          ],
          [
            355,
            115
          ],
          [
            345,
            125
          ]
        ],
        "known_cells": 678,
        "total_cells": 7000,
        "known_percentage": 9.685714285714287,