{
  "metadata": {
    "timestamp": "20251124_213842",
    "simulation_time": "2.16s",
    "result": "failure",
    "screenshot_path": "simulation_screenshots/sim_20251124_213842_final_failure.png"
  },
  "statistics": {
    "simulation_duration": 2.156999999999997,
    "alive_small_agents": 0,
    "total_small_agents": 6,
    "alive_large_agents": 0,
    "total_large_agents": 3,
    "map_id": 8,
    "spawn_times": 10,
    "dead_agents": 34,
    "coverage_percentage": 0.0,
    "victim_rescued": false,
    "obstacles_count": 10,
    "danger_zones_count": 15,
    "explored_safe_count": 70
  },
  "agent_details": {
    "small_agents": [
      {
        "id": 1003,
        "alive": false,
        "energycost": 13.22561307894103,
        "final_position": [
          615,
          545
        ],
        "trajectory_length": 12,
        "hist_traj": [
          [
            705,
            559
          ],
          [
            705,
            555
          ],
          [
            695,
            545
          ],
          [
            685,
            535
          ],
          [
            675,
            525
          ],
          [
            665,
            515
          ],
          [
            655,
            505
          ],
          [
            655,
            505
          ],
          [
            645,
            515
          ],
          [
            635,
            525
          ],
          [
            625,
            535
          ],
          [
            615,
            545
          ]
        ],
        "explored_cells": 823,
        "has_goal": true,
        "goal_position": [
          605,
          555
        ]
      },
      {
        "id": 1007,
        "alive": false,
        "energycost": 20.468253766060318,
        "final_position": [
          815,
          515
        ],
        "trajectory_length": 19,
        "hist_traj": [
          [
            705,
            559
          ],
          [
            705,
            555
          ],
          [
            715,
            565
          ],
          [
            725,
            575
          ],
          [
            735,
            585
          ],
          [
            745,
            585
          ],
          [
            755,
            585
          ],
          [
            765,
            595
          ],
          [
            765,
            595
          ],
          [
            775,
            585
          ],
          [
            785,
            575
          ],
          [
            795,
            565
          ],
          [
            805,
            555
          ],
          [
            815,
            545
          ],
          [
            825,
            535
          ],
          [
            835,
            535
          ],
          [
            835,
            535
          ],
          [
            825,
            525
          ],
          [
            815,
            515
          ]
        ],
        "explored_cells": 895,
        "has_goal": true,
        "goal_position": [
          805,
          505
        ]
      },
      {
        "id": 1002,
        "alive": false,
        "energycost": 40.710894453179584,
        "final_position": [
          795,
          495
        ],
        "trajectory_length": 38,
        "hist_traj": [
          [
            705,
            559
          ],
          [
            705,
            555
          ],
          [
            705,
            565
          ],
          [
            695,
            575
          ],
          [
            695,
            585
          ],
          [
            685,
            595
          ],
          [
            685,
            605
          ],
          [
            675,
            615
          ],
          [
            675,
            625
          ],
          [
            675,
            625
          ],
          [
            675,
            615
          ],
          [
            675,
            605
          ],
          [
            675,
            595
          ],
          [
            675,
            585
          ],
          [
            675,
            575
          ],
          [
            675,
            565
          ],
          [
            675,
            555
          ],
          [
            675,
            545
          ],
          [
            675,
            535
          ],
          [
            675,
            525
          ],
          [
            685,
            515
          ],
          [
            685,
            505
          ],
          [
            695,
            495
          ],
          [
            695,
            485
          ],
          [
            705,
            475
          ],
          [
            705,
            465
          ],
          [
            715,
            455
          ],
          [
            715,
            445
          ],
          [
            715,
            435
          ],
          [
            725,
            425
          ],
          [
            725,
            425
          ],
          [
            735,
            435
          ],
          [
            745,
            445
          ],
          [
            755,
            455
          ],
          [
            765,
            465
          ],
          [
            775,
            475
          ],
          [
            785,
            485
          ],
          [
            795,
            495
          ]
        ],
        "explored_cells": 1057,
        "has_goal": true,
        "goal_position": [
          805,
          505
        ]
      },
      {
        "id": 1008,
        "alive": false,
        "energycost": 30.63982664131413,
        "final_position": [
          595,
          525
        ],
        "trajectory_length": 30,
        "hist_traj": [
          [
            705,
            559
          ],
          [
            705,
            555
          ],
          [
            715,
            545
          ],
          [
            715,
            535
          ],
          [
            725,
            525
          ],
          [
            725,
            515
          ],
          [
            725,
            505
          ],
          [
            735,
            495
          ],
          [
            735,
            495
          ],
          [
            725,
            495
          ],
          [
            715,
            495
          ],
          [
            705,
            485
          ],
          [
            695,
            485
          ],
          [
            685,
            475
          ],
          [
            675,
            475
          ],
          [
            665,
            465
          ],
          [
            655,
            465
          ],
          [
            645,
            455
          ],
          [
            635,
            455
          ],
          [
            625,
            445
          ],
          [
            615,
            445
          ],
          [
            615,
            445
          ],
          [
            615,
            455
          ],
          [
            615,
            465
          ],
          [
            615,
            475
          ],
          [
            615,
            485
          ],
          [
            605,
            495
          ],
          [
            605,
            505
          ],
          [
            595,
            515
          ],
          [
            595,
            525
          ]
        ],
        "explored_cells": 968,
        "has_goal": true,
        "goal_position": [
          585,
          535
        ]
      }
    ],
    "large_agents": [
      {
        "id": 1,
        "alive": false,
        "energycost": 48.108080407374445,