{
  "metadata": {
    "timestamp": "20251124_220913",
    "simulation_time": "4.17s",
    "result": "failure",
    "screenshot_path": "simulation_screenshots/sim_20251124_220913_final_failure.png"
  },
  "statistics": {
    "simulation_duration": 4.1669999999999865,
    "alive_small_agents": 0,
    "total_small_agents": 6,
    "alive_large_agents": 0,
    "total_large_agents": 3,
    "map_id": 12,
    "spawn_times": 9,
    "dead_agents": 33,
    "coverage_percentage": 0.0,
    "victim_rescued": false,
    "obstacles_count": 10,
    "danger_zones_count": 15,
    "explored_safe_count": 70
  },
  "agent_details": {
    "small_agents": [
      {
        "id": 1004,
        "alive": false,
        "energycost": 8.51463579930197,
        "final_position": [
          485,
          295
        ],
        "trajectory_length": 11,
        "hist_traj": [
          [
            475,
            375
          ],
          [
            475,
            375
          ],
          [
            475,
            365
          ],
          [
            475,
            355
          ],
          [
            475,
            345
          ],
          [
            475,
            335
          ],
          [
            475,
            325
          ],
          [
            475,
            315
          ],
          [
            485,
            305
          ],
          [
            485,
            305
          ],
          [
            485,
            295
          ]
        ],
        "explored_cells": 774,
        "has_goal": true,
        "goal_position": [
          485,
          285
        ]
      },
      {
        "id": 1006,
        "alive": false,
        "energycost": 23.828344298286734,
        "final_position": [
          465,
          295
        ],
        "trajectory_length": 23,
        "hist_traj": [
          [
            475,
            375
          ],
          [
            475,
            375
          ],
          [
            485,
            385
          ],
          [
            495,
            395
          ],
          [
            505,
            405
          ],
          [
            505,
            415
          ],
          [
            505,
            425
          ],
          [
            515,
            435
          ],
          [
            515,
            435
          ],
          [
            515,
            425
          ],
          [
            515,
            415
          ],
          [
            515,
            405
          ],
          [
            515,
            395
          ],
          [
            505,
            385
          ],
          [
            505,
            375
          ],
          [
            495,
            365
          ],
          [
            495,
            355
          ],
          [
            495,
            345
          ],
          [
            485,
            335
          ],
          [
            485,
            325
          ],
          [
            475,
            315
          ],
          [
            475,
            305
          ],
          [
            465,
            295
          ]
        ],
        "explored_cells": 870,
        "has_goal": true,
        "goal_position": [
          465,
          285
        ]
      },
      {
        "id": 1003,
        "alive": false,
        "energycost": 57.313625672525276,
        "final_position": [
          495,
          235
        ],
        "trajectory_length": 56,
        "hist_traj": [
          [
            475,
            375
          ],
          [
            475,
            375
          ],
          [
            475,
            385
          ],
          [
            475,
            395
          ],
          [
            475,
            405
          ],
          [
            475,
            415
          ],
          [
            475,
            425
          ],
          [
            475,
            435
          ],
          [
            485,
            445
          ],
          [
            485,
            445
          ],
          [
            475,
            445
          ],
          [
            465,
            445
          ],
          [
            455,
            445
          ],
          [
            445,
            445
          ],
          [
            435,
            445
          ],
          [
            425,
            445
          ],
          [
            415,
            435
          ],
          [
            405,
            435
          ],
          [
            395,
            425
          ],
          [
            385,
            425
          ],
          [
            375,
            415
          ],
          [
            365,
            415
          ],
          [
            355,
            405
          ],
          [
            345,
            405
          ],
          [
            345,
            405
          ],
          [
            345,
            395
          ],
          [
            345,
            385
          ],
          [
            345,
            375
          ],
          [
            345,
            365
          ],
          [
            345,
            355
          ],
          [
            345,
            345
          ],
          [
            345,
            335
          ],
          [
            345,
            325
          ],
          [
            345,
            315
          ],
          [
            345,
            305
          ],
          [
            345,
            295
          ],
          [
            355,
            285
          ],
          [
            365,
            275
          ],
          [
            375,
            265
          ],
          [
            385,
            255
          ],
          [
            395,
            245
          ],
          [
            405,
            235
          ],
          [
            415,
            235
          ],
          [
            425,
            225
          ],
          [
            435,
            225
          ],
          [
            445,
            215
          ],
          [
            455,
            215
          ],
          [
            465,
            205
          ],
          [
            475,
            205
          ],
          [
            485,
            195
          ],
          [
            495,
            195
          ],
          [
            495,
            195
          ],
          [
            495,
            205
          ],
          [
            495,
            215
          ],
          [
            495,
            225
          ],
          [
            495,
            235
          ]
        ],
        "explored_cells": 1256,
        "has_goal": true,
        "goal_position": [
          505,
          245
        ]
      }
    ],
    "large_agents": [
      {
        "id": 0,
        "alive": false,
        "energycost": 17.857698723350133,
        "final_position": [
          475,
          295
        ],
        "trajectory_length": 11,
        "hist_traj": [
          [
            475,
            375
          ],
          [
            475,
            375
          ],
          [
            475,
            365
          ],
          [
            475,
            355
          ],
          [
            475,
            345
          ],
          [
            475,
            335
          ],
          [
            475,
            325
          ],
          [
            465,
            315
          ],
          [
            465,
            305
          ],
          [
            465,
            305
          ],
          [
            475,
            295
          ]
        ],
        "known_cells": 902,
        "total_cells": 7000,
        "known_percentage": 12.885714285714286,