{
  "metadata": {
    "timestamp": "20251124_203644",
    "simulation_time": "2.09s",
    "result": "failure",
    "screenshot_path": "simulation_screenshots/sim_20251124_203644_final_failure.png"
  },
  "statistics": {
    "simulation_duration": 2.091999999999998,
    "alive_small_agents": 0,
    "total_small_agents": 6,
    "alive_large_agents": 0,
    "total_large_agents": 3,
    "map_id": 3,
    "spawn_times": 9,
    "dead_agents": 33,
    "coverage_percentage": 0.0,
    "victim_rescued": false,
    "obstacles_count": 10,
    "danger_zones_count": 15,
    "explored_safe_count": 70
  },
  "agent_details": {
    "small_agents": [
      {
        "id": 1001,
        "alive": false,
        "energycost": 9.456965774970946,
        "final_position": [
          825,
          165
        ],
        "trajectory_length": 11,
        "hist_traj": [
          [
            815,
            247
          ],
          [
            815,
            245
          ],
          [
            815,
            235
          ],
          [
            815,
            225
          ],
          [
            815,
            215
          ],
          [
            815,
            205
          ],
          [
            805,
            195
          ],
          [
            805,
            185
          ],
          [
            805,
            185
          ],
          [
            815,
            175
          ],
          [
            825,
            165
          ]
        ],
        "explored_cells": 655,
        "has_goal": true,
        "goal_position": [
          835,
          155
        ]
      },
      {
        "id": 1002,
        "alive": false,
        "energycost": 12.87117933734404,
        "final_position": [
          835,
          175
        ],
        "trajectory_length": 14,
        "hist_traj": [
          [
            815,
            247
          ],
          [
            815,
            245
          ],
          [
            805,
            235
          ],
          [
            805,
            225
          ],
          [
            795,
            215
          ],
          [
            795,
            205
          ],
          [
            785,
            195
          ],
          [
            785,
            185
          ],
          [
            785,
            185
          ],
          [
            795,
            185
          ],
          [
            805,
            185
          ],
          [
            815,
            185
          ],
          [
            825,
            185
          ],
          [
            835,
            175
          ]
        ],
        "explored_cells": 681,
        "has_goal": true,
        "goal_position": [
          845,
          175
        ]
      },
      {
        "id": 1008,
        "alive": false,
        "energycost": 21.770674273955713,
        "final_position": [
          825,
          175
        ],
        "trajectory_length": 20,
        "hist_traj": [
          [
            815,
            247
          ],
          [
            815,
            245
          ],
          [
            805,
            255
          ],
          [
            795,
            265
          ],
          [
            785,
            275
          ],
          [
            775,
            275
          ],
          [
            765,
            275
          ],
          [
            755,
            285
          ],
          [
            755,
            285
          ],
          [
            765,
            275
          ],
          [
            775,
            265
          ],
          [
            785,
            255
          ],
          [
            795,
            245
          ],
          [
            805,
            235
          ],
          [
            805,
            225
          ],
          [
            805,
            215
          ],
          [
            815,
            205
          ],
          [
            815,
            195
          ],
          [
            825,
            185
          ],
          [
            825,
            175
          ]
        ],
        "explored_cells": 732,
        "has_goal": true,
        "goal_position": [
          835,
          165
        ]
      }
    ],
    "large_agents": [
      {
        "id": 0,
        "alive": false,
        "energycost": 50.22764004892666,
        "final_position": [
          765,
          345
        ],
        "trajectory_length": 25,
        "hist_traj": [
          [
            815,
            247
          ],
          [
            815,
            245
          ],
          [
            815,
            235
          ],
          [
            815,
            225
          ],
          [
            815,
            215
          ],
          [
            815,
            205
          ],
          [
            815,
            195
          ],
          [
            825,
            185
          ],
          [
            825,
            185
          ],
          [
            825,
            195
          ],
          [
            825,
            205
          ],
          [
            825,
            215
          ],
          [
            825,
            225
          ],
          [
            815,
            235
          ],
          [
            815,
            245
          ],
          [
            805,
            255
          ],
          [
            805,
            265
          ],
          [
            805,
            275
          ],
          [
            795,
            285
          ],
          [
            795,
            295
          ],
          [
            785,
            305
          ],
          [
            785,
            315
          ],
          [
            775,
            325
          ],
          [
            775,
            335
          ],
          [
            765,
            345
          ]
        ],
        "known_cells": 1195,
        "total_cells": 7000,
        "known_percentage": 17.07142857142857,
        "son_agents": [
          1000,
          1009,
          1010
        ]
      },
      {
        "id": 2,
        "alive": false,
        "energycost": 57.056067173672844,
        "final_position": [
          795,
          355
        ],
        "trajectory_length": 28,