{
  "metadata": {
    "timestamp": "20251124_195439",
    "simulation_time": "2.40s",
    "result": "failure",
    "screenshot_path": "simulation_screenshots/sim_20251124_195439_final_failure.png"
  },
  "statistics": {
    "simulation_duration": 2.404999999999995,
    "alive_small_agents": 0,
    "total_small_agents": 6,
    "alive_large_agents": 0,
    "total_large_agents": 3,
    "map_id": 1,
    "spawn_times": 7,
    "dead_agents": 31,
    "coverage_percentage": 0.0,
    "victim_rescued": false,
    "obstacles_count": 10,
    "danger_zones_count": 15,
    "explored_safe_count": 70
  },
  "agent_details": {
    "small_agents": [
      {
        "id": 1007,
        "alive": false,
        "energycost": 55.31624355948547,
        "final_position": [
          625,
          135
        ],
        "trajectory_length": 50,
        "hist_traj": [
          [
            723,
            273
          ],
          [
            725,
            275
          ],
          [
            715,
            285
          ],
          [
            705,
            295
          ],
          [
            695,
            305
          ],
          [
            685,
            305
          ],
          [
            675,
            305
          ],
          [
            665,
            315
          ],
          [
            665,
            315
          ],
          [
            675,
            305
          ],
          [
            685,
            295
          ],
          [
            695,
            285
          ],
          [
            705,
            275
          ],
          [
            715,
            265
          ],
          [
            725,
            255
          ],
          [
            735,
            245
          ],
          [
            745,
            245
          ],
          [
            755,
            245
          ],
          [
            765,
            245
          ],
          [
            775,
            235
          ],
          [
            785,
            225
          ],
          [
            795,
            215
          ],
          [
            805,
            215
          ],
          [
            815,
            205
          ],
          [
            825,
            205
          ],
          [
            835,
            195
          ],
          [
            845,
            195
          ],
          [
            845,
            195
          ],
          [
            835,
            195
          ],
          [
            825,
            195
          ],
          [
            815,
            195
          ],
          [
            805,
            195
          ],
          [
            795,
            195
          ],
          [
            785,
            195
          ],
          [
            775,
            195
          ],
          [
            765,
            195
          ],
          [
            755,
            195
          ],
          [
            745,
            195
          ],
          [
            735,
            185
          ],
          [
            725,
            185
          ],
          [
            715,
            185
          ],
          [
            705,
            175
          ],
          [
            695,
            175
          ],
          [
            685,
            165
          ],
          [
            675,
            165
          ],
          [
            665,
            155
          ],
          [
            655,
            155
          ],
          [
            645,
            145
          ],
          [
            635,
            145
          ],
          [
            625,
            135
          ]
        ],
        "explored_cells": 1004,
        "has_goal": true,
        "goal_position": [
          615,
          135
        ]
      }
    ],
    "large_agents": [
      {
        "id": 1,
        "alive": false,
        "energycost": 48.00507012100146,
        "final_position": [
          625,
          215
        ],
        "trajectory_length": 21,
        "hist_traj": [
          [
            723,
            273
          ],
          [
            725,
            275
          ],
          [
            725,
            285
          ],
          [
            725,
            295
          ],
          [
            735,
            305
          ],
          [
            735,
            315
          ],
          [
            735,
            325
          ],
          [
            745,
            335
          ],
          [
            745,
            335
          ],
          [
            735,
            325
          ],
          [
            725,
            315
          ],
          [
            715,
            305
          ],
          [
            705,
            295
          ],
          [
            695,
            285
          ],
          [
            685,
            275
          ],
          [
            675,
            265
          ],
          [
            665,
            255
          ],
          [
            655,
            245
          ],
          [
            645,
            235
          ],
          [
            635,
            225
          ],
          [
            625,
            215
          ]
        ],
        "known_cells": 1008,
        "total_cells": 7000,
        "known_percentage": 14.399999999999999,
        "son_agents": [
          1003,
          1004,
          1005
        ]
      },
      {
        "id": 2,
        "alive": false,
        "energycost": 77.51978874676286,
        "final_position": [
          625,
          225
        ],
        "trajectory_length": 38,
        "hist_traj": [
          [
            723,
            273
          ],
          [
            725,
            275
          ],
          [
            725,
            285
          ],
          [
            725,
            295
          ],
          [
            725,
            305
          ],
          [
            725,
            315
          ],
          [
            725,
            325
          ],
          [
            725,
            335
          ],
          [
            725,
            335
          ],
          [
            725,
            325
          ],
          [
            725,
            315
          ],
          [
            725,
            305
          ],
          [
            725,
            295
          ],
          [
            725,
            285
          ],
          [
            735,
            275
          ],
          [
            745,
            265
          ],
          [
            755,
            255
          ],
          [
            765,
            245
          ],
          [
            775,
            235
          ],
          [
            775,
            225
          ],
          [
            775,
            215
          ],
          [
            775,
            205
          ],
          [
            765,
            195
          ],
          [
            755,
            195
          ],
          [
            745,
            195
          ],
          [
            735,
            195
          ],
          [
            725,
            185
          ],
          [
            715,
            185
          ],
          [
            715,
            185
          ],
          [
            705,
            195
          ],
          [
            695,
            195
          ],
          [
            685,
            195
          ],
          [
            675,
            195
          ],
          [
            665,
            195
          ],
          [
            655,
            195
          ],
          [
            645,
            205
          ],
          [
            635,
            215
          ],
          [
            625,
            225
          ]
        ],