{
  "metadata": {
    "timestamp": "20251124_215601",
    "simulation_time": "2.08s",
    "result": "failure",
    "screenshot_path": "simulation_screenshots/sim_20251124_215601_final_failure.png"
  },
  "statistics": {
    "simulation_duration": 2.0809999999999946,
    "alive_small_agents": 0,
    "total_small_agents": 6,
    "alive_large_agents": 0,
    "total_large_agents": 3,
    "map_id": 10,
    "spawn_times": 10,
    "dead_agents": 34,
    "coverage_percentage": 0.0,
    "victim_rescued": false,
    "obstacles_count": 10,
    "danger_zones_count": 15,
    "explored_safe_count": 70
  },
  "agent_details": {
    "small_agents": [
      {
        "id": 1005,
        "alive": false,
        "energycost": 9.705193835160014,
        "final_position": [
          215,
          405
        ],
        "trajectory_length": 11,
        "hist_traj": [
          [
            274,
            390
          ],
          [
            275,
            395
          ],
          [
            265,
            405
          ],
          [
            255,
            405
          ],
          [
            245,
            415
          ],
          [
            235,
            415
          ],
          [
            225,
            415
          ],
          [
            215,
            425
          ],
          [
            215,
            425
          ],
          [
            215,
            415
          ],
          [
            215,
            405
          ]
        ],
        "explored_cells": 768,
        "has_goal": true,
        "goal_position": [
          215,
          395
        ]
      },
      {
        "id": 1001,
        "alive": false,
        "energycost": 12.533620959906205,
        "final_position": [
          225,
          375
        ],
        "trajectory_length": 13,
        "hist_traj": [
          [
            274,
            390
          ],
          [
            275,
            395
          ],
          [
            265,
            385
          ],
          [
            255,
            375
          ],
          [
            245,
            365
          ],
          [
            235,
            355
          ],
          [
            225,
            345
          ],
          [
            225,
            335
          ],
          [
            225,
            335
          ],
          [
            225,
            345
          ],
          [
            225,
            355
          ],
          [
            225,
            365
          ],
          [
            225,
            375
          ]
        ],
        "explored_cells": 781,
        "has_goal": true,
        "goal_position": [
          225,
          385
        ]
      },
      {
        "id": 1000,
        "alive": false,
        "energycost": 15.947834522279303,
        "final_position": [
          385,
          475
        ],
        "trajectory_length": 17,
        "hist_traj": [
          [
            274,
            390
          ],
          [
            275,
            395
          ],
          [
            285,
            395
          ],
          [
            295,
            395
          ],
          [
            305,
            395
          ],
          [
            315,
            395
          ],
          [
            325,
            395
          ],
          [
            335,
            405
          ],
          [
            335,
            405
          ],
          [
            345,
            415
          ],
          [
            355,
            425
          ],
          [
            365,
            435
          ],
          [
            365,
            445
          ],
          [
            365,
            455
          ],
          [
            375,
            465
          ],
          [
            375,
            465
          ],
          [
            385,
            475
          ]
        ],
        "explored_cells": 835,
        "has_goal": true,
        "goal_position": [
          395,
          485
        ]
      },
      {
        "id": 1002,
        "alive": false,
        "energycost": 24.3620480846524,
        "final_position": [
          165,
          385
        ],
        "trajectory_length": 25,
        "hist_traj": [
          [
            274,
            390
          ],
          [
            275,
            395
          ],
          [
            275,
            385
          ],
          [
            275,
            375
          ],
          [
            275,
            365
          ],
          [
            275,
            355
          ],
          [
            275,
            345
          ],
          [
            265,
            335
          ],
          [
            265,
            325
          ],
          [
            265,
            325
          ],
          [
            255,
            325
          ],
          [
            245,
            325
          ],
          [
            235,
            325
          ],
          [
            225,
            325
          ],
          [
            215,
            335
          ],
          [
            205,
            335
          ],
          [
            195,
            345
          ],
          [
            185,
            345
          ],
          [
            175,
            355
          ],
          [
            165,
            355
          ],
          [
            155,
            355
          ],
          [
            145,
            365
          ],
          [
            145,
            365
          ],
          [
            155,
            375
          ],
          [
            165,
            385
          ]
        ],
        "explored_cells": 915,
        "has_goal": true,
        "goal_position": [
          175,
          395
        ]
      }
    ],
    "large_agents": [
      {
        "id": 0,
        "alive": false,
        "energycost": 10.925106296081458,
        "final_position": [
          225,
          395
        ],
        "trajectory_length": 7,
        "hist_traj": [
          [
            274,
            390
          ],
          [
            275,
            395
          ],
          [
            265,
            395
          ],
          [
            255,
            395
          ],
          [
            245,
            395
          ],
          [
            235,
            395
          ],
          [
            225,
            395
          ]
        ],
        "known_cells": 801,
        "total_cells": 7000,
        "known_percentage": 11.442857142857143,
        "son_agents": [
          1000,
          1001,
          1002
        ]
      },
      {
        "id": 2,
        "alive": false,
        "energycost": 11.753533420827647,
        "final_position": [
          225,
          385
        ],
        "trajectory_length": 7,
        "hist_traj": [
          [
            274,
            390
          ],
          [
            275,
            395
          ],
          [
            265,
            395
          ],
          [
            255,
            395
          ],
          [
            245,
            395
          ],
          [
            235,
            385
          ],
          [
            225,
            385
          ]
        ],
        "known_cells": 820,
        "total_cells": 7000,
        "known_percentage": 11.714285714285715,
        "son_agents": [
          1006,
          1007,
          1008
        ]
      },
      {
        "id": 1,
        "alive": false,
        "energycost": 62.03780466828956,
        "final_position": [
          435,
          405
        ],
        "trajectory_length": 30,