{
  "metadata": {
    "timestamp": "20251121_024131",
    "simulation_time": "21.19s",
    "result": "failure",
    "screenshot_path": "simulation_screenshots/sim_20251121_024131_final_failure.png"
  },
  "statistics": {
    "simulation_duration": 21.192999999999902,
    "alive_small_agents": 0,
    "total_small_agents": 6,
    "alive_large_agents": 0,
    "total_large_agents": 3,
    "map_id": 37,
    "spawn_times": 9,
    "dead_agents": 33,
    "coverage_percentage": 0.0,
    "victim_rescued": false,
    "obstacles_count": 10,
    "danger_zones_count": 15
  },
  "agent_details": {
    "small_agents": [
      {
        "id": 1003,
        "alive": false,
        "energycost": 33.92158895344346,
        "final_position": [
          735,
          205
        ],
        "trajectory_length": 34,
        "hist_traj": [
          [
            934,
            321
          ],
          [
            935,
            325
          ],
          [
            925,
            315
          ],
          [
            915,
            305
          ],
          [
            905,
            295
          ],
          [
            895,
            285
          ],
          [
            895,
            275
          ],
          [
            895,
            275
          ],
          [
            895,
            265
          ],
          [
            895,
            255
          ],
          [
            895,
            245
          ],
          [
            895,
            235
          ],
          [
            885,
            225
          ],
          [
            885,
            215
          ],
          [
            885,
            215
          ],
          [
            875,
            205
          ],
          [
            865,
            195
          ],
          [
            855,
            185
          ],
          [
            845,
            175
          ],
          [
            835,
            175
          ],
          [
            835,
            175
          ],
          [
            825,
            165
          ],
          [
            815,
            165
          ],
          [
            805,
            165
          ],
          [
            795,
            165
          ],
          [
            785,
            165
          ],
          [
            775,
            165
          ],
          [
            765,
            165
          ],
          [
            755,
            165
          ],
          [
            745,
            165
          ],
          [
            735,
            175
          ],
          [
            735,
            185
          ],
          [
            735,
            195
          ],
          [
            735,
            205
          ]
        ],
        "explored_cells": 979,
        "has_goal": true,
        "goal_position": [
          735,
          215
        ]
      },
      {
        "id": 1009,
        "alive": false,
        "energycost": 1.779453329712504,
        "final_position": [
          925,
          335
        ],
        "trajectory_length": 3,
        "hist_traj": [
          [
            934,
            321
          ],
          [
            935,
            325
          ],
          [
            925,
            335
          ]
        ],
        "explored_cells": 1826,
        "has_goal": true,
        "goal_position": [
          915,
          345
        ]
      },
      {
        "id": 1007,
        "alive": false,
        "energycost": 28.850521141577982,
        "final_position": [
          685,
          275
        ],
        "trajectory_length": 32,
        "hist_traj": [
          [
            934,
            321
          ],
          [
            935,
            325
          ],
          [
            925,
            325
          ],
          [
            915,
            325
          ],
          [
            905,
            315
          ],
          [
            895,
            315
          ],
          [
            885,
            305
          ],
          [
            875,
            305
          ],
          [
            875,
            305
          ],
          [
            865,
            305
          ],
          [
            855,
            305
          ],
          [
            845,
            305
          ],
          [
            835,
            305
          ],
          [
            825,
            295
          ],
          [
            815,
            295
          ],
          [
            815,
            295
          ],
          [
            805,
            295
          ],
          [
            795,
            295
          ],
          [
            785,
            295
          ],
          [
            775,
            295
          ],
          [
            765,
            295
          ],
          [
            755,
            305
          ],
          [
            755,
            305
          ],
          [
            745,
            305
          ],
          [
            735,
            305
          ],
          [
            725,
            305
          ],
          [
            715,
            305
          ],
          [
            705,
            295
          ],
          [
            695,
            295
          ],
          [
            695,
            295
          ],
          [
            685,
            285
          ],
          [
            685,
            275
          ]
        ],
        "explored_cells": 973,
        "has_goal": true,
        "goal_position": [
          675,
          265
        ]
      }
    ],
    "large_agents": [
      {
        "id": 2,
        "alive": false,
        "energycost": 3.3033335764479315,
        "final_position": [
          925,
          335
        ],
        "trajectory_length": 2,
        "hist_traj": [
          [
            934,
            321
          ],
          [
            925,
            335
          ]
        ],
        "known_cells": 932,
        "total_cells": 7000,
        "known_percentage": 13.314285714285715,
        "son_agents": [
          1006,
          1007,
          1008
        ]
      },
      {
        "id": 0,
        "alive": false,
        "energycost": 13.550992121368223,
        "final_position": [
          925,
          385
        ],
        "trajectory_length": 7,
        "hist_traj": [
          [
            934,
            321
          ],
          [
            935,
            335
          ],
          [
            935,
            345
          ],
          [
            935,
            355
          ],
          [
            935,
            365
          ],
          [
            935,
            375
          ],
          [
            925,
            385
          ]
        ],
        "known_cells": 1082,
        "total_cells": 7000,
        "known_percentage": 15.457142857142859,
        "son_agents": [
          1000,
          1001,
          1002
        ]
      },
      {
        "id": 1,
        "alive": false,
        "energycost": 66.89776787322964,
        "final_position": [
          775,
          415
        ],
        "trajectory_length": 31,