{
    "scene_1": {
        "avg_simulation_duration": 31.846899999999668,
        "std_simulation_duration": 0.014056671014157727,
        "avg_success_rate": 1.0,
        "std_success_rate": 0.0,
        "avg_dead_agents": 18.0,
        "std_dead_agents": 0.0,
        "avg_coverage_percentage": 97.70000000000006,
        "std_coverage_percentage": 5.684341886080802e-14,
        "avg_total_trajectory_length": 3502.0,
        "std_total_trajectory_length": 0.0,
        "avg_total_energy_cost": 5474.474960659214,
        "std_total_energy_cost": 1.8189894035458565e-12,
        "small_cost_avg_of_exp_avg": 89.82893661410108,
        "small_cost_std_of_exp_avg": 2.842170943040401e-14,
        "small_cost_min": 11.517253686262153,
        "small_cost_max": 354.0807455473032,
        "small_cost_variance": 7776.983018225349,
        "large_cost_avg_of_exp_avg": 1016.3645573594955,
        "large_cost_std_of_exp_avg": 0.0,
        "large_cost_min": 995.6795416613102,
        "large_cost_max": 1029.9083329480595,
        "large_cost_variance": 220.76701397694137
    },
    "scene_2": {
        "avg_simulation_duration": 21.962790000000084,
        "std_simulation_duration": 0.015018851487395086,
        "avg_success_rate": 1.0,
        "std_success_rate": 0.0,
        "avg_dead_agents": 15.0,
        "std_dead_agents": 0.0,
        "avg_coverage_percentage": 76.3142857142857,
        "std_coverage_percentage": 1.4210854715202004e-14,
        "avg_total_trajectory_length": 2627.0,
        "std_total_trajectory_length": 0.0,
        "avg_total_energy_cost": 4252.17822427778,
        "std_total_energy_cost": 0.0,
        "small_cost_avg_of_exp_avg": 64.45129606675437,
        "small_cost_std_of_exp_avg": 0.0,
        "small_cost_min": 0.0,
        "small_cost_max": 122.69114157514386,
        "small_cost_variance": 1676.730453925966,
        "large_cost_avg_of_exp_avg": 901.7823728918917,
        "large_cost_std_of_exp_avg": 0.0,
        "large_cost_min": 682.5947147227646,
        "large_cost_max": 1230.3343127392823,
        "large_cost_variance": 55983.384259384
    },
    "scene_3": {
        "avg_simulation_duration": 24.8641199999998,
        "std_simulation_duration": 0.010033224805625298,
        "avg_success_rate": 1.0,
        "std_success_rate": 0.0,
        "avg_dead_agents": 15.0,
        "std_dead_agents": 0.0,
        "avg_coverage_percentage": 78.24285714285715,
        "std_coverage_percentage": 0.0,
        "avg_total_trajectory_length": 2350.0,
        "std_total_trajectory_length": 0.0,
        "avg_total_energy_cost": 3525.386457038541,
        "std_total_energy_cost": 2.2737367544323206e-12,
        "small_cost_avg_of_exp_avg": 65.61528286537353,
        "small_cost_std_of_exp_avg": 1.4210854715202004e-14,
        "small_cost_min": 5.805972520441741,
        "small_cost_max": 192.64659295400776,
        "small_cost_variance": 2889.0190540719955,
        "large_cost_avg_of_exp_avg": 650.2065560898599,
        "large_cost_std_of_exp_avg": 2.2737367544323206e-13,
        "large_cost_min": 618.2655297474508,
        "large_cost_max": 689.1183434898376,
        "large_cost_variance": 860.9826240630844
    },
    "scene_4": {
        "avg_simulation_duration": 18.042469999999813,
        "std_simulation_duration": 0.010502813908660081,
        "avg_success_rate": 1.0,
        "std_success_rate": 0.0,
        "avg_dead_agents": 12.0,
        "std_dead_agents": 0.0,
        "avg_coverage_percentage": 58.95714285714283,
        "std_coverage_percentage": 2.842170943040401e-14,
        "avg_total_trajectory_length": 1693.0,
        "std_total_trajectory_length": 0.0,
        "avg_total_energy_cost": 2687.7478278663166,
        "std_total_energy_cost": 4.547473508864641e-13,
        "small_cost_avg_of_exp_avg": 55.5952302673132,
        "small_cost_std_of_exp_avg": 7.105427357601002e-15,
        "small_cost_min": 4.417751433523682,
        "small_cost_max": 117.15786680370122,
        "small_cost_variance": 1233.0011488414086,
        "large_cost_avg_of_exp_avg": 506.74933075091315,
        "large_cost_std_of_exp_avg": 5.684341886080802e-14,
        "large_cost_min": 300.8699812334647,
        "large_cost_max": 689.2274447320394,
        "large_cost_variance": 25410.728821487675
    },
    "scene_5": {
        "avg_simulation_duration": 28.2714799999999,
        "std_simulation_duration": 0.011730711828337187,
        "avg_success_rate": 1.0,
        "std_success_rate": 0.0,
        "avg_dead_agents": 17.0,
        "std_dead_agents": 0.0,
        "avg_coverage_percentage": 88.85714285714288,
        "std_coverage_percentage": 1.4210854715202004e-14,
        "avg_total_trajectory_length": 3031.0,
        "std_total_trajectory_length": 0.0,
        "avg_total_energy_cost": 4736.951226311107,
        "std_total_energy_cost": 9.094947017729282e-13,
        "small_cost_avg_of_exp_avg": 77.685243017713,
        "small_cost_std_of_exp_avg": 0.0,
        "small_cost_min": 9.285392899717136,
        "small_cost_max": 178.61129470752195,
        "small_cost_variance": 2357.6636135157614,
        "large_cost_avg_of_exp_avg": 905.7116359501897,
        "large_cost_std_of_exp_avg": 1.1368683772161603e-13,
        "large_cost_min": 834.0425146507145,
        "large_cost_max": 974.9623708731547,
        "large_cost_variance": 3312.658609291914
    }
}