{
    "scene_1": {
        "avg_simulation_duration": 29.688990000000075,
        "std_simulation_duration": 6.786481782919842,
        "avg_success_rate": 1.0,
        "std_success_rate": 0.0,
        "avg_dead_agents": 16.63,
        "std_dead_agents": 3.8875570735360268,
        "avg_coverage_percentage": 80.039,
        "std_coverage_percentage": 11.604789801928288,
        "avg_total_trajectory_length": 2876.41,
        "std_total_trajectory_length": 644.944061062663,
        "avg_total_energy_cost": 4404.591579844191,
        "std_total_energy_cost": 1010.1079521784986,
        "small_cost_avg_of_exp_avg": 81.01099962485888,
        "small_cost_std_of_exp_avg": 12.781584935652594,
        "small_cost_min": 0.0,
        "small_cost_max": 403.5243963611992,
        "small_cost_variance": 4795.125979301531,
        "large_cost_avg_of_exp_avg": 783.3680206850836,
        "large_cost_std_of_exp_avg": 193.95975770886707,
        "large_cost_min": 211.49213725003074,
        "large_cost_max": 1672.8897865040792,
        "large_cost_variance": 60380.355184551365
    },
    "scene_2": {
        "avg_simulation_duration": 26.14236000000005,
        "std_simulation_duration": 6.344861132475864,
        "avg_success_rate": 1.0,
        "std_success_rate": 0.0,
        "avg_dead_agents": 16.72,
        "std_dead_agents": 4.65205331009867,
        "avg_coverage_percentage": 67.27771428571428,
        "std_coverage_percentage": 11.516852836834643,
        "avg_total_trajectory_length": 2389.34,
        "std_total_trajectory_length": 743.1994916575225,
        "avg_total_energy_cost": 3628.9161464471345,
        "std_total_energy_cost": 1170.6125252793881,
        "small_cost_avg_of_exp_avg": 65.5932291116716,
        "small_cost_std_of_exp_avg": 13.23971108910912,
        "small_cost_min": 0.0,
        "small_cost_max": 300.7264092986257,
        "small_cost_variance": 2463.9875123598026,
        "large_cost_avg_of_exp_avg": 650.3317778887154,
        "large_cost_std_of_exp_avg": 226.67148708972738,
        "large_cost_min": 154.74576930357784,
        "large_cost_max": 1871.7017917747985,
        "large_cost_variance": 72815.72067353757
    },
    "scene_3": {
        "avg_simulation_duration": 25.786299999999983,
        "std_simulation_duration": 6.948281854530875,
        "avg_success_rate": 1.0,
        "std_success_rate": 0.0,
        "avg_dead_agents": 13.62,
        "std_dead_agents": 4.869866527945093,
        "avg_coverage_percentage": 71.798,
        "std_coverage_percentage": 14.206300559675514,
        "avg_total_trajectory_length": 2438.94,
        "std_total_trajectory_length": 770.169719217784,
        "avg_total_energy_cost": 3752.2629902151484,
        "std_total_energy_cost": 1259.32032329172,
        "small_cost_avg_of_exp_avg": 76.40515275323474,
        "small_cost_std_of_exp_avg": 16.369389744649688,
        "small_cost_min": 0.0,
        "small_cost_max": 336.5351762617737,
        "small_cost_variance": 3022.8417671755947,
        "large_cost_avg_of_exp_avg": 680.0993853653622,
        "large_cost_std_of_exp_avg": 260.60352738965446,
        "large_cost_min": 205.90829975708098,
        "large_cost_max": 2036.942927993439,
        "large_cost_variance": 91405.57207889191
    },
    "scene_4": {
        "avg_simulation_duration": 25.430890000000005,
        "std_simulation_duration": 5.022507700133623,
        "avg_success_rate": 1.0,
        "std_success_rate": 0.0,
        "avg_dead_agents": 13.97,
        "std_dead_agents": 4.4709171318645575,
        "avg_coverage_percentage": 71.05842857142856,
        "std_coverage_percentage": 9.263455540510808,
        "avg_total_trajectory_length": 2502.8,
        "std_total_trajectory_length": 499.40528631563365,
        "avg_total_energy_cost": 3804.4872973782517,
        "std_total_energy_cost": 858.3183916615674,
        "small_cost_avg_of_exp_avg": 76.63696415535475,
        "small_cost_std_of_exp_avg": 11.921407580354986,
        "small_cost_min": 0.0,
        "small_cost_max": 311.53176200871025,
        "small_cost_variance": 3676.5462909550524,
        "large_cost_avg_of_exp_avg": 699.167591793041,
        "large_cost_std_of_exp_avg": 204.06122640128976,
        "large_cost_min": 240.2027957369771,
        "large_cost_max": 1834.3354233178566,
        "large_cost_variance": 78357.55482475624
    },
    "scene_5": {
        "avg_simulation_duration": 21.06955999999985,
        "std_simulation_duration": 3.5898727646534634,
        "avg_success_rate": 1.0,
        "std_success_rate": 0.0,
        "avg_dead_agents": 14.37,
        "std_dead_agents": 2.583234406707994,
        "avg_coverage_percentage": 64.78714285714287,
        "std_coverage_percentage": 9.911904510254736,
        "avg_total_trajectory_length": 1800.61,
        "std_total_trajectory_length": 395.7654329271317,
        "avg_total_energy_cost": 2678.512048161581,
        "std_total_energy_cost": 624.2263966698579,
        "small_cost_avg_of_exp_avg": 56.092640527831165,
        "small_cost_std_of_exp_avg": 11.536590558478393,
        "small_cost_min": 0.0,
        "small_cost_max": 252.78872857773882,
        "small_cost_variance": 2596.220492315707,
        "large_cost_avg_of_exp_avg": 464.3318163660733,
        "large_cost_std_of_exp_avg": 128.68270693708857,
        "large_cost_min": 72.26895150007208,
        "large_cost_max": 1479.950657233056,
        "large_cost_variance": 34244.859510647686
    },
    "scene_6": {
        "avg_simulation_duration": 30.74996000000011,
        "std_simulation_duration": 8.17990504580609,
        "avg_success_rate": 1.0,
        "std_success_rate": 0.0,
        "avg_dead_agents": 17.77,
        "std_dead_agents": 4.632180911838397,
        "avg_coverage_percentage": 78.20885714285713,
        "std_coverage_percentage": 14.681671452973642,
        "avg_total_trajectory_length": 2935.77,
        "std_total_trajectory_length": 852.8734824697037,
        "avg_total_energy_cost": 4581.898876167089,
        "std_total_energy_cost": 1406.8411681340133,
        "small_cost_avg_of_exp_avg": 75.6820367101027,
        "small_cost_std_of_exp_avg": 13.108901450767023,
        "small_cost_min": 0.0,
        "small_cost_max": 401.9642872138983,
        "small_cost_variance": 3583.3190362186538,
        "large_cost_avg_of_exp_avg": 852.8669198205218,
        "large_cost_std_of_exp_avg": 300.5934799023009,
        "large_cost_min": 202.1842226150169,
        "large_cost_max": 2235.3858624801233,
        "large_cost_variance": 117266.25393573329
    }
}