{
    "global_avg_simulation_duration": 26.47801000000001,
    "global_std_simulation_duration": 7.060626740823815,
    "global_avg_success_rate": 1.0,
    "global_std_success_rate": 0.0,
    "global_avg_dead_agents": 15.513333333333334,
    "global_std_dead_agents": 4.53980420527386,
    "global_avg_coverage_percentage": 72.19485714285715,
    "global_std_coverage_percentage": 13.209448770343391,
    "global_avg_total_trajectory_length": 2490.645,
    "global_std_total_trajectory_length": 767.1453441004514,
    "global_avg_total_energy_cost": 3808.444823035566,
    "global_std_total_energy_cost": 1248.1909158144856
}